ID,fold
TRAIN_0000,2
TRAIN_0001,4
TRAIN_0002,1
TRAIN_0003,0
TRAIN_0004,0
TRAIN_0005,2
TRAIN_0006,2
TRAIN_0007,3
TRAIN_0008,4
TRAIN_0009,4
TRAIN_0010,4
TRAIN_0011,4
TRAIN_0012,2
TRAIN_0013,4
TRAIN_0014,3
TRAIN_0015,4
TRAIN_0016,4
TRAIN_0017,4
TRAIN_0018,0
TRAIN_0019,3
TRAIN_0020,1
TRAIN_0021,3
TRAIN_0022,1
TRAIN_0023,1
TRAIN_0024,3
TRAIN_0025,2
TRAIN_0026,4
TRAIN_0027,1
TRAIN_0028,4
TRAIN_0029,3
TRAIN_0030,2
TRAIN_0031,3
TRAIN_0032,1
TRAIN_0033,3
TRAIN_0034,1
TRAIN_0035,2
TRAIN_0036,0
TRAIN_0037,2
TRAIN_0038,1
TRAIN_0039,2
TRAIN_0040,2
TRAIN_0041,2
TRAIN_0042,2
TRAIN_0043,4
TRAIN_0044,4
TRAIN_0045,0
TRAIN_0046,3
TRAIN_0047,4
TRAIN_0048,4
TRAIN_0049,3
TRAIN_0050,4
TRAIN_0051,1
TRAIN_0052,2
TRAIN_0053,0
TRAIN_0054,3
TRAIN_0055,2
TRAIN_0056,2
TRAIN_0057,2
TRAIN_0058,2
TRAIN_0059,1
TRAIN_0060,3
TRAIN_0061,3
TRAIN_0062,0
TRAIN_0063,1
TRAIN_0064,1
TRAIN_0065,4
TRAIN_0066,4
TRAIN_0067,3
TRAIN_0068,3
TRAIN_0069,1
TRAIN_0070,0
TRAIN_0071,2
TRAIN_0072,0
TRAIN_0073,4
TRAIN_0074,1
TRAIN_0075,1
TRAIN_0076,0
TRAIN_0077,4
TRAIN_0078,0
TRAIN_0079,1
TRAIN_0080,2
TRAIN_0081,2
TRAIN_0082,4
TRAIN_0083,3
TRAIN_0084,4
TRAIN_0085,4
TRAIN_0086,3
TRAIN_0087,0
TRAIN_0088,4
TRAIN_0089,1
TRAIN_0090,2
TRAIN_0091,1
TRAIN_0092,4
TRAIN_0093,2
TRAIN_0094,2
TRAIN_0095,3
TRAIN_0096,1
TRAIN_0097,2
TRAIN_0098,4
TRAIN_0099,4
TRAIN_0100,4
TRAIN_0101,0
TRAIN_0102,4
TRAIN_0103,3
TRAIN_0104,1
TRAIN_0105,0
TRAIN_0106,4
TRAIN_0107,1
TRAIN_0108,3
TRAIN_0109,1
TRAIN_0110,0
TRAIN_0111,2
TRAIN_0112,1
TRAIN_0113,0
TRAIN_0114,2
TRAIN_0115,2
TRAIN_0116,3
TRAIN_0117,3
TRAIN_0118,1
TRAIN_0119,3
TRAIN_0120,2
TRAIN_0121,4
TRAIN_0122,0
TRAIN_0123,0
TRAIN_0124,0
TRAIN_0125,0
TRAIN_0126,1
TRAIN_0127,4
TRAIN_0128,3
TRAIN_0129,0
TRAIN_0130,4
TRAIN_0131,4
TRAIN_0132,2
TRAIN_0133,1
TRAIN_0134,2
TRAIN_0135,1
TRAIN_0136,0
TRAIN_0137,1
TRAIN_0138,3
TRAIN_0139,4
TRAIN_0140,2
TRAIN_0141,0
TRAIN_0142,3
TRAIN_0143,4
TRAIN_0144,1
TRAIN_0145,2
TRAIN_0146,0
TRAIN_0147,0
TRAIN_0148,0
TRAIN_0149,3
TRAIN_0150,0
TRAIN_0151,2
TRAIN_0152,3
TRAIN_0153,3
TRAIN_0154,4
TRAIN_0155,2
TRAIN_0156,0
TRAIN_0157,2
TRAIN_0158,2
TRAIN_0159,1
TRAIN_0160,2
TRAIN_0161,3
TRAIN_0162,2
TRAIN_0163,4
TRAIN_0164,3
TRAIN_0165,0
TRAIN_0166,0
TRAIN_0167,2
TRAIN_0168,4
TRAIN_0169,0
TRAIN_0170,1
TRAIN_0171,3
TRAIN_0172,0
TRAIN_0173,0
TRAIN_0174,0
TRAIN_0175,2
TRAIN_0176,1
TRAIN_0177,2
TRAIN_0178,3
TRAIN_0179,1
TRAIN_0180,4
TRAIN_0181,0
TRAIN_0182,2
TRAIN_0183,2
TRAIN_0184,0
TRAIN_0185,1
TRAIN_0186,0
TRAIN_0187,0
TRAIN_0188,1
TRAIN_0189,0
TRAIN_0190,3
TRAIN_0191,2
TRAIN_0192,0
TRAIN_0193,1
TRAIN_0194,1
TRAIN_0195,3
TRAIN_0196,1
TRAIN_0197,3
TRAIN_0198,4
TRAIN_0199,3
TRAIN_0200,0
TRAIN_0201,2
TRAIN_0202,4
TRAIN_0203,0
TRAIN_0204,1
TRAIN_0205,1
TRAIN_0206,1
TRAIN_0207,1
TRAIN_0208,1
TRAIN_0209,1
TRAIN_0210,3
TRAIN_0211,4
TRAIN_0212,4
TRAIN_0213,0
TRAIN_0214,1
TRAIN_0215,3
TRAIN_0216,2
TRAIN_0217,2
TRAIN_0218,2
TRAIN_0219,0
TRAIN_0220,2
TRAIN_0221,4
TRAIN_0222,1
TRAIN_0223,3
TRAIN_0224,2
TRAIN_0225,2
TRAIN_0226,0
TRAIN_0227,1
TRAIN_0228,4
TRAIN_0229,3
TRAIN_0230,2
TRAIN_0231,2
TRAIN_0232,1
TRAIN_0233,3
TRAIN_0234,2
TRAIN_0235,3
TRAIN_0236,0
TRAIN_0237,3
TRAIN_0238,1
TRAIN_0239,2
TRAIN_0240,1
TRAIN_0241,3
TRAIN_0242,1
TRAIN_0243,0
TRAIN_0244,2
TRAIN_0245,0
TRAIN_0246,1
TRAIN_0247,0
TRAIN_0248,4
TRAIN_0249,2
TRAIN_0250,3
TRAIN_0251,4
TRAIN_0252,1
TRAIN_0253,4
TRAIN_0254,0
TRAIN_0255,1
TRAIN_0256,1
TRAIN_0257,0
TRAIN_0258,4
TRAIN_0259,2
TRAIN_0260,2
TRAIN_0261,1
TRAIN_0262,1
TRAIN_0263,2
TRAIN_0264,3
TRAIN_0265,4
TRAIN_0266,3
TRAIN_0267,3
TRAIN_0268,1
TRAIN_0269,4
TRAIN_0270,2
TRAIN_0271,3
TRAIN_0272,2
TRAIN_0273,2
TRAIN_0274,1
TRAIN_0275,0
TRAIN_0276,3
TRAIN_0277,2
TRAIN_0278,3
TRAIN_0279,0
TRAIN_0280,4
TRAIN_0281,3
TRAIN_0282,4
TRAIN_0283,3
TRAIN_0284,0
TRAIN_0285,3
TRAIN_0286,3
TRAIN_0287,2
TRAIN_0288,3
TRAIN_0289,0
TRAIN_0290,2
TRAIN_0291,4
TRAIN_0292,1
TRAIN_0293,0
TRAIN_0294,0
TRAIN_0295,2
TRAIN_0296,0
TRAIN_0297,3
TRAIN_0298,4
TRAIN_0299,4
TRAIN_0300,0
TRAIN_0301,3
TRAIN_0302,3
TRAIN_0303,0
TRAIN_0304,2
TRAIN_0305,0
TRAIN_0306,4
TRAIN_0307,2
TRAIN_0308,0
TRAIN_0309,1
TRAIN_0310,2
TRAIN_0311,1
TRAIN_0312,2
TRAIN_0313,3
TRAIN_0314,2
TRAIN_0315,1
TRAIN_0316,1
TRAIN_0317,3
TRAIN_0318,1
TRAIN_0319,3
TRAIN_0320,4
TRAIN_0321,2
TRAIN_0322,2
TRAIN_0323,0
TRAIN_0324,0
TRAIN_0325,1
TRAIN_0326,4
TRAIN_0327,2
TRAIN_0328,2
TRAIN_0329,0
TRAIN_0330,1
TRAIN_0331,1
TRAIN_0332,2
TRAIN_0333,0
TRAIN_0334,2
TRAIN_0335,4
TRAIN_0336,0
TRAIN_0337,0
TRAIN_0338,0
TRAIN_0339,0
TRAIN_0340,1
TRAIN_0341,4
TRAIN_0342,3
TRAIN_0343,3
TRAIN_0344,1
TRAIN_0345,0
TRAIN_0346,0
TRAIN_0347,0
TRAIN_0348,4
TRAIN_0349,4
TRAIN_0350,1
TRAIN_0351,2
TRAIN_0352,3
TRAIN_0353,4
TRAIN_0354,0
TRAIN_0355,1
TRAIN_0356,1
TRAIN_0357,0
TRAIN_0358,0
TRAIN_0359,3
TRAIN_0360,2
TRAIN_0361,4
TRAIN_0362,0
TRAIN_0363,3
TRAIN_0364,3
TRAIN_0365,2
TRAIN_0366,2
TRAIN_0367,3
TRAIN_0368,3
TRAIN_0369,0
TRAIN_0370,0
TRAIN_0371,1
TRAIN_0372,0
TRAIN_0373,0
TRAIN_0374,3
TRAIN_0375,3
TRAIN_0376,0
TRAIN_0377,3
TRAIN_0378,3
TRAIN_0379,0
TRAIN_0380,2
TRAIN_0381,4
TRAIN_0382,1
TRAIN_0383,2
TRAIN_0384,4
TRAIN_0385,4
TRAIN_0386,1
TRAIN_0387,0
TRAIN_0388,2
TRAIN_0389,3
TRAIN_0390,0
TRAIN_0391,0
TRAIN_0392,0
TRAIN_0393,0
TRAIN_0394,4
TRAIN_0395,0
TRAIN_0396,4
TRAIN_0397,3
TRAIN_0398,0
TRAIN_0399,0
TRAIN_0400,1
TRAIN_0401,2
TRAIN_0402,1
TRAIN_0403,0
TRAIN_0404,4
TRAIN_0405,4
TRAIN_0406,0
TRAIN_0407,2
TRAIN_0408,2
TRAIN_0409,2
TRAIN_0410,4
TRAIN_0411,1
TRAIN_0412,2
TRAIN_0413,2
TRAIN_0414,3
TRAIN_0415,3
TRAIN_0416,1
TRAIN_0417,1
TRAIN_0418,2
TRAIN_0419,4
TRAIN_0420,1
TRAIN_0421,2
TRAIN_0422,3
TRAIN_0423,0
TRAIN_0424,1
TRAIN_0425,4
TRAIN_0426,3
TRAIN_0427,2
TRAIN_0428,1
TRAIN_0429,0
TRAIN_0430,4
TRAIN_0431,0
TRAIN_0432,3
TRAIN_0433,3
TRAIN_0434,3
TRAIN_0435,2
TRAIN_0436,0
TRAIN_0437,4
TRAIN_0438,0
TRAIN_0439,0
TRAIN_0440,3
TRAIN_0441,4
TRAIN_0442,1
TRAIN_0443,4
TRAIN_0444,1
TRAIN_0445,2
TRAIN_0446,3
TRAIN_0447,1
TRAIN_0448,2
TRAIN_0449,3
TRAIN_0450,1
TRAIN_0451,3
TRAIN_0452,0
TRAIN_0453,3
TRAIN_0454,2
TRAIN_0455,2
TRAIN_0456,3
TRAIN_0457,3
TRAIN_0458,2
TRAIN_0459,4
TRAIN_0460,2
TRAIN_0461,4
TRAIN_0462,4
TRAIN_0463,0
TRAIN_0464,0
TRAIN_0465,1
TRAIN_0466,0
TRAIN_0467,0
TRAIN_0468,4
TRAIN_0469,0
TRAIN_0470,2
TRAIN_0471,4
TRAIN_0472,3
TRAIN_0473,0
TRAIN_0474,1
TRAIN_0475,2
TRAIN_0476,0
TRAIN_0477,2
TRAIN_0478,0
TRAIN_0479,3
TRAIN_0480,3
TRAIN_0481,2
TRAIN_0482,3
TRAIN_0483,0
TRAIN_0484,0
TRAIN_0485,1
TRAIN_0486,2
TRAIN_0487,2
TRAIN_0488,2
TRAIN_0489,2
TRAIN_0490,0
TRAIN_0491,3
TRAIN_0492,4
TRAIN_0493,4
TRAIN_0494,4
TRAIN_0495,2
TRAIN_0496,1
TRAIN_0497,4
TRAIN_0498,2
TRAIN_0499,4
TRAIN_0500,3
TRAIN_0501,4
TRAIN_0502,1
TRAIN_0503,2
TRAIN_0504,1
TRAIN_0505,1
TRAIN_0506,3
TRAIN_0507,2
TRAIN_0508,1
TRAIN_0509,1
TRAIN_0510,4
TRAIN_0511,2
TRAIN_0512,0
TRAIN_0513,3
TRAIN_0514,4
TRAIN_0515,1
TRAIN_0516,2
TRAIN_0517,3
TRAIN_0518,0
TRAIN_0519,3
TRAIN_0520,4
TRAIN_0521,3
TRAIN_0522,0
TRAIN_0523,3
TRAIN_0524,2
TRAIN_0525,1
TRAIN_0526,3
TRAIN_0527,2
TRAIN_0528,2
TRAIN_0529,1
TRAIN_0530,2
TRAIN_0531,1
TRAIN_0532,2
TRAIN_0533,1
TRAIN_0534,4
TRAIN_0535,4
TRAIN_0536,1
TRAIN_0537,4
TRAIN_0538,2
TRAIN_0539,3
TRAIN_0540,3
TRAIN_0541,3
TRAIN_0542,2
TRAIN_0543,4
TRAIN_0544,0
TRAIN_0545,0
TRAIN_0546,1
TRAIN_0547,0
TRAIN_0548,3
TRAIN_0549,3
TRAIN_0550,2
TRAIN_0551,4
TRAIN_0552,4
TRAIN_0553,2
TRAIN_0554,0
TRAIN_0555,3
TRAIN_0556,3
TRAIN_0557,2
TRAIN_0558,4
TRAIN_0559,4
TRAIN_0560,4
TRAIN_0561,1
TRAIN_0562,2
TRAIN_0563,3
TRAIN_0564,4
TRAIN_0565,2
TRAIN_0566,2
TRAIN_0567,4
TRAIN_0568,0
TRAIN_0569,1
TRAIN_0570,3
TRAIN_0571,2
TRAIN_0572,2
TRAIN_0573,2
TRAIN_0574,3
TRAIN_0575,3
TRAIN_0576,2
TRAIN_0577,2
TRAIN_0578,0
TRAIN_0579,1
TRAIN_0580,2
TRAIN_0581,0
TRAIN_0582,3
TRAIN_0583,0
TRAIN_0584,3
TRAIN_0585,0
TRAIN_0586,4
TRAIN_0587,2
TRAIN_0588,3
TRAIN_0589,2
TRAIN_0590,0
TRAIN_0591,4
TRAIN_0592,0
TRAIN_0593,4
TRAIN_0594,2
TRAIN_0595,4
TRAIN_0596,0
TRAIN_0597,0
TRAIN_0598,1
TRAIN_0599,2
TRAIN_0600,3
TRAIN_0601,0
TRAIN_0602,0
TRAIN_0603,1
TRAIN_0604,4
TRAIN_0605,2
TRAIN_0606,4
TRAIN_0607,2
TRAIN_0608,1
TRAIN_0609,2
TRAIN_0610,4
TRAIN_0611,4
TRAIN_0612,0
TRAIN_0613,4
TRAIN_0614,1
TRAIN_0615,4
TRAIN_0616,1
TRAIN_0617,3
TRAIN_0618,3
TRAIN_0619,2
TRAIN_0620,2
TRAIN_0621,2
TRAIN_0622,4
TRAIN_0623,1
TRAIN_0624,4
TRAIN_0625,3
TRAIN_0626,4
TRAIN_0627,3
TRAIN_0628,0
TRAIN_0629,2
TRAIN_0630,1
TRAIN_0631,2
TRAIN_0632,0
TRAIN_0633,0
TRAIN_0634,4
TRAIN_0635,1
TRAIN_0636,1
TRAIN_0637,2
TRAIN_0638,0
TRAIN_0639,0
TRAIN_0640,4
TRAIN_0641,0
TRAIN_0642,0
TRAIN_0643,2
TRAIN_0644,1
TRAIN_0645,0
TRAIN_0646,2
TRAIN_0647,4
TRAIN_0648,3
TRAIN_0649,4
TRAIN_0650,1
TRAIN_0651,2
TRAIN_0652,2
TRAIN_0653,0
TRAIN_0654,0
TRAIN_0655,1
TRAIN_0656,0
TRAIN_0657,1
TRAIN_0658,3
TRAIN_0659,3
TRAIN_0660,3
TRAIN_0661,4
TRAIN_0662,0
TRAIN_0663,4
TRAIN_0664,2
TRAIN_0665,3
TRAIN_0666,2
TRAIN_0667,3
TRAIN_0668,3
TRAIN_0669,2
TRAIN_0670,1
TRAIN_0671,4
TRAIN_0672,2
TRAIN_0673,2
TRAIN_0674,1
TRAIN_0675,1
TRAIN_0676,2
TRAIN_0677,0
TRAIN_0678,1
TRAIN_0679,3
TRAIN_0680,3
TRAIN_0681,4
TRAIN_0682,2
TRAIN_0683,1
TRAIN_0684,4
TRAIN_0685,2
TRAIN_0686,2
TRAIN_0687,0
TRAIN_0688,0
TRAIN_0689,2
TRAIN_0690,3
TRAIN_0691,0
TRAIN_0692,1
TRAIN_0693,0
TRAIN_0694,3
TRAIN_0695,4
TRAIN_0696,4
TRAIN_0697,2
TRAIN_0698,3
TRAIN_0699,1
TRAIN_0700,3
TRAIN_0701,1
TRAIN_0702,3
TRAIN_0703,0
TRAIN_0704,1
TRAIN_0705,4
TRAIN_0706,2
TRAIN_0707,1
TRAIN_0708,1
TRAIN_0709,1
TRAIN_0710,0
TRAIN_0711,0
TRAIN_0712,3
TRAIN_0713,3
TRAIN_0714,0
TRAIN_0715,0
TRAIN_0716,4
TRAIN_0717,2
TRAIN_0718,4
TRAIN_0719,2
TRAIN_0720,4
TRAIN_0721,4
TRAIN_0722,3
TRAIN_0723,3
TRAIN_0724,1
TRAIN_0725,3
TRAIN_0726,0
TRAIN_0727,3
TRAIN_0728,3
TRAIN_0729,3
TRAIN_0730,2
TRAIN_0731,2
TRAIN_0732,4
TRAIN_0733,4
TRAIN_0734,0
TRAIN_0735,4
TRAIN_0736,2
TRAIN_0737,3
TRAIN_0738,0
TRAIN_0739,0
TRAIN_0740,0
TRAIN_0741,0
TRAIN_0742,0
TRAIN_0743,3
TRAIN_0744,4
TRAIN_0745,0
TRAIN_0746,2
TRAIN_0747,1
TRAIN_0748,4
TRAIN_0749,1
TRAIN_0750,1
TRAIN_0751,2
TRAIN_0752,3
TRAIN_0753,2
TRAIN_0754,4
TRAIN_0755,2
TRAIN_0756,4
TRAIN_0757,4
TRAIN_0758,1
TRAIN_0759,0
TRAIN_0760,3
TRAIN_0761,4
TRAIN_0762,4
TRAIN_0763,1
TRAIN_0764,4
TRAIN_0765,0
TRAIN_0766,0
TRAIN_0767,4
TRAIN_0768,0
TRAIN_0769,4
TRAIN_0770,0
TRAIN_0771,4
TRAIN_0772,1
TRAIN_0773,1
TRAIN_0774,3
TRAIN_0775,3
TRAIN_0776,3
TRAIN_0777,4
TRAIN_0778,0
TRAIN_0779,2
TRAIN_0780,2
TRAIN_0781,4
TRAIN_0782,1
TRAIN_0783,2
TRAIN_0784,2
TRAIN_0785,0
TRAIN_0786,2
TRAIN_0787,0
TRAIN_0788,2
TRAIN_0789,2
TRAIN_0790,3
TRAIN_0791,3
TRAIN_0792,0
TRAIN_0793,1
TRAIN_0794,0
TRAIN_0795,0
TRAIN_0796,3
TRAIN_0797,1
TRAIN_0798,3
TRAIN_0799,0
TRAIN_0800,3
TRAIN_0801,2
TRAIN_0802,1
TRAIN_0803,4
TRAIN_0804,3
TRAIN_0805,2
TRAIN_0806,0
TRAIN_0807,4
TRAIN_0808,0
TRAIN_0809,0
TRAIN_0810,3
TRAIN_0811,1
TRAIN_0812,1
TRAIN_0813,4
TRAIN_0814,2
TRAIN_0815,3
TRAIN_0816,2
TRAIN_0817,0
TRAIN_0818,4
TRAIN_0819,0
TRAIN_0820,4
TRAIN_0821,2
TRAIN_0822,0
TRAIN_0823,4
TRAIN_0824,4
TRAIN_0825,1
TRAIN_0826,1
TRAIN_0827,2
TRAIN_0828,1
TRAIN_0829,2
TRAIN_0830,1
TRAIN_0831,2
TRAIN_0832,2
TRAIN_0833,0
TRAIN_0834,1
TRAIN_0835,1
TRAIN_0836,4
TRAIN_0837,3
TRAIN_0838,1
TRAIN_0839,2
TRAIN_0840,0
TRAIN_0841,0
TRAIN_0842,3
TRAIN_0843,2
TRAIN_0844,1
TRAIN_0845,2
TRAIN_0846,0
TRAIN_0847,3
TRAIN_0848,3
TRAIN_0849,0
TRAIN_0850,2
TRAIN_0851,4
TRAIN_0852,3
TRAIN_0853,2
TRAIN_0854,3
TRAIN_0855,0
TRAIN_0856,1
TRAIN_0857,4
TRAIN_0858,2
TRAIN_0859,0
TRAIN_0860,4
TRAIN_0861,2
TRAIN_0862,3
TRAIN_0863,3
TRAIN_0864,1
TRAIN_0865,2
TRAIN_0866,2
TRAIN_0867,0
TRAIN_0868,4
TRAIN_0869,0
TRAIN_0870,0
TRAIN_0871,3
TRAIN_0872,0
TRAIN_0873,3
TRAIN_0874,0
TRAIN_0875,4
TRAIN_0876,3
TRAIN_0877,1
TRAIN_0878,0
TRAIN_0879,2
TRAIN_0880,0
TRAIN_0881,4
TRAIN_0882,2
TRAIN_0883,4
TRAIN_0884,4
TRAIN_0885,0
TRAIN_0886,4
TRAIN_0887,1
TRAIN_0888,4
TRAIN_0889,1
TRAIN_0890,3
TRAIN_0891,1
TRAIN_0892,1
TRAIN_0893,1
TRAIN_0894,0
TRAIN_0895,0
TRAIN_0896,1
TRAIN_0897,2
TRAIN_0898,3
TRAIN_0899,4
TRAIN_0900,4
TRAIN_0901,3
TRAIN_0902,3
TRAIN_0903,4
TRAIN_0904,3
TRAIN_0905,0
TRAIN_0906,3
TRAIN_0907,1
TRAIN_0908,2
TRAIN_0909,2
TRAIN_0910,3
TRAIN_0911,3
TRAIN_0912,0
TRAIN_0913,1
TRAIN_0914,3
TRAIN_0915,3
TRAIN_0916,0
TRAIN_0917,1
TRAIN_0918,2
TRAIN_0919,4
TRAIN_0920,3
TRAIN_0921,4
TRAIN_0922,3
TRAIN_0923,4
TRAIN_0924,1
TRAIN_0925,3
TRAIN_0926,1
TRAIN_0927,0
TRAIN_0928,3
TRAIN_0929,0
TRAIN_0930,1
TRAIN_0931,2
TRAIN_0932,2
TRAIN_0933,1
TRAIN_0934,4
TRAIN_0935,3
TRAIN_0936,0
TRAIN_0937,3
TRAIN_0938,2
TRAIN_0939,2
TRAIN_0940,0
TRAIN_0941,2
TRAIN_0942,3
TRAIN_0943,0
TRAIN_0944,0
TRAIN_0945,2
TRAIN_0946,4
TRAIN_0947,3
TRAIN_0948,1
TRAIN_0949,0
TRAIN_0950,2
TRAIN_0951,2
TRAIN_0952,1
TRAIN_0953,0
TRAIN_0954,4
TRAIN_0955,2
TRAIN_0956,4
TRAIN_0957,1
TRAIN_0958,3
TRAIN_0959,1
TRAIN_0960,0
TRAIN_0961,1
TRAIN_0962,4
TRAIN_0963,2
TRAIN_0964,0
TRAIN_0965,3
TRAIN_0966,2
TRAIN_0967,1
TRAIN_0968,3
TRAIN_0969,2
TRAIN_0970,2
TRAIN_0971,3
TRAIN_0972,1
TRAIN_0973,3
TRAIN_0974,1
TRAIN_0975,1
TRAIN_0976,3
TRAIN_0977,0
TRAIN_0978,4
TRAIN_0979,2
TRAIN_0980,4
TRAIN_0981,1
TRAIN_0982,2
TRAIN_0983,0
TRAIN_0984,0
TRAIN_0985,4
TRAIN_0986,1
TRAIN_0987,0
TRAIN_0988,3
TRAIN_0989,2
TRAIN_0990,4
TRAIN_0991,1
TRAIN_0992,1
TRAIN_0993,2
TRAIN_0994,4
TRAIN_0995,0
TRAIN_0996,4
TRAIN_0997,0
TRAIN_0998,4
TRAIN_0999,2
TRAIN_1000,1
TRAIN_1001,2
TRAIN_1002,4
TRAIN_1003,3
TRAIN_1004,4
TRAIN_1005,1
TRAIN_1006,4
TRAIN_1007,3
TRAIN_1008,3
TRAIN_1009,0
TRAIN_1010,3
TRAIN_1011,4
TRAIN_1012,2
TRAIN_1013,0
TRAIN_1014,0
TRAIN_1015,4
TRAIN_1016,2
TRAIN_1017,2
TRAIN_1018,2
TRAIN_1019,1
TRAIN_1020,0
TRAIN_1021,2
TRAIN_1022,1
TRAIN_1023,0
TRAIN_1024,1
TRAIN_1025,2
TRAIN_1026,1
TRAIN_1027,2
TRAIN_1028,0
TRAIN_1029,0
TRAIN_1030,3
TRAIN_1031,1
TRAIN_1032,3
TRAIN_1033,4
TRAIN_1034,0
TRAIN_1035,2
TRAIN_1036,1
TRAIN_1037,2
TRAIN_1038,4
TRAIN_1039,2
TRAIN_1040,0
TRAIN_1041,2
TRAIN_1042,3
TRAIN_1043,3
TRAIN_1044,0
TRAIN_1045,1
TRAIN_1046,2
TRAIN_1047,3
TRAIN_1048,4
TRAIN_1049,0
TRAIN_1050,3
TRAIN_1051,4
TRAIN_1052,0
TRAIN_1053,4
TRAIN_1054,1
TRAIN_1055,3
TRAIN_1056,0
TRAIN_1057,1
TRAIN_1058,0
TRAIN_1059,4
TRAIN_1060,3
TRAIN_1061,2
TRAIN_1062,3
TRAIN_1063,4
TRAIN_1064,4
TRAIN_1065,4
TRAIN_1066,0
TRAIN_1067,2
TRAIN_1068,3
TRAIN_1069,0
TRAIN_1070,1
TRAIN_1071,4
TRAIN_1072,3
TRAIN_1073,1
TRAIN_1074,4
TRAIN_1075,1
TRAIN_1076,2
TRAIN_1077,2
TRAIN_1078,4
TRAIN_1079,1
TRAIN_1080,0
TRAIN_1081,2
TRAIN_1082,0
TRAIN_1083,1
TRAIN_1084,0
TRAIN_1085,1
TRAIN_1086,1
TRAIN_1087,4
TRAIN_1088,0
TRAIN_1089,2
TRAIN_1090,0
TRAIN_1091,0
TRAIN_1092,2
TRAIN_1093,4
TRAIN_1094,1
TRAIN_1095,1
TRAIN_1096,3
TRAIN_1097,2
TRAIN_1098,4
TRAIN_1099,3
TRAIN_1100,0
TRAIN_1101,4
TRAIN_1102,1
TRAIN_1103,3
TRAIN_1104,4
TRAIN_1105,4
TRAIN_1106,2
TRAIN_1107,3
TRAIN_1108,4
TRAIN_1109,3
TRAIN_1110,4
TRAIN_1111,3
TRAIN_1112,4
TRAIN_1113,4
TRAIN_1114,3
TRAIN_1115,1
TRAIN_1116,2
TRAIN_1117,4
TRAIN_1118,3
TRAIN_1119,4
TRAIN_1120,3
TRAIN_1121,4
TRAIN_1122,4
TRAIN_1123,2
TRAIN_1124,1
TRAIN_1125,3
TRAIN_1126,0
TRAIN_1127,0
TRAIN_1128,2
TRAIN_1129,2
TRAIN_1130,4
TRAIN_1131,4
TRAIN_1132,3
TRAIN_1133,2
TRAIN_1134,0
TRAIN_1135,1
TRAIN_1136,3
TRAIN_1137,4
TRAIN_1138,2
TRAIN_1139,4
TRAIN_1140,3
TRAIN_1141,4
TRAIN_1142,3
TRAIN_1143,1
TRAIN_1144,0
TRAIN_1145,3
TRAIN_1146,1
TRAIN_1147,2
TRAIN_1148,3
TRAIN_1149,3
TRAIN_1150,3
TRAIN_1151,1
TRAIN_1152,2
TRAIN_1153,4
TRAIN_1154,0
TRAIN_1155,0
TRAIN_1156,1
TRAIN_1157,1
TRAIN_1158,2
TRAIN_1159,4
TRAIN_1160,1
TRAIN_1161,4
TRAIN_1162,0
TRAIN_1163,3
TRAIN_1164,3
TRAIN_1165,2
TRAIN_1166,4
TRAIN_1167,4
TRAIN_1168,0
TRAIN_1169,4
TRAIN_1170,3
TRAIN_1171,3
TRAIN_1172,3
TRAIN_1173,1
TRAIN_1174,0
TRAIN_1175,3
TRAIN_1176,1
TRAIN_1177,4
TRAIN_1178,1
TRAIN_1179,1
TRAIN_1180,4
TRAIN_1181,3
TRAIN_1182,3
TRAIN_1183,2
TRAIN_1184,1
TRAIN_1185,0
TRAIN_1186,2
TRAIN_1187,4
TRAIN_1188,3
TRAIN_1189,1
TRAIN_1190,4
TRAIN_1191,0
TRAIN_1192,2
TRAIN_1193,1
TRAIN_1194,2
TRAIN_1195,4
TRAIN_1196,4
TRAIN_1197,0
TRAIN_1198,2
TRAIN_1199,3
TRAIN_1200,0
TRAIN_1201,2
TRAIN_1202,4
TRAIN_1203,1
TRAIN_1204,3
TRAIN_1205,3
TRAIN_1206,3
TRAIN_1207,1
TRAIN_1208,0
TRAIN_1209,0
TRAIN_1210,1
TRAIN_1211,1
TRAIN_1212,3
TRAIN_1213,2
TRAIN_1214,1
TRAIN_1215,4
TRAIN_1216,1
TRAIN_1217,4
TRAIN_1218,0
TRAIN_1219,2
TRAIN_1220,1
TRAIN_1221,1
TRAIN_1222,3
TRAIN_1223,0
TRAIN_1224,2
TRAIN_1225,2
TRAIN_1226,1
TRAIN_1227,2
TRAIN_1228,4
TRAIN_1229,4
TRAIN_1230,4
TRAIN_1231,4
TRAIN_1232,2
TRAIN_1233,4
TRAIN_1234,1
TRAIN_1235,1
TRAIN_1236,4
TRAIN_1237,0
TRAIN_1238,0
TRAIN_1239,2
TRAIN_1240,3
TRAIN_1241,4
TRAIN_1242,4
TRAIN_1243,4
TRAIN_1244,2
TRAIN_1245,0
TRAIN_1246,0
TRAIN_1247,3
TRAIN_1248,2
TRAIN_1249,2
TRAIN_1250,0
TRAIN_1251,4
TRAIN_1252,3
TRAIN_1253,0
TRAIN_1254,4
TRAIN_1255,3
TRAIN_1256,2
TRAIN_1257,3
TRAIN_1258,2
TRAIN_1259,3
TRAIN_1260,2
TRAIN_1261,3
TRAIN_1262,1
TRAIN_1263,4
TRAIN_1264,4
TRAIN_1265,3
TRAIN_1266,2
TRAIN_1267,4
TRAIN_1268,3
TRAIN_1269,2
TRAIN_1270,1
TRAIN_1271,1
TRAIN_1272,3
TRAIN_1273,0
TRAIN_1274,2
TRAIN_1275,2
TRAIN_1276,2
TRAIN_1277,3
TRAIN_1278,1
TRAIN_1279,2
TRAIN_1280,1
TRAIN_1281,4
TRAIN_1282,2
TRAIN_1283,3
TRAIN_1284,2
TRAIN_1285,2
TRAIN_1286,2
TRAIN_1287,4
TRAIN_1288,4
TRAIN_1289,1
TRAIN_1290,0
TRAIN_1291,4
TRAIN_1292,3
TRAIN_1293,2
TRAIN_1294,0
TRAIN_1295,0
TRAIN_1296,3
TRAIN_1297,0
TRAIN_1298,4
TRAIN_1299,0
TRAIN_1300,0
TRAIN_1301,3
TRAIN_1302,3
TRAIN_1303,3
TRAIN_1304,1
TRAIN_1305,4
TRAIN_1306,1
TRAIN_1307,0
TRAIN_1308,0
TRAIN_1309,0
TRAIN_1310,1
TRAIN_1311,4
TRAIN_1312,4
TRAIN_1313,2
TRAIN_1314,1
TRAIN_1315,2
TRAIN_1316,3
TRAIN_1317,0
TRAIN_1318,1
TRAIN_1319,3
TRAIN_1320,2
TRAIN_1321,1
TRAIN_1322,4
TRAIN_1323,3
TRAIN_1324,4
TRAIN_1325,1
TRAIN_1326,3
TRAIN_1327,2
TRAIN_1328,1
TRAIN_1329,1
TRAIN_1330,4
TRAIN_1331,3
TRAIN_1332,4
TRAIN_1333,1
TRAIN_1334,3
TRAIN_1335,1
TRAIN_1336,1
TRAIN_1337,0
TRAIN_1338,2
TRAIN_1339,0
TRAIN_1340,3
TRAIN_1341,3
TRAIN_1342,3
TRAIN_1343,0
TRAIN_1344,4
TRAIN_1345,4
TRAIN_1346,4
TRAIN_1347,4
TRAIN_1348,0
TRAIN_1349,1
TRAIN_1350,2
TRAIN_1351,4
TRAIN_1352,0
TRAIN_1353,3
TRAIN_1354,2
TRAIN_1355,3
TRAIN_1356,1
TRAIN_1357,4
TRAIN_1358,2
TRAIN_1359,0
TRAIN_1360,3
TRAIN_1361,4
TRAIN_1362,4
TRAIN_1363,0
TRAIN_1364,3
TRAIN_1365,1
TRAIN_1366,0
TRAIN_1367,0
TRAIN_1368,0
TRAIN_1369,1
TRAIN_1370,1
TRAIN_1371,4
TRAIN_1372,0
TRAIN_1373,3
TRAIN_1374,3
TRAIN_1375,0
TRAIN_1376,0
TRAIN_1377,4
TRAIN_1378,2
TRAIN_1379,4
TRAIN_1380,1
TRAIN_1381,2
TRAIN_1382,3
TRAIN_1383,3
TRAIN_1384,2
TRAIN_1385,4
TRAIN_1386,1
TRAIN_1387,0
TRAIN_1388,0
TRAIN_1389,4
TRAIN_1390,2
TRAIN_1391,4
TRAIN_1392,0
TRAIN_1393,3
TRAIN_1394,3
TRAIN_1395,4
TRAIN_1396,3
TRAIN_1397,0
TRAIN_1398,0
TRAIN_1399,0
TRAIN_1400,4
TRAIN_1401,2
TRAIN_1402,1
TRAIN_1403,2
TRAIN_1404,1
TRAIN_1405,2
TRAIN_1406,1
TRAIN_1407,4
TRAIN_1408,2
TRAIN_1409,3
TRAIN_1410,4
TRAIN_1411,3
TRAIN_1412,0
TRAIN_1413,3
TRAIN_1414,1
TRAIN_1415,4
TRAIN_1416,3
TRAIN_1417,4
TRAIN_1418,4
TRAIN_1419,0
TRAIN_1420,2
TRAIN_1421,4
TRAIN_1422,2
TRAIN_1423,2
TRAIN_1424,2
TRAIN_1425,2
TRAIN_1426,0
TRAIN_1427,3
TRAIN_1428,1
TRAIN_1429,0
TRAIN_1430,3
TRAIN_1431,2
TRAIN_1432,2
TRAIN_1433,4
TRAIN_1434,1
TRAIN_1435,4
TRAIN_1436,3
TRAIN_1437,0
TRAIN_1438,2
TRAIN_1439,3
TRAIN_1440,0
TRAIN_1441,2
TRAIN_1442,4
TRAIN_1443,1
TRAIN_1444,1
TRAIN_1445,1
TRAIN_1446,1
TRAIN_1447,3
TRAIN_1448,1
TRAIN_1449,3
TRAIN_1450,2
TRAIN_1451,3
TRAIN_1452,0
TRAIN_1453,4
TRAIN_1454,1
TRAIN_1455,1
TRAIN_1456,3
TRAIN_1457,4
TRAIN_1458,1
TRAIN_1459,4
TRAIN_1460,2
TRAIN_1461,3
TRAIN_1462,3
TRAIN_1463,0
TRAIN_1464,3
TRAIN_1465,4
TRAIN_1466,0
TRAIN_1467,3
TRAIN_1468,2
TRAIN_1469,3
TRAIN_1470,2
TRAIN_1471,4
TRAIN_1472,4
TRAIN_1473,3
TRAIN_1474,1
TRAIN_1475,2
TRAIN_1476,2
TRAIN_1477,1
TRAIN_1478,2
TRAIN_1479,3
TRAIN_1480,4
TRAIN_1481,3
TRAIN_1482,2
TRAIN_1483,0
TRAIN_1484,1
TRAIN_1485,4
TRAIN_1486,3
TRAIN_1487,0
TRAIN_1488,2
TRAIN_1489,2
TRAIN_1490,0
TRAIN_1491,4
TRAIN_1492,3
TRAIN_1493,1
TRAIN_1494,0
TRAIN_1495,4
TRAIN_1496,1
TRAIN_1497,0
TRAIN_1498,3
TRAIN_1499,3
TRAIN_1500,2
TRAIN_1501,1
TRAIN_1502,3
TRAIN_1503,1
TRAIN_1504,0
TRAIN_1505,2
TRAIN_1506,3
TRAIN_1507,0
TRAIN_1508,3
TRAIN_1509,3
TRAIN_1510,0
TRAIN_1511,0
TRAIN_1512,0
TRAIN_1513,1
TRAIN_1514,1
TRAIN_1515,0
TRAIN_1516,2
TRAIN_1517,4
TRAIN_1518,3
TRAIN_1519,1
TRAIN_1520,2
TRAIN_1521,2
TRAIN_1522,2
TRAIN_1523,1
TRAIN_1524,1
TRAIN_1525,0
TRAIN_1526,2
TRAIN_1527,0
TRAIN_1528,3
TRAIN_1529,2
TRAIN_1530,1
TRAIN_1531,2
TRAIN_1532,3
TRAIN_1533,0
TRAIN_1534,0
TRAIN_1535,3
TRAIN_1536,2
TRAIN_1537,3
TRAIN_1538,0
TRAIN_1539,0
TRAIN_1540,0
TRAIN_1541,3
TRAIN_1542,3
TRAIN_1543,1
TRAIN_1544,3
TRAIN_1545,2
TRAIN_1546,1
TRAIN_1547,2
TRAIN_1548,3
TRAIN_1549,2
TRAIN_1550,3
TRAIN_1551,4
TRAIN_1552,3
TRAIN_1553,3
TRAIN_1554,3
TRAIN_1555,1
TRAIN_1556,2
TRAIN_1557,3
TRAIN_1558,0
TRAIN_1559,2
TRAIN_1560,2
TRAIN_1561,3
TRAIN_1562,3
TRAIN_1563,4
TRAIN_1564,1
TRAIN_1565,0
TRAIN_1566,4
TRAIN_1567,4
TRAIN_1568,3
TRAIN_1569,4
TRAIN_1570,4
TRAIN_1571,0
TRAIN_1572,2
TRAIN_1573,0
TRAIN_1574,1
TRAIN_1575,4
TRAIN_1576,3
TRAIN_1577,4
TRAIN_1578,3
TRAIN_1579,4
TRAIN_1580,2
TRAIN_1581,0
TRAIN_1582,2
TRAIN_1583,2
TRAIN_1584,2
TRAIN_1585,1
TRAIN_1586,0
TRAIN_1587,4
TRAIN_1588,4
TRAIN_1589,1
TRAIN_1590,4
TRAIN_1591,3
TRAIN_1592,1
TRAIN_1593,3
TRAIN_1594,0
TRAIN_1595,2
TRAIN_1596,2
TRAIN_1597,1
TRAIN_1598,2
TRAIN_1599,0
TRAIN_1600,0
TRAIN_1601,2
TRAIN_1602,4
TRAIN_1603,3
TRAIN_1604,0
TRAIN_1605,3
TRAIN_1606,0
TRAIN_1607,2
TRAIN_1608,0
TRAIN_1609,2
TRAIN_1610,2
TRAIN_1611,0
TRAIN_1612,2
TRAIN_1613,4
TRAIN_1614,4
TRAIN_1615,4
TRAIN_1616,2
TRAIN_1617,1
TRAIN_1618,1
TRAIN_1619,1
TRAIN_1620,4
TRAIN_1621,2
TRAIN_1622,4
TRAIN_1623,4
TRAIN_1624,2
TRAIN_1625,1
TRAIN_1626,4
TRAIN_1627,0
TRAIN_1628,0
TRAIN_1629,3
TRAIN_1630,2
TRAIN_1631,0
TRAIN_1632,4
TRAIN_1633,3
TRAIN_1634,4
TRAIN_1635,1
TRAIN_1636,1
TRAIN_1637,0
TRAIN_1638,2
TRAIN_1639,3
TRAIN_1640,1
TRAIN_1641,0
TRAIN_1642,1
TRAIN_1643,4
TRAIN_1644,4
TRAIN_1645,1
TRAIN_1646,3
TRAIN_1647,0
TRAIN_1648,1
TRAIN_1649,1
TRAIN_1650,0
TRAIN_1651,4
TRAIN_1652,0
TRAIN_1653,4
TRAIN_1654,3
TRAIN_1655,4
TRAIN_1656,2
TRAIN_1657,2
TRAIN_1658,0
TRAIN_1659,2
TRAIN_1660,2
TRAIN_1661,1
TRAIN_1662,1
TRAIN_1663,3
TRAIN_1664,0
TRAIN_1665,0
TRAIN_1666,1
TRAIN_1667,4
TRAIN_1668,4
TRAIN_1669,2
TRAIN_1670,0
TRAIN_1671,1
TRAIN_1672,4
TRAIN_1673,0
TRAIN_1674,1
TRAIN_1675,2
TRAIN_1676,1
TRAIN_1677,4
TRAIN_1678,0
TRAIN_1679,1
TRAIN_1680,2
TRAIN_1681,2
TRAIN_1682,2
TRAIN_1683,3
TRAIN_1684,4
TRAIN_1685,4
TRAIN_1686,1
TRAIN_1687,0
TRAIN_1688,3
TRAIN_1689,0
TRAIN_1690,2
TRAIN_1691,0
TRAIN_1692,1
TRAIN_1693,4
TRAIN_1694,0
TRAIN_1695,4
TRAIN_1696,1
TRAIN_1697,3
TRAIN_1698,2
TRAIN_1699,3
TRAIN_1700,4
TRAIN_1701,1
TRAIN_1702,4
TRAIN_1703,0
TRAIN_1704,1
TRAIN_1705,4
TRAIN_1706,0
TRAIN_1707,1
TRAIN_1708,3
TRAIN_1709,4
TRAIN_1710,3
TRAIN_1711,3
TRAIN_1712,2
TRAIN_1713,1
TRAIN_1714,3
TRAIN_1715,4
TRAIN_1716,4
TRAIN_1717,3
TRAIN_1718,2
TRAIN_1719,4
TRAIN_1720,3
TRAIN_1721,1
TRAIN_1722,3
TRAIN_1723,0
TRAIN_1724,1
TRAIN_1725,1
TRAIN_1726,2
TRAIN_1727,0
TRAIN_1728,2
TRAIN_1729,1
TRAIN_1730,3
TRAIN_1731,3
TRAIN_1732,0
TRAIN_1733,4
TRAIN_1734,3
TRAIN_1735,4
TRAIN_1736,2
TRAIN_1737,2
TRAIN_1738,3
TRAIN_1739,2
TRAIN_1740,0
TRAIN_1741,2
TRAIN_1742,2
TRAIN_1743,4
TRAIN_1744,4
TRAIN_1745,1
TRAIN_1746,0
TRAIN_1747,0
TRAIN_1748,1
TRAIN_1749,2
TRAIN_1750,2
TRAIN_1751,0
TRAIN_1752,1
TRAIN_1753,0
TRAIN_1754,1
TRAIN_1755,2
TRAIN_1756,3
TRAIN_1757,3
TRAIN_1758,2
TRAIN_1759,3
TRAIN_1760,4
TRAIN_1761,1
TRAIN_1762,0
TRAIN_1763,0
TRAIN_1764,4
TRAIN_1765,0
TRAIN_1766,3
TRAIN_1767,0
TRAIN_1768,1
TRAIN_1769,0
TRAIN_1770,1
TRAIN_1771,4
TRAIN_1772,1
TRAIN_1773,2
TRAIN_1774,3
TRAIN_1775,3
TRAIN_1776,4
TRAIN_1777,0
TRAIN_1778,1
TRAIN_1779,4
TRAIN_1780,3
TRAIN_1781,1
TRAIN_1782,4
TRAIN_1783,2
TRAIN_1784,3
TRAIN_1785,0
TRAIN_1786,0
TRAIN_1787,3
TRAIN_1788,0
TRAIN_1789,2
TRAIN_1790,1
TRAIN_1791,4
TRAIN_1792,2
TRAIN_1793,3
TRAIN_1794,4
TRAIN_1795,4
TRAIN_1796,2
TRAIN_1797,1
TRAIN_1798,3
TRAIN_1799,1
TRAIN_1800,3
TRAIN_1801,3
TRAIN_1802,3
TRAIN_1803,2
TRAIN_1804,0
TRAIN_1805,3
TRAIN_1806,0
TRAIN_1807,2
TRAIN_1808,4
TRAIN_1809,0
TRAIN_1810,0
TRAIN_1811,3
TRAIN_1812,0
TRAIN_1813,4
TRAIN_1814,0
TRAIN_1815,0
TRAIN_1816,3
TRAIN_1817,3
TRAIN_1818,1
TRAIN_1819,3
TRAIN_1820,1
TRAIN_1821,1
TRAIN_1822,0
TRAIN_1823,4
TRAIN_1824,0
TRAIN_1825,3
TRAIN_1826,0
TRAIN_1827,0
TRAIN_1828,0
TRAIN_1829,1
TRAIN_1830,2
TRAIN_1831,3
TRAIN_1832,3
TRAIN_1833,4
TRAIN_1834,0
TRAIN_1835,1
TRAIN_1836,2
TRAIN_1837,4
TRAIN_1838,0
TRAIN_1839,3
TRAIN_1840,1
TRAIN_1841,0
TRAIN_1842,2
TRAIN_1843,4
TRAIN_1844,0
TRAIN_1845,2
TRAIN_1846,1
TRAIN_1847,2
TRAIN_1848,3
TRAIN_1849,4
TRAIN_1850,2
TRAIN_1851,1
TRAIN_1852,3
TRAIN_1853,2
TRAIN_1854,4
TRAIN_1855,0
TRAIN_1856,4
TRAIN_1857,3
TRAIN_1858,1
TRAIN_1859,3
TRAIN_1860,2
TRAIN_1861,3
TRAIN_1862,3
TRAIN_1863,0
TRAIN_1864,0
TRAIN_1865,1
TRAIN_1866,1
TRAIN_1867,3
TRAIN_1868,3
TRAIN_1869,1
TRAIN_1870,3
TRAIN_1871,2
TRAIN_1872,0
TRAIN_1873,3
TRAIN_1874,0
TRAIN_1875,3
TRAIN_1876,3
TRAIN_1877,2
TRAIN_1878,4
TRAIN_1879,2
TRAIN_1880,4
TRAIN_1881,0
TRAIN_1882,1
TRAIN_1883,4
TRAIN_1884,3
TRAIN_1885,4
TRAIN_1886,0
TRAIN_1887,1
TRAIN_1888,2
TRAIN_1889,3
TRAIN_1890,4
TRAIN_1891,3
TRAIN_1892,3
TRAIN_1893,0
TRAIN_1894,3
TRAIN_1895,0
TRAIN_1896,3
TRAIN_1897,0
TRAIN_1898,2
TRAIN_1899,4
TRAIN_1900,4
TRAIN_1901,1
TRAIN_1902,2
TRAIN_1903,4
TRAIN_1904,1
TRAIN_1905,3
TRAIN_1906,1
TRAIN_1907,3
TRAIN_1908,4
TRAIN_1909,0
TRAIN_1910,0
TRAIN_1911,2
TRAIN_1912,2
TRAIN_1913,0
TRAIN_1914,1
TRAIN_1915,3
TRAIN_1916,3
TRAIN_1917,1
TRAIN_1918,2
TRAIN_1919,3
TRAIN_1920,4
TRAIN_1921,3
TRAIN_1922,2
TRAIN_1923,0
TRAIN_1924,1
TRAIN_1925,1
TRAIN_1926,2
TRAIN_1927,1
TRAIN_1928,1
TRAIN_1929,2
TRAIN_1930,4
TRAIN_1931,3
TRAIN_1932,0
TRAIN_1933,1
TRAIN_1934,1
TRAIN_1935,0
TRAIN_1936,2
TRAIN_1937,2
TRAIN_1938,4
TRAIN_1939,0
TRAIN_1940,4
TRAIN_1941,4
TRAIN_1942,4
TRAIN_1943,4
TRAIN_1944,3
TRAIN_1945,4
TRAIN_1946,0
TRAIN_1947,0
TRAIN_1948,2
TRAIN_1949,1
TRAIN_1950,3
TRAIN_1951,1
TRAIN_1952,1
TRAIN_1953,2
TRAIN_1954,4
TRAIN_1955,0
TRAIN_1956,1
TRAIN_1957,2
TRAIN_1958,2
TRAIN_1959,3
TRAIN_1960,0
TRAIN_1961,1
TRAIN_1962,1
TRAIN_1963,4
TRAIN_1964,4
TRAIN_1965,3
TRAIN_1966,1
TRAIN_1967,4
TRAIN_1968,2
TRAIN_1969,1
TRAIN_1970,3
TRAIN_1971,4
TRAIN_1972,3
TRAIN_1973,2
TRAIN_1974,0
TRAIN_1975,3
TRAIN_1976,0
TRAIN_1977,4
TRAIN_1978,3
TRAIN_1979,1
TRAIN_1980,4
TRAIN_1981,2
TRAIN_1982,0
TRAIN_1983,3
TRAIN_1984,3
TRAIN_1985,4
TRAIN_1986,2
TRAIN_1987,3
TRAIN_1988,3
TRAIN_1989,0
TRAIN_1990,0
TRAIN_1991,0
TRAIN_1992,3
TRAIN_1993,1
TRAIN_1994,0
TRAIN_1995,4
TRAIN_1996,4
TRAIN_1997,3
TRAIN_1998,2
TRAIN_1999,2
TRAIN_2000,0
TRAIN_2001,0
TRAIN_2002,1
TRAIN_2003,1
TRAIN_2004,1
TRAIN_2005,3
TRAIN_2006,0
TRAIN_2007,4
TRAIN_2008,0
TRAIN_2009,0
TRAIN_2010,4
TRAIN_2011,1
TRAIN_2012,4
TRAIN_2013,1
TRAIN_2014,1
TRAIN_2015,2
TRAIN_2016,4
TRAIN_2017,4
TRAIN_2018,1
TRAIN_2019,0
TRAIN_2020,0
TRAIN_2021,2
TRAIN_2022,2
TRAIN_2023,3
TRAIN_2024,3
TRAIN_2025,1
TRAIN_2026,2
TRAIN_2027,0
TRAIN_2028,2
TRAIN_2029,2
TRAIN_2030,2
TRAIN_2031,0
TRAIN_2032,4
TRAIN_2033,0
TRAIN_2034,4
TRAIN_2035,3
TRAIN_2036,4
TRAIN_2037,3
TRAIN_2038,2
TRAIN_2039,0
TRAIN_2040,1
TRAIN_2041,2
TRAIN_2042,3
TRAIN_2043,0
TRAIN_2044,4
TRAIN_2045,4
TRAIN_2046,1
TRAIN_2047,0
TRAIN_2048,0
TRAIN_2049,4
TRAIN_2050,4
TRAIN_2051,3
TRAIN_2052,3
TRAIN_2053,0
TRAIN_2054,0
TRAIN_2055,4
TRAIN_2056,2
TRAIN_2057,2
TRAIN_2058,3
TRAIN_2059,4
TRAIN_2060,1
TRAIN_2061,2
TRAIN_2062,3
TRAIN_2063,3
TRAIN_2064,1
TRAIN_2065,2
TRAIN_2066,4
TRAIN_2067,4
TRAIN_2068,2
TRAIN_2069,1
TRAIN_2070,4
TRAIN_2071,0
TRAIN_2072,3
TRAIN_2073,3
TRAIN_2074,0
TRAIN_2075,0
TRAIN_2076,0
TRAIN_2077,2
TRAIN_2078,1
TRAIN_2079,0
TRAIN_2080,3
TRAIN_2081,1
TRAIN_2082,4
TRAIN_2083,4
TRAIN_2084,0
TRAIN_2085,2
TRAIN_2086,0
TRAIN_2087,1
TRAIN_2088,2
TRAIN_2089,0
TRAIN_2090,4
TRAIN_2091,3
TRAIN_2092,1
TRAIN_2093,1
TRAIN_2094,1
TRAIN_2095,3
TRAIN_2096,1
TRAIN_2097,0
TRAIN_2098,1
TRAIN_2099,4
TRAIN_2100,1
TRAIN_2101,1
TRAIN_2102,4
TRAIN_2103,4
TRAIN_2104,4
TRAIN_2105,1
TRAIN_2106,1
TRAIN_2107,1
TRAIN_2108,1
TRAIN_2109,0
TRAIN_2110,0
TRAIN_2111,1
TRAIN_2112,0
TRAIN_2113,1
TRAIN_2114,3
TRAIN_2115,0
TRAIN_2116,0
TRAIN_2117,3
TRAIN_2118,1
TRAIN_2119,1
TRAIN_2120,3
TRAIN_2121,1
TRAIN_2122,1
TRAIN_2123,2
TRAIN_2124,3
TRAIN_2125,4
TRAIN_2126,4
TRAIN_2127,0
TRAIN_2128,0
TRAIN_2129,0
TRAIN_2130,2
TRAIN_2131,4
TRAIN_2132,0
TRAIN_2133,4
TRAIN_2134,0
TRAIN_2135,0
TRAIN_2136,4
TRAIN_2137,2
TRAIN_2138,1
TRAIN_2139,2
TRAIN_2140,2
TRAIN_2141,0
TRAIN_2142,0
TRAIN_2143,0
TRAIN_2144,1
TRAIN_2145,4
TRAIN_2146,3
TRAIN_2147,1
TRAIN_2148,1
TRAIN_2149,1
TRAIN_2150,4
TRAIN_2151,1
TRAIN_2152,4
TRAIN_2153,2
TRAIN_2154,0
TRAIN_2155,4
TRAIN_2156,0
TRAIN_2157,4
TRAIN_2158,1
TRAIN_2159,1
TRAIN_2160,4
TRAIN_2161,1
TRAIN_2162,3
TRAIN_2163,0
TRAIN_2164,4
TRAIN_2165,1
TRAIN_2166,3
TRAIN_2167,4
TRAIN_2168,1
TRAIN_2169,2
TRAIN_2170,4
TRAIN_2171,3
TRAIN_2172,2
TRAIN_2173,2
TRAIN_2174,1
TRAIN_2175,1
TRAIN_2176,0
TRAIN_2177,0
TRAIN_2178,3
TRAIN_2179,4
TRAIN_2180,0
TRAIN_2181,3
TRAIN_2182,2
TRAIN_2183,3
TRAIN_2184,0
TRAIN_2185,0
TRAIN_2186,0
TRAIN_2187,3
TRAIN_2188,3
TRAIN_2189,2
TRAIN_2190,4
TRAIN_2191,1
TRAIN_2192,4
TRAIN_2193,3
TRAIN_2194,3
TRAIN_2195,1
TRAIN_2196,3
TRAIN_2197,0
TRAIN_2198,0
TRAIN_2199,3
TRAIN_2200,4
TRAIN_2201,0
TRAIN_2202,2
TRAIN_2203,1
TRAIN_2204,1
TRAIN_2205,0
TRAIN_2206,1
TRAIN_2207,1
TRAIN_2208,0
TRAIN_2209,3
TRAIN_2210,3
TRAIN_2211,2
TRAIN_2212,2
TRAIN_2213,0
TRAIN_2214,4
TRAIN_2215,4
TRAIN_2216,3
TRAIN_2217,1
TRAIN_2218,3
TRAIN_2219,1
TRAIN_2220,1
TRAIN_2221,2
TRAIN_2222,4
TRAIN_2223,3
TRAIN_2224,1
TRAIN_2225,4
TRAIN_2226,0
TRAIN_2227,3
TRAIN_2228,4
TRAIN_2229,1
TRAIN_2230,0
TRAIN_2231,3
TRAIN_2232,0
TRAIN_2233,4
TRAIN_2234,4
TRAIN_2235,1
TRAIN_2236,3
TRAIN_2237,0
TRAIN_2238,3
TRAIN_2239,3
TRAIN_2240,0
TRAIN_2241,2
TRAIN_2242,1
TRAIN_2243,2
TRAIN_2244,3
TRAIN_2245,3
TRAIN_2246,1
TRAIN_2247,0
TRAIN_2248,3
TRAIN_2249,0
TRAIN_2250,2
TRAIN_2251,4
TRAIN_2252,2
TRAIN_2253,1
TRAIN_2254,1
TRAIN_2255,3
TRAIN_2256,3
TRAIN_2257,3
TRAIN_2258,2
TRAIN_2259,2
TRAIN_2260,4
TRAIN_2261,2
TRAIN_2262,4
TRAIN_2263,1
TRAIN_2264,0
TRAIN_2265,3
TRAIN_2266,0
TRAIN_2267,0
TRAIN_2268,4
TRAIN_2269,4
TRAIN_2270,4
TRAIN_2271,4
TRAIN_2272,0
TRAIN_2273,3
TRAIN_2274,4
TRAIN_2275,2
TRAIN_2276,4
TRAIN_2277,0
TRAIN_2278,2
TRAIN_2279,3
TRAIN_2280,3
TRAIN_2281,3
TRAIN_2282,0
TRAIN_2283,2
TRAIN_2284,3
TRAIN_2285,1
TRAIN_2286,2
TRAIN_2287,0
TRAIN_2288,1
TRAIN_2289,0
TRAIN_2290,2
TRAIN_2291,3
TRAIN_2292,3
TRAIN_2293,4
TRAIN_2294,4
TRAIN_2295,3
TRAIN_2296,3
TRAIN_2297,4
TRAIN_2298,2
TRAIN_2299,2
TRAIN_2300,0
TRAIN_2301,1
TRAIN_2302,3
TRAIN_2303,2
TRAIN_2304,3
TRAIN_2305,2
TRAIN_2306,1
TRAIN_2307,3
TRAIN_2308,3
TRAIN_2309,2
TRAIN_2310,3
TRAIN_2311,4
TRAIN_2312,4
TRAIN_2313,3
TRAIN_2314,3
TRAIN_2315,1
TRAIN_2316,4
TRAIN_2317,2
TRAIN_2318,4
TRAIN_2319,0
TRAIN_2320,1
TRAIN_2321,2
TRAIN_2322,1
TRAIN_2323,1
TRAIN_2324,2
TRAIN_2325,1
TRAIN_2326,1
TRAIN_2327,2
TRAIN_2328,4
TRAIN_2329,1
TRAIN_2330,3
TRAIN_2331,3
TRAIN_2332,0
TRAIN_2333,1
TRAIN_2334,1
TRAIN_2335,0
TRAIN_2336,4
TRAIN_2337,3
TRAIN_2338,3
TRAIN_2339,3
TRAIN_2340,0
TRAIN_2341,0
TRAIN_2342,2
TRAIN_2343,3
TRAIN_2344,4
TRAIN_2345,2
TRAIN_2346,3
TRAIN_2347,0
TRAIN_2348,4
TRAIN_2349,4
TRAIN_2350,1
TRAIN_2351,3
TRAIN_2352,0
TRAIN_2353,1
TRAIN_2354,2
TRAIN_2355,3
TRAIN_2356,4
TRAIN_2357,2
TRAIN_2358,1
TRAIN_2359,2
TRAIN_2360,0
TRAIN_2361,0
TRAIN_2362,0
TRAIN_2363,4
TRAIN_2364,1
TRAIN_2365,1
TRAIN_2366,4
TRAIN_2367,4
TRAIN_2368,4
TRAIN_2369,1
TRAIN_2370,1
TRAIN_2371,0
TRAIN_2372,1
TRAIN_2373,4
TRAIN_2374,1
TRAIN_2375,0
TRAIN_2376,2
TRAIN_2377,2
TRAIN_2378,3
TRAIN_2379,2
TRAIN_2380,0
TRAIN_2381,1
TRAIN_2382,0
TRAIN_2383,3
TRAIN_2384,4
TRAIN_2385,4
TRAIN_2386,1
TRAIN_2387,4
TRAIN_2388,4
TRAIN_2389,3
TRAIN_2390,2
TRAIN_2391,4
TRAIN_2392,0
TRAIN_2393,4
TRAIN_2394,3
TRAIN_2395,3
TRAIN_2396,4
TRAIN_2397,4
TRAIN_2398,3
TRAIN_2399,1
TRAIN_2400,1
TRAIN_2401,1
TRAIN_2402,1
TRAIN_2403,1
TRAIN_2404,2
TRAIN_2405,0
TRAIN_2406,0
TRAIN_2407,4
TRAIN_2408,1
TRAIN_2409,4
TRAIN_2410,2
TRAIN_2411,0
TRAIN_2412,0
TRAIN_2413,2
TRAIN_2414,1
TRAIN_2415,0
TRAIN_2416,2
TRAIN_2417,0
TRAIN_2418,2
TRAIN_2419,4
TRAIN_2420,1
TRAIN_2421,0
TRAIN_2422,2
TRAIN_2423,1
TRAIN_2424,2
TRAIN_2425,3
TRAIN_2426,3
TRAIN_2427,4
TRAIN_2428,0
TRAIN_2429,1
TRAIN_2430,3
TRAIN_2431,3
TRAIN_2432,3
TRAIN_2433,1
TRAIN_2434,1
TRAIN_2435,2
TRAIN_2436,2
TRAIN_2437,0
TRAIN_2438,1
TRAIN_2439,0
TRAIN_2440,3
TRAIN_2441,3
TRAIN_2442,0
TRAIN_2443,1
TRAIN_2444,3
TRAIN_2445,2
TRAIN_2446,0
TRAIN_2447,1
TRAIN_2448,0
TRAIN_2449,1
TRAIN_2450,1
TRAIN_2451,3
TRAIN_2452,2
TRAIN_2453,2
TRAIN_2454,4
TRAIN_2455,1
TRAIN_2456,4
TRAIN_2457,1
TRAIN_2458,0
TRAIN_2459,0
TRAIN_2460,2
TRAIN_2461,1
TRAIN_2462,4
TRAIN_2463,2
TRAIN_2464,2
TRAIN_2465,3
TRAIN_2466,4
TRAIN_2467,4
TRAIN_2468,2
TRAIN_2469,0
TRAIN_2470,1
TRAIN_2471,2
TRAIN_2472,4
TRAIN_2473,1
TRAIN_2474,2
TRAIN_2475,2
TRAIN_2476,4
TRAIN_2477,4
TRAIN_2478,1
TRAIN_2479,1
TRAIN_2480,2
TRAIN_2481,0
TRAIN_2482,3
TRAIN_2483,2
TRAIN_2484,1
TRAIN_2485,2
TRAIN_2486,3
TRAIN_2487,0
TRAIN_2488,1
TRAIN_2489,3
TRAIN_2490,2
TRAIN_2491,0
TRAIN_2492,0
TRAIN_2493,2
TRAIN_2494,0
TRAIN_2495,3
TRAIN_2496,2
TRAIN_2497,0
TRAIN_2498,2
TRAIN_2499,2
TRAIN_2500,4
TRAIN_2501,3
TRAIN_2502,1
TRAIN_2503,0
TRAIN_2504,1
TRAIN_2505,1
TRAIN_2506,1
TRAIN_2507,3
TRAIN_2508,3
TRAIN_2509,0
TRAIN_2510,0
TRAIN_2511,4
TRAIN_2512,4
TRAIN_2513,4
TRAIN_2514,2
TRAIN_2515,3
TRAIN_2516,4
TRAIN_2517,1
TRAIN_2518,2
TRAIN_2519,4
TRAIN_2520,4
TRAIN_2521,0
TRAIN_2522,0
TRAIN_2523,0
TRAIN_2524,1
TRAIN_2525,0
TRAIN_2526,4
TRAIN_2527,3
TRAIN_2528,2
TRAIN_2529,0
TRAIN_2530,2
TRAIN_2531,3
TRAIN_2532,3
TRAIN_2533,3
TRAIN_2534,3
TRAIN_2535,1
TRAIN_2536,2
TRAIN_2537,1
TRAIN_2538,3
TRAIN_2539,4
TRAIN_2540,0
TRAIN_2541,4
TRAIN_2542,3
TRAIN_2543,1
TRAIN_2544,3
TRAIN_2545,3
TRAIN_2546,0
TRAIN_2547,4
TRAIN_2548,1
TRAIN_2549,0
TRAIN_2550,1
TRAIN_2551,2
TRAIN_2552,1
TRAIN_2553,1
TRAIN_2554,0
TRAIN_2555,1
TRAIN_2556,2
TRAIN_2557,4
TRAIN_2558,1
TRAIN_2559,0
TRAIN_2560,4
TRAIN_2561,4
TRAIN_2562,4
TRAIN_2563,2
TRAIN_2564,0
TRAIN_2565,4
TRAIN_2566,0
TRAIN_2567,3
TRAIN_2568,3
TRAIN_2569,4
TRAIN_2570,2
TRAIN_2571,2
TRAIN_2572,0
TRAIN_2573,1
TRAIN_2574,4
TRAIN_2575,0
TRAIN_2576,3
TRAIN_2577,0
TRAIN_2578,0
TRAIN_2579,4
TRAIN_2580,0
TRAIN_2581,1
TRAIN_2582,0
TRAIN_2583,0
TRAIN_2584,0
TRAIN_2585,0
TRAIN_2586,3
TRAIN_2587,4
TRAIN_2588,1
TRAIN_2589,0
TRAIN_2590,4
TRAIN_2591,2
TRAIN_2592,1
TRAIN_2593,1
TRAIN_2594,3
TRAIN_2595,2
TRAIN_2596,1
TRAIN_2597,3
TRAIN_2598,1
TRAIN_2599,3
TRAIN_2600,2
TRAIN_2601,4
TRAIN_2602,1
TRAIN_2603,2
TRAIN_2604,4
TRAIN_2605,2
TRAIN_2606,1
TRAIN_2607,1
TRAIN_2608,0
TRAIN_2609,3
TRAIN_2610,0
TRAIN_2611,1
TRAIN_2612,0
TRAIN_2613,2
TRAIN_2614,0
TRAIN_2615,4
TRAIN_2616,0
TRAIN_2617,3
TRAIN_2618,1
TRAIN_2619,0
TRAIN_2620,0
TRAIN_2621,4
TRAIN_2622,1
TRAIN_2623,0
TRAIN_2624,1
TRAIN_2625,1
TRAIN_2626,4
TRAIN_2627,0
TRAIN_2628,4
TRAIN_2629,4
TRAIN_2630,3
TRAIN_2631,1
TRAIN_2632,4
TRAIN_2633,1
TRAIN_2634,3
TRAIN_2635,0
TRAIN_2636,2
TRAIN_2637,0
TRAIN_2638,1
TRAIN_2639,3
TRAIN_2640,0
TRAIN_2641,3
TRAIN_2642,2
TRAIN_2643,1
TRAIN_2644,3
TRAIN_2645,0
TRAIN_2646,4
TRAIN_2647,0
TRAIN_2648,1
TRAIN_2649,1
TRAIN_2650,0
TRAIN_2651,2
TRAIN_2652,4
TRAIN_2653,0
TRAIN_2654,1
TRAIN_2655,2
TRAIN_2656,2
TRAIN_2657,1
TRAIN_2658,0
TRAIN_2659,2
TRAIN_2660,1
TRAIN_2661,3
TRAIN_2662,0
TRAIN_2663,1
TRAIN_2664,1
TRAIN_2665,1
TRAIN_2666,4
TRAIN_2667,0
TRAIN_2668,3
TRAIN_2669,0
TRAIN_2670,2
TRAIN_2671,2
TRAIN_2672,1
TRAIN_2673,1
TRAIN_2674,2
TRAIN_2675,2
TRAIN_2676,1
TRAIN_2677,4
TRAIN_2678,2
TRAIN_2679,0
TRAIN_2680,2
TRAIN_2681,1
TRAIN_2682,2
TRAIN_2683,3
TRAIN_2684,0
TRAIN_2685,3
TRAIN_2686,4
TRAIN_2687,2
TRAIN_2688,3
TRAIN_2689,2
TRAIN_2690,0
TRAIN_2691,3
TRAIN_2692,2
TRAIN_2693,2
TRAIN_2694,3
TRAIN_2695,1
TRAIN_2696,1
TRAIN_2697,1
TRAIN_2698,3
TRAIN_2699,0
TRAIN_2700,3
TRAIN_2701,4
TRAIN_2702,2
TRAIN_2703,0
TRAIN_2704,0
TRAIN_2705,3
TRAIN_2706,3
TRAIN_2707,3
TRAIN_2708,2
TRAIN_2709,2
TRAIN_2710,1
TRAIN_2711,4
TRAIN_2712,2
TRAIN_2713,1
TRAIN_2714,0
TRAIN_2715,4
TRAIN_2716,0
TRAIN_2717,4
TRAIN_2718,4
TRAIN_2719,2
TRAIN_2720,0
TRAIN_2721,4
TRAIN_2722,1
TRAIN_2723,3
TRAIN_2724,1
TRAIN_2725,3
TRAIN_2726,1
TRAIN_2727,4
TRAIN_2728,0
TRAIN_2729,3
TRAIN_2730,0
TRAIN_2731,2
TRAIN_2732,0
TRAIN_2733,3
TRAIN_2734,2
TRAIN_2735,1
TRAIN_2736,4
TRAIN_2737,4
TRAIN_2738,0
TRAIN_2739,1
TRAIN_2740,4
TRAIN_2741,1
TRAIN_2742,0
TRAIN_2743,1
TRAIN_2744,1
TRAIN_2745,2
TRAIN_2746,0
TRAIN_2747,0
TRAIN_2748,2
TRAIN_2749,2
TRAIN_2750,4
TRAIN_2751,0
TRAIN_2752,1
TRAIN_2753,3
TRAIN_2754,3
TRAIN_2755,3
TRAIN_2756,0
TRAIN_2757,4
TRAIN_2758,4
TRAIN_2759,4
TRAIN_2760,2
TRAIN_2761,1
TRAIN_2762,2
TRAIN_2763,1
TRAIN_2764,1
TRAIN_2765,3
TRAIN_2766,1
TRAIN_2767,0
TRAIN_2768,3
TRAIN_2769,0
TRAIN_2770,3
TRAIN_2771,4
TRAIN_2772,4
TRAIN_2773,1
TRAIN_2774,0
TRAIN_2775,0
TRAIN_2776,0
TRAIN_2777,1
TRAIN_2778,4
TRAIN_2779,3
TRAIN_2780,3
TRAIN_2781,2
TRAIN_2782,4
TRAIN_2783,2
TRAIN_2784,3
TRAIN_2785,1
TRAIN_2786,4
TRAIN_2787,2
TRAIN_2788,1
TRAIN_2789,3
TRAIN_2790,3
TRAIN_2791,2
TRAIN_2792,2
TRAIN_2793,0
TRAIN_2794,3
TRAIN_2795,1
TRAIN_2796,1
TRAIN_2797,3
TRAIN_2798,4
TRAIN_2799,3
TRAIN_2800,3
TRAIN_2801,3
TRAIN_2802,4
TRAIN_2803,1
TRAIN_2804,0
TRAIN_2805,3
TRAIN_2806,2
TRAIN_2807,4
TRAIN_2808,1
TRAIN_2809,2
TRAIN_2810,1
TRAIN_2811,2
TRAIN_2812,1
TRAIN_2813,4
TRAIN_2814,0
TRAIN_2815,2
TRAIN_2816,3
TRAIN_2817,2
TRAIN_2818,1
TRAIN_2819,2
TRAIN_2820,2
TRAIN_2821,2
TRAIN_2822,3
TRAIN_2823,3
TRAIN_2824,0
TRAIN_2825,4
TRAIN_2826,4
TRAIN_2827,3
TRAIN_2828,1
TRAIN_2829,4
TRAIN_2830,0
TRAIN_2831,4
TRAIN_2832,0
TRAIN_2833,0
TRAIN_2834,3
TRAIN_2835,3
TRAIN_2836,1
TRAIN_2837,3
TRAIN_2838,4
TRAIN_2839,4
TRAIN_2840,4
TRAIN_2841,4
TRAIN_2842,0
TRAIN_2843,3
TRAIN_2844,2
TRAIN_2845,1
TRAIN_2846,2
TRAIN_2847,4
TRAIN_2848,2
TRAIN_2849,3
TRAIN_2850,4
TRAIN_2851,2
TRAIN_2852,4
TRAIN_2853,4
TRAIN_2854,3
TRAIN_2855,4
TRAIN_2856,1
TRAIN_2857,3
TRAIN_2858,1
TRAIN_2859,4
TRAIN_2860,4
TRAIN_2861,0
TRAIN_2862,3
TRAIN_2863,2
TRAIN_2864,2
TRAIN_2865,3
TRAIN_2866,2
TRAIN_2867,3
TRAIN_2868,0
TRAIN_2869,4
TRAIN_2870,0
TRAIN_2871,4
TRAIN_2872,4
TRAIN_2873,4
TRAIN_2874,2
TRAIN_2875,3
TRAIN_2876,1
TRAIN_2877,2
TRAIN_2878,1
TRAIN_2879,0
TRAIN_2880,0
TRAIN_2881,4
TRAIN_2882,4
TRAIN_2883,2
TRAIN_2884,2
TRAIN_2885,0
TRAIN_2886,2
TRAIN_2887,1
TRAIN_2888,2
TRAIN_2889,1
TRAIN_2890,1
TRAIN_2891,1
TRAIN_2892,2
TRAIN_2893,3
TRAIN_2894,2
TRAIN_2895,3
TRAIN_2896,1
TRAIN_2897,4
TRAIN_2898,4
TRAIN_2899,2
TRAIN_2900,2
TRAIN_2901,2
TRAIN_2902,0
TRAIN_2903,2
TRAIN_2904,3
TRAIN_2905,4
TRAIN_2906,3
TRAIN_2907,2
TRAIN_2908,3
TRAIN_2909,4
TRAIN_2910,1
TRAIN_2911,1
TRAIN_2912,2
TRAIN_2913,3
TRAIN_2914,2
TRAIN_2915,0
TRAIN_2916,3
TRAIN_2917,1
TRAIN_2918,2
TRAIN_2919,0
TRAIN_2920,1
TRAIN_2921,1
TRAIN_2922,3
TRAIN_2923,0
TRAIN_2924,3
TRAIN_2925,1
TRAIN_2926,3
TRAIN_2927,3
TRAIN_2928,1
TRAIN_2929,4
TRAIN_2930,4
TRAIN_2931,0
TRAIN_2932,1
TRAIN_2933,3
TRAIN_2934,1
TRAIN_2935,4
TRAIN_2936,4
TRAIN_2937,2
TRAIN_2938,0
TRAIN_2939,2
TRAIN_2940,0
TRAIN_2941,1
TRAIN_2942,3
TRAIN_2943,0
TRAIN_2944,3
TRAIN_2945,4
TRAIN_2946,4
TRAIN_2947,1
TRAIN_2948,1
TRAIN_2949,0
TRAIN_2950,3
TRAIN_2951,0
TRAIN_2952,1
TRAIN_2953,4
TRAIN_2954,4
TRAIN_2955,1
TRAIN_2956,1
TRAIN_2957,3
TRAIN_2958,1
TRAIN_2959,2
TRAIN_2960,2
TRAIN_2961,3
TRAIN_2962,0
TRAIN_2963,3
TRAIN_2964,2
TRAIN_2965,0
TRAIN_2966,0
TRAIN_2967,4
TRAIN_2968,0
TRAIN_2969,4
TRAIN_2970,3
TRAIN_2971,0
TRAIN_2972,2
TRAIN_2973,3
TRAIN_2974,4
TRAIN_2975,4
TRAIN_2976,2
TRAIN_2977,1
TRAIN_2978,4
TRAIN_2979,0
TRAIN_2980,3
TRAIN_2981,1
TRAIN_2982,0
TRAIN_2983,4
TRAIN_2984,1
TRAIN_2985,2
TRAIN_2986,4
TRAIN_2987,2
TRAIN_2988,4
TRAIN_2989,0
TRAIN_2990,4
TRAIN_2991,2
TRAIN_2992,0
TRAIN_2993,2
TRAIN_2994,0
TRAIN_2995,2
TRAIN_2996,3
TRAIN_2997,3
TRAIN_2998,1
TRAIN_2999,2
TRAIN_3000,3
TRAIN_3001,0
TRAIN_3002,4
TRAIN_3003,1
TRAIN_3004,1
TRAIN_3005,0
TRAIN_3006,0
TRAIN_3007,4
TRAIN_3008,0
TRAIN_3009,3
TRAIN_3010,2
TRAIN_3011,4
TRAIN_3012,3
TRAIN_3013,2
TRAIN_3014,1
TRAIN_3015,2
TRAIN_3016,1
TRAIN_3017,4
TRAIN_3018,3
TRAIN_3019,0
TRAIN_3020,2
TRAIN_3021,1
TRAIN_3022,3
TRAIN_3023,3
TRAIN_3024,4
TRAIN_3025,2
TRAIN_3026,4
TRAIN_3027,0
TRAIN_3028,4
TRAIN_3029,2
TRAIN_3030,0
TRAIN_3031,4
TRAIN_3032,1
TRAIN_3033,4
TRAIN_3034,2
TRAIN_3035,4
TRAIN_3036,1
TRAIN_3037,1
TRAIN_3038,2
TRAIN_3039,4
TRAIN_3040,4
TRAIN_3041,2
TRAIN_3042,0
TRAIN_3043,4
TRAIN_3044,1
TRAIN_3045,3
TRAIN_3046,4
TRAIN_3047,2
TRAIN_3048,2
TRAIN_3049,0
TRAIN_3050,2
TRAIN_3051,4
TRAIN_3052,1
TRAIN_3053,3
TRAIN_3054,2
TRAIN_3055,0
TRAIN_3056,3
TRAIN_3057,4
TRAIN_3058,4
TRAIN_3059,2
TRAIN_3060,1
TRAIN_3061,4
TRAIN_3062,3
TRAIN_3063,3
TRAIN_3064,1
TRAIN_3065,0
TRAIN_3066,0
TRAIN_3067,1
TRAIN_3068,3
TRAIN_3069,2
TRAIN_3070,1
TRAIN_3071,0
TRAIN_3072,2
TRAIN_3073,3
TRAIN_3074,2
TRAIN_3075,2
TRAIN_3076,0
TRAIN_3077,4
TRAIN_3078,1
TRAIN_3079,0
TRAIN_3080,0
TRAIN_3081,0
TRAIN_3082,3
TRAIN_3083,2
TRAIN_3084,4
TRAIN_3085,1
TRAIN_3086,2
TRAIN_3087,0
TRAIN_3088,1
TRAIN_3089,4
TRAIN_3090,4
TRAIN_3091,1
TRAIN_3092,3
TRAIN_3093,2
TRAIN_3094,1
TRAIN_3095,4
TRAIN_3096,2
TRAIN_3097,0
TRAIN_3098,1
TRAIN_3099,0
TRAIN_3100,1
TRAIN_3101,0
TRAIN_3102,0
TRAIN_3103,2
TRAIN_3104,3
TRAIN_3105,0
TRAIN_3106,4
TRAIN_3107,1
TRAIN_3108,2
TRAIN_3109,3
TRAIN_3110,0
TRAIN_3111,0
TRAIN_3112,3
TRAIN_3113,1
TRAIN_3114,2
TRAIN_3115,3
TRAIN_3116,0
TRAIN_3117,1
TRAIN_3118,1
TRAIN_3119,3
TRAIN_3120,0
TRAIN_3121,3
TRAIN_3122,4
TRAIN_3123,3
TRAIN_3124,4
TRAIN_3125,2
TRAIN_3126,1
TRAIN_3127,2
TRAIN_3128,4
TRAIN_3129,2
TRAIN_3130,0
TRAIN_3131,2
TRAIN_3132,2
TRAIN_3133,4
TRAIN_3134,4
TRAIN_3135,3
TRAIN_3136,0
TRAIN_3137,1
TRAIN_3138,2
TRAIN_3139,3
TRAIN_3140,0
TRAIN_3141,3
TRAIN_3142,4
TRAIN_3143,0
TRAIN_3144,1
TRAIN_3145,3
TRAIN_3146,1
TRAIN_3147,4
TRAIN_3148,3
TRAIN_3149,3
TRAIN_3150,1
TRAIN_3151,3
TRAIN_3152,1
TRAIN_3153,4
TRAIN_3154,1
TRAIN_3155,3
TRAIN_3156,4
TRAIN_3157,3
TRAIN_3158,4
TRAIN_3159,4
TRAIN_3160,1
TRAIN_3161,4
TRAIN_3162,0
TRAIN_3163,2
TRAIN_3164,0
TRAIN_3165,0
TRAIN_3166,1
TRAIN_3167,1
TRAIN_3168,4
TRAIN_3169,1
TRAIN_3170,1
TRAIN_3171,4
TRAIN_3172,3
TRAIN_3173,3
TRAIN_3174,4
TRAIN_3175,1
TRAIN_3176,4
TRAIN_3177,0
TRAIN_3178,2
TRAIN_3179,1
TRAIN_3180,3
TRAIN_3181,3
TRAIN_3182,1
TRAIN_3183,0
TRAIN_3184,4
TRAIN_3185,2
TRAIN_3186,1
TRAIN_3187,4
TRAIN_3188,4
TRAIN_3189,2
TRAIN_3190,2
TRAIN_3191,3
TRAIN_3192,0
TRAIN_3193,1
TRAIN_3194,2
TRAIN_3195,1
TRAIN_3196,1
TRAIN_3197,0
TRAIN_3198,0
TRAIN_3199,3
TRAIN_3200,4
TRAIN_3201,1
TRAIN_3202,3
TRAIN_3203,4
TRAIN_3204,2
TRAIN_3205,2
TRAIN_3206,4
TRAIN_3207,3
TRAIN_3208,4
TRAIN_3209,4
TRAIN_3210,0
TRAIN_3211,1
TRAIN_3212,1
TRAIN_3213,4
TRAIN_3214,0
TRAIN_3215,0
TRAIN_3216,1
TRAIN_3217,3
TRAIN_3218,1
TRAIN_3219,1
TRAIN_3220,3
TRAIN_3221,0
TRAIN_3222,2
TRAIN_3223,0
TRAIN_3224,1
TRAIN_3225,0
TRAIN_3226,2
TRAIN_3227,3
TRAIN_3228,0
TRAIN_3229,4
TRAIN_3230,3
TRAIN_3231,1
TRAIN_3232,2
TRAIN_3233,0
TRAIN_3234,2
TRAIN_3235,3
TRAIN_3236,2
TRAIN_3237,2
TRAIN_3238,1
TRAIN_3239,1
TRAIN_3240,1
TRAIN_3241,3
TRAIN_3242,3
TRAIN_3243,1
TRAIN_3244,0
TRAIN_3245,3
TRAIN_3246,0
TRAIN_3247,1
TRAIN_3248,2
TRAIN_3249,2
TRAIN_3250,3
TRAIN_3251,3
TRAIN_3252,1
TRAIN_3253,3
TRAIN_3254,4
TRAIN_3255,0
TRAIN_3256,2
TRAIN_3257,3
TRAIN_3258,0
TRAIN_3259,3
TRAIN_3260,2
TRAIN_3261,0
TRAIN_3262,1
TRAIN_3263,4
TRAIN_3264,0
TRAIN_3265,2
TRAIN_3266,2
TRAIN_3267,2
TRAIN_3268,4
TRAIN_3269,4
TRAIN_3270,0
TRAIN_3271,0
TRAIN_3272,3
TRAIN_3273,2
TRAIN_3274,3
TRAIN_3275,4
TRAIN_3276,1
TRAIN_3277,1
TRAIN_3278,3
TRAIN_3279,4
TRAIN_3280,2
TRAIN_3281,4
TRAIN_3282,1
TRAIN_3283,4
TRAIN_3284,4
TRAIN_3285,3
TRAIN_3286,3
TRAIN_3287,1
TRAIN_3288,3
TRAIN_3289,0
TRAIN_3290,0
TRAIN_3291,3
TRAIN_3292,0
TRAIN_3293,0
TRAIN_3294,3
TRAIN_3295,0
TRAIN_3296,1
TRAIN_3297,4
TRAIN_3298,1
TRAIN_3299,1
TRAIN_3300,4
TRAIN_3301,1
TRAIN_3302,4
TRAIN_3303,1
TRAIN_3304,3
TRAIN_3305,3
TRAIN_3306,2
TRAIN_3307,4
TRAIN_3308,0
TRAIN_3309,3
TRAIN_3310,0
TRAIN_3311,3
TRAIN_3312,2
TRAIN_3313,1
TRAIN_3314,0
TRAIN_3315,1
TRAIN_3316,2
TRAIN_3317,2
TRAIN_3318,2
TRAIN_3319,4
TRAIN_3320,2
TRAIN_3321,4
TRAIN_3322,3
TRAIN_3323,2
TRAIN_3324,1
TRAIN_3325,2
TRAIN_3326,3
TRAIN_3327,1
TRAIN_3328,1
TRAIN_3329,4
TRAIN_3330,3
TRAIN_3331,4
TRAIN_3332,4
TRAIN_3333,0
TRAIN_3334,3
TRAIN_3335,2
TRAIN_3336,2
TRAIN_3337,1
TRAIN_3338,3
TRAIN_3339,3
TRAIN_3340,0
TRAIN_3341,1
TRAIN_3342,0
TRAIN_3343,2
TRAIN_3344,4
TRAIN_3345,4
TRAIN_3346,1
TRAIN_3347,2
TRAIN_3348,0
TRAIN_3349,1
TRAIN_3350,2
TRAIN_3351,2
TRAIN_3352,0
TRAIN_3353,4
TRAIN_3354,4
TRAIN_3355,2
TRAIN_3356,2
TRAIN_3357,4
TRAIN_3358,0
TRAIN_3359,1
TRAIN_3360,0
TRAIN_3361,1
TRAIN_3362,3
TRAIN_3363,0
TRAIN_3364,1
TRAIN_3365,4
TRAIN_3366,0
TRAIN_3367,1
TRAIN_3368,3
TRAIN_3369,4
TRAIN_3370,3
TRAIN_3371,3
TRAIN_3372,4
TRAIN_3373,0
TRAIN_3374,2
TRAIN_3375,2
TRAIN_3376,4
TRAIN_3377,3
TRAIN_3378,4
TRAIN_3379,1
TRAIN_3380,3
TRAIN_3381,2
TRAIN_3382,1
TRAIN_3383,1
TRAIN_3384,2
TRAIN_3385,0
TRAIN_3386,0
TRAIN_3387,1
TRAIN_3388,0
TRAIN_3389,1
TRAIN_3390,1
TRAIN_3391,1
TRAIN_3392,1
TRAIN_3393,1
TRAIN_3394,3
TRAIN_3395,1
TRAIN_3396,2
TRAIN_3397,2
TRAIN_3398,1
TRAIN_3399,2
TRAIN_3400,0
TRAIN_3401,0
TRAIN_3402,2
TRAIN_3403,0
TRAIN_3404,4
TRAIN_3405,4
TRAIN_3406,2
TRAIN_3407,1
TRAIN_3408,0
TRAIN_3409,2
TRAIN_3410,4
TRAIN_3411,1
TRAIN_3412,2
TRAIN_3413,4
TRAIN_3414,2
TRAIN_3415,4
TRAIN_3416,3
TRAIN_3417,4
TRAIN_3418,1
TRAIN_3419,1
TRAIN_3420,0
TRAIN_3421,3
TRAIN_3422,0
TRAIN_3423,0
TRAIN_3424,2
TRAIN_3425,0
TRAIN_3426,2
TRAIN_3427,2
TRAIN_3428,3
TRAIN_3429,1
TRAIN_3430,0
TRAIN_3431,0
TRAIN_3432,1
TRAIN_3433,1
TRAIN_3434,0
TRAIN_3435,2
TRAIN_3436,1
TRAIN_3437,1
TRAIN_3438,3
TRAIN_3439,2
TRAIN_3440,3
TRAIN_3441,3
TRAIN_3442,1
TRAIN_3443,3
TRAIN_3444,1
TRAIN_3445,0
TRAIN_3446,2
TRAIN_3447,4
TRAIN_3448,1
TRAIN_3449,2
TRAIN_3450,0
TRAIN_3451,2
TRAIN_3452,2
TRAIN_3453,3
TRAIN_3454,3
TRAIN_3455,0
TRAIN_3456,0
TRAIN_3457,3
TRAIN_3458,0
TRAIN_3459,2
TRAIN_3460,0
TRAIN_3461,4
TRAIN_3462,4
TRAIN_3463,0
TRAIN_3464,3
TRAIN_3465,2
TRAIN_3466,4
TRAIN_3467,3
TRAIN_3468,3
TRAIN_3469,0
TRAIN_3470,4
TRAIN_3471,3
TRAIN_3472,0
TRAIN_3473,3
TRAIN_3474,0
TRAIN_3475,2
TRAIN_3476,4
TRAIN_3477,0
TRAIN_3478,2
TRAIN_3479,4
TRAIN_3480,4
TRAIN_3481,3
TRAIN_3482,0
TRAIN_3483,3
TRAIN_3484,1
TRAIN_3485,4
TRAIN_3486,1
TRAIN_3487,2
TRAIN_3488,0
TRAIN_3489,0
TRAIN_3490,1
TRAIN_3491,2
TRAIN_3492,2
TRAIN_3493,2
TRAIN_3494,4
TRAIN_3495,3
TRAIN_3496,4
TRAIN_3497,0
TRAIN_3498,0
TRAIN_3499,4
TRAIN_3500,1
TRAIN_3501,0
TRAIN_3502,4
TRAIN_3503,3
TRAIN_3504,3
TRAIN_3505,2
TRAIN_3506,2
TRAIN_3507,4
TRAIN_3508,1
TRAIN_3509,0
TRAIN_3510,2
TRAIN_3511,2
TRAIN_3512,1
TRAIN_3513,2
TRAIN_3514,2
TRAIN_3515,3
TRAIN_3516,0
TRAIN_3517,1
TRAIN_3518,2
TRAIN_3519,3
TRAIN_3520,1
TRAIN_3521,2
TRAIN_3522,2
TRAIN_3523,4
TRAIN_3524,3
TRAIN_3525,1
TRAIN_3526,1
TRAIN_3527,3
TRAIN_3528,0
TRAIN_3529,2
TRAIN_3530,3
TRAIN_3531,4
TRAIN_3532,0
TRAIN_3533,0
TRAIN_3534,2
TRAIN_3535,0
TRAIN_3536,1
TRAIN_3537,1
TRAIN_3538,1
TRAIN_3539,4
TRAIN_3540,4
TRAIN_3541,0
TRAIN_3542,4
TRAIN_3543,0
TRAIN_3544,2
TRAIN_3545,0
TRAIN_3546,2
TRAIN_3547,0
TRAIN_3548,2
TRAIN_3549,3
TRAIN_3550,2
TRAIN_3551,0
TRAIN_3552,1
TRAIN_3553,2
TRAIN_3554,3
TRAIN_3555,0
TRAIN_3556,1
TRAIN_3557,4
TRAIN_3558,4
TRAIN_3559,4
TRAIN_3560,3
TRAIN_3561,4
TRAIN_3562,3
TRAIN_3563,2
TRAIN_3564,0
TRAIN_3565,4
TRAIN_3566,1
TRAIN_3567,2
TRAIN_3568,3
TRAIN_3569,0
TRAIN_3570,2
TRAIN_3571,2
TRAIN_3572,4
TRAIN_3573,1
TRAIN_3574,4
TRAIN_3575,3
TRAIN_3576,4
TRAIN_3577,2
TRAIN_3578,0
TRAIN_3579,1
TRAIN_3580,1
TRAIN_3581,2
TRAIN_3582,2
TRAIN_3583,2
TRAIN_3584,0
TRAIN_3585,3
TRAIN_3586,1
TRAIN_3587,4
TRAIN_3588,3
TRAIN_3589,4
TRAIN_3590,3
TRAIN_3591,4
TRAIN_3592,0
TRAIN_3593,1
TRAIN_3594,0
TRAIN_3595,2
TRAIN_3596,2
TRAIN_3597,3
TRAIN_3598,2
TRAIN_3599,2
TRAIN_3600,2
TRAIN_3601,3
TRAIN_3602,0
TRAIN_3603,1
TRAIN_3604,0
TRAIN_3605,3
TRAIN_3606,4
TRAIN_3607,3
TRAIN_3608,1
TRAIN_3609,2
TRAIN_3610,0
TRAIN_3611,2
TRAIN_3612,1
TRAIN_3613,3
TRAIN_3614,2
TRAIN_3615,2
TRAIN_3616,4
TRAIN_3617,0
TRAIN_3618,2
TRAIN_3619,4
TRAIN_3620,0
TRAIN_3621,3
TRAIN_3622,3
TRAIN_3623,0
TRAIN_3624,2
TRAIN_3625,4
TRAIN_3626,2
TRAIN_3627,4
TRAIN_3628,2
TRAIN_3629,0
TRAIN_3630,3
TRAIN_3631,3
TRAIN_3632,4
TRAIN_3633,1
TRAIN_3634,4
TRAIN_3635,1
TRAIN_3636,3
TRAIN_3637,0
TRAIN_3638,3
TRAIN_3639,0
TRAIN_3640,2
TRAIN_3641,4
TRAIN_3642,2
TRAIN_3643,1
TRAIN_3644,4
TRAIN_3645,0
TRAIN_3646,3
TRAIN_3647,2
TRAIN_3648,4
TRAIN_3649,4
TRAIN_3650,0
TRAIN_3651,2
TRAIN_3652,2
TRAIN_3653,1
TRAIN_3654,0
TRAIN_3655,0
TRAIN_3656,4
TRAIN_3657,0
TRAIN_3658,0
TRAIN_3659,0
TRAIN_3660,0
TRAIN_3661,4
TRAIN_3662,2
TRAIN_3663,1
TRAIN_3664,0
TRAIN_3665,4
TRAIN_3666,2
TRAIN_3667,1
TRAIN_3668,1
TRAIN_3669,3
TRAIN_3670,1
TRAIN_3671,1
TRAIN_3672,4
TRAIN_3673,2
TRAIN_3674,2
TRAIN_3675,0
TRAIN_3676,4
TRAIN_3677,1
TRAIN_3678,2
TRAIN_3679,4
TRAIN_3680,0
TRAIN_3681,1
TRAIN_3682,1
TRAIN_3683,0
TRAIN_3684,1
TRAIN_3685,1
TRAIN_3686,3
TRAIN_3687,0
TRAIN_3688,1
TRAIN_3689,4
TRAIN_3690,3
TRAIN_3691,3
TRAIN_3692,1
TRAIN_3693,3
TRAIN_3694,0
TRAIN_3695,0
TRAIN_3696,0
TRAIN_3697,2
TRAIN_3698,2
TRAIN_3699,4
TRAIN_3700,3
TRAIN_3701,2
TRAIN_3702,0
TRAIN_3703,0
TRAIN_3704,0
TRAIN_3705,1
TRAIN_3706,2
TRAIN_3707,4
TRAIN_3708,1
TRAIN_3709,3
TRAIN_3710,1
TRAIN_3711,1
TRAIN_3712,1
TRAIN_3713,3
TRAIN_3714,2
TRAIN_3715,0
TRAIN_3716,4
TRAIN_3717,4
TRAIN_3718,0
TRAIN_3719,1
TRAIN_3720,2
TRAIN_3721,1
TRAIN_3722,3
TRAIN_3723,4
TRAIN_3724,4
TRAIN_3725,2
TRAIN_3726,1
TRAIN_3727,4
TRAIN_3728,0
TRAIN_3729,0
TRAIN_3730,2
TRAIN_3731,0
TRAIN_3732,1
TRAIN_3733,2
TRAIN_3734,0
TRAIN_3735,3
TRAIN_3736,3
TRAIN_3737,3
TRAIN_3738,3
TRAIN_3739,3
TRAIN_3740,4
TRAIN_3741,1
TRAIN_3742,2
TRAIN_3743,2
TRAIN_3744,2
TRAIN_3745,4
TRAIN_3746,4
TRAIN_3747,4
TRAIN_3748,1
TRAIN_3749,2
TRAIN_3750,2
TRAIN_3751,1
TRAIN_3752,2
TRAIN_3753,3
TRAIN_3754,2
TRAIN_3755,3
TRAIN_3756,2
TRAIN_3757,4
TRAIN_3758,4
TRAIN_3759,4
TRAIN_3760,3
TRAIN_3761,3
TRAIN_3762,0
TRAIN_3763,3
TRAIN_3764,4
TRAIN_3765,4
TRAIN_3766,0
TRAIN_3767,2
TRAIN_3768,1
TRAIN_3769,0
TRAIN_3770,0
TRAIN_3771,4
TRAIN_3772,4
TRAIN_3773,0
TRAIN_3774,2
TRAIN_3775,4
TRAIN_3776,4
TRAIN_3777,4
TRAIN_3778,2
TRAIN_3779,2
TRAIN_3780,1
TRAIN_3781,0
TRAIN_3782,4
TRAIN_3783,0
TRAIN_3784,1
TRAIN_3785,4
TRAIN_3786,1
TRAIN_3787,2
TRAIN_3788,1
TRAIN_3789,1
TRAIN_3790,3
TRAIN_3791,1
TRAIN_3792,4
TRAIN_3793,3
TRAIN_3794,2
TRAIN_3795,3
TRAIN_3796,2
TRAIN_3797,3
TRAIN_3798,3
TRAIN_3799,4
TRAIN_3800,3
TRAIN_3801,0
TRAIN_3802,0
TRAIN_3803,0
TRAIN_3804,3
TRAIN_3805,3
TRAIN_3806,1
TRAIN_3807,0
TRAIN_3808,1
TRAIN_3809,1
TRAIN_3810,1
TRAIN_3811,4
TRAIN_3812,1
TRAIN_3813,2
TRAIN_3814,2
TRAIN_3815,0
TRAIN_3816,1
TRAIN_3817,4
TRAIN_3818,4
TRAIN_3819,0
TRAIN_3820,2
TRAIN_3821,3
TRAIN_3822,2
TRAIN_3823,1
TRAIN_3824,4
TRAIN_3825,2
TRAIN_3826,3
TRAIN_3827,3
TRAIN_3828,3
TRAIN_3829,0
TRAIN_3830,2
TRAIN_3831,4
TRAIN_3832,3
TRAIN_3833,2
TRAIN_3834,4
TRAIN_3835,2
TRAIN_3836,1
TRAIN_3837,2
TRAIN_3838,1
TRAIN_3839,0
TRAIN_3840,0
TRAIN_3841,1
TRAIN_3842,4
TRAIN_3843,0
TRAIN_3844,0
TRAIN_3845,2
TRAIN_3846,0
TRAIN_3847,1
TRAIN_3848,2
TRAIN_3849,3
TRAIN_3850,1
TRAIN_3851,2
TRAIN_3852,0
TRAIN_3853,1
TRAIN_3854,2
TRAIN_3855,4
TRAIN_3856,1
TRAIN_3857,3
TRAIN_3858,4
TRAIN_3859,0
TRAIN_3860,0
TRAIN_3861,3
TRAIN_3862,4
TRAIN_3863,0
TRAIN_3864,3
TRAIN_3865,1
TRAIN_3866,0
TRAIN_3867,1
TRAIN_3868,1
TRAIN_3869,4
TRAIN_3870,4
TRAIN_3871,3
TRAIN_3872,2
TRAIN_3873,4
TRAIN_3874,1
TRAIN_3875,1
TRAIN_3876,2
TRAIN_3877,2
TRAIN_3878,0
TRAIN_3879,0
TRAIN_3880,2
TRAIN_3881,2
TRAIN_3882,3
TRAIN_3883,3
TRAIN_3884,0
TRAIN_3885,3
TRAIN_3886,2
TRAIN_3887,2
TRAIN_3888,1
TRAIN_3889,1
TRAIN_3890,4
TRAIN_3891,1
TRAIN_3892,1
TRAIN_3893,4
TRAIN_3894,1
TRAIN_3895,0
TRAIN_3896,2
TRAIN_3897,3
TRAIN_3898,1
TRAIN_3899,3
TRAIN_3900,4
TRAIN_3901,1
TRAIN_3902,2
TRAIN_3903,4
TRAIN_3904,4
TRAIN_3905,0
TRAIN_3906,3
TRAIN_3907,4
TRAIN_3908,1
TRAIN_3909,3
TRAIN_3910,1
TRAIN_3911,0
TRAIN_3912,1
TRAIN_3913,2
TRAIN_3914,2
TRAIN_3915,3
TRAIN_3916,0
TRAIN_3917,2
TRAIN_3918,1
TRAIN_3919,0
TRAIN_3920,1
TRAIN_3921,3
TRAIN_3922,0
TRAIN_3923,3
TRAIN_3924,3
TRAIN_3925,0
TRAIN_3926,4
TRAIN_3927,3
TRAIN_3928,1
TRAIN_3929,4
TRAIN_3930,1
TRAIN_3931,1
TRAIN_3932,4
TRAIN_3933,0
TRAIN_3934,4
TRAIN_3935,2
TRAIN_3936,0
TRAIN_3937,0
TRAIN_3938,2
TRAIN_3939,3
TRAIN_3940,3
TRAIN_3941,1
TRAIN_3942,4
TRAIN_3943,2
TRAIN_3944,2
TRAIN_3945,0
TRAIN_3946,4
TRAIN_3947,4
TRAIN_3948,3
TRAIN_3949,4
TRAIN_3950,3
TRAIN_3951,3
TRAIN_3952,4
TRAIN_3953,0
TRAIN_3954,1
TRAIN_3955,0
TRAIN_3956,1
TRAIN_3957,2
TRAIN_3958,4
TRAIN_3959,4
TRAIN_3960,4
TRAIN_3961,0
TRAIN_3962,2
TRAIN_3963,4
TRAIN_3964,1
TRAIN_3965,0
TRAIN_3966,4
TRAIN_3967,4
TRAIN_3968,3
TRAIN_3969,3
TRAIN_3970,4
TRAIN_3971,4
TRAIN_3972,4
TRAIN_3973,0
TRAIN_3974,1
TRAIN_3975,2
TRAIN_3976,0
TRAIN_3977,1
TRAIN_3978,1
TRAIN_3979,0
TRAIN_3980,1
TRAIN_3981,2
TRAIN_3982,1
TRAIN_3983,2
TRAIN_3984,2
TRAIN_3985,1
TRAIN_3986,4
TRAIN_3987,3
TRAIN_3988,0
TRAIN_3989,4
TRAIN_3990,1
TRAIN_3991,1
TRAIN_3992,1
TRAIN_3993,1
TRAIN_3994,4
TRAIN_3995,3
TRAIN_3996,4
TRAIN_3997,0
TRAIN_3998,2
TRAIN_3999,2
TRAIN_4000,0
TRAIN_4001,1
TRAIN_4002,4
TRAIN_4003,1
TRAIN_4004,1
TRAIN_4005,4
TRAIN_4006,0
TRAIN_4007,2
TRAIN_4008,0
TRAIN_4009,0
TRAIN_4010,2
TRAIN_4011,1
TRAIN_4012,0
TRAIN_4013,2
TRAIN_4014,1
TRAIN_4015,3
TRAIN_4016,4
TRAIN_4017,1
TRAIN_4018,3
TRAIN_4019,3
TRAIN_4020,0
TRAIN_4021,4
TRAIN_4022,1
TRAIN_4023,2
TRAIN_4024,3
TRAIN_4025,4
TRAIN_4026,1
TRAIN_4027,1
TRAIN_4028,3
TRAIN_4029,0
TRAIN_4030,2
TRAIN_4031,0
TRAIN_4032,4
TRAIN_4033,1
TRAIN_4034,4
TRAIN_4035,1
TRAIN_4036,3
TRAIN_4037,0
TRAIN_4038,1
TRAIN_4039,0
TRAIN_4040,2
TRAIN_4041,1
TRAIN_4042,3
TRAIN_4043,0
TRAIN_4044,0
TRAIN_4045,1
TRAIN_4046,0
TRAIN_4047,0
TRAIN_4048,0
TRAIN_4049,2
TRAIN_4050,2
TRAIN_4051,4
TRAIN_4052,0
TRAIN_4053,2
TRAIN_4054,3
TRAIN_4055,4
TRAIN_4056,1
TRAIN_4057,0
TRAIN_4058,4
TRAIN_4059,3
TRAIN_4060,2
TRAIN_4061,2
TRAIN_4062,1
TRAIN_4063,0
TRAIN_4064,2
TRAIN_4065,4
TRAIN_4066,0
TRAIN_4067,3
TRAIN_4068,1
TRAIN_4069,3
TRAIN_4070,1
TRAIN_4071,3
TRAIN_4072,2
TRAIN_4073,2
TRAIN_4074,3
TRAIN_4075,3
TRAIN_4076,0
TRAIN_4077,0
TRAIN_4078,3
TRAIN_4079,4
TRAIN_4080,0
TRAIN_4081,4
TRAIN_4082,0
TRAIN_4083,3
TRAIN_4084,3
TRAIN_4085,3
TRAIN_4086,0
TRAIN_4087,1
TRAIN_4088,1
TRAIN_4089,3
TRAIN_4090,3
TRAIN_4091,3
TRAIN_4092,1
TRAIN_4093,3
TRAIN_4094,0
TRAIN_4095,4
TRAIN_4096,4
TRAIN_4097,1
TRAIN_4098,0
TRAIN_4099,0
TRAIN_4100,1
TRAIN_4101,3
TRAIN_4102,4
TRAIN_4103,4
TRAIN_4104,3
TRAIN_4105,2
TRAIN_4106,3
TRAIN_4107,4
TRAIN_4108,0
TRAIN_4109,4
TRAIN_4110,3
TRAIN_4111,2
TRAIN_4112,1
TRAIN_4113,3
TRAIN_4114,2
TRAIN_4115,1
TRAIN_4116,2
TRAIN_4117,4
TRAIN_4118,2
TRAIN_4119,3
TRAIN_4120,3
TRAIN_4121,1
TRAIN_4122,1
TRAIN_4123,4
TRAIN_4124,4
TRAIN_4125,0
TRAIN_4126,0
TRAIN_4127,2
TRAIN_4128,3
TRAIN_4129,0
TRAIN_4130,3
TRAIN_4131,1
TRAIN_4132,2
TRAIN_4133,1
TRAIN_4134,1
TRAIN_4135,2
TRAIN_4136,2
TRAIN_4137,0
TRAIN_4138,0
TRAIN_4139,3
TRAIN_4140,3
TRAIN_4141,4
TRAIN_4142,3
TRAIN_4143,2
TRAIN_4144,4
TRAIN_4145,3
TRAIN_4146,4
TRAIN_4147,1
TRAIN_4148,3
TRAIN_4149,2
TRAIN_4150,2
TRAIN_4151,4
TRAIN_4152,0
TRAIN_4153,1
TRAIN_4154,1
TRAIN_4155,0
TRAIN_4156,3
TRAIN_4157,1
TRAIN_4158,3
TRAIN_4159,4
TRAIN_4160,4
TRAIN_4161,3
TRAIN_4162,2
TRAIN_4163,3
TRAIN_4164,3
TRAIN_4165,0
TRAIN_4166,2
TRAIN_4167,2
TRAIN_4168,2
TRAIN_4169,4
TRAIN_4170,1
TRAIN_4171,2
TRAIN_4172,2
TRAIN_4173,3
TRAIN_4174,3
TRAIN_4175,3
TRAIN_4176,1
TRAIN_4177,2
TRAIN_4178,0
TRAIN_4179,1
TRAIN_4180,3
TRAIN_4181,3
TRAIN_4182,2
TRAIN_4183,0
TRAIN_4184,3
TRAIN_4185,4
TRAIN_4186,3
TRAIN_4187,3
TRAIN_4188,1
TRAIN_4189,2
TRAIN_4190,2
TRAIN_4191,3
TRAIN_4192,4
TRAIN_4193,4
TRAIN_4194,4
TRAIN_4195,1
TRAIN_4196,2
TRAIN_4197,4
TRAIN_4198,1
TRAIN_4199,0
TRAIN_4200,1
TRAIN_4201,0
TRAIN_4202,2
TRAIN_4203,1
TRAIN_4204,1
TRAIN_4205,2
TRAIN_4206,4
TRAIN_4207,1
TRAIN_4208,1
TRAIN_4209,1
TRAIN_4210,1
TRAIN_4211,1
TRAIN_4212,2
TRAIN_4213,4
TRAIN_4214,3
TRAIN_4215,3
TRAIN_4216,3
TRAIN_4217,0
TRAIN_4218,2
TRAIN_4219,3
TRAIN_4220,4
TRAIN_4221,0
TRAIN_4222,0
TRAIN_4223,4
TRAIN_4224,0
TRAIN_4225,0
TRAIN_4226,0
TRAIN_4227,0
TRAIN_4228,0
TRAIN_4229,1
TRAIN_4230,0
TRAIN_4231,1
TRAIN_4232,1
TRAIN_4233,4
TRAIN_4234,3
TRAIN_4235,1
TRAIN_4236,1
TRAIN_4237,2
TRAIN_4238,1
TRAIN_4239,2
TRAIN_4240,2
TRAIN_4241,3
TRAIN_4242,0
TRAIN_4243,1
TRAIN_4244,4
TRAIN_4245,4
TRAIN_4246,4
TRAIN_4247,0
TRAIN_4248,3
TRAIN_4249,3
TRAIN_4250,1
TRAIN_4251,3
TRAIN_4252,1
TRAIN_4253,4
TRAIN_4254,2
TRAIN_4255,1
TRAIN_4256,2
TRAIN_4257,3
TRAIN_4258,2
TRAIN_4259,3
TRAIN_4260,2
TRAIN_4261,3
TRAIN_4262,0
TRAIN_4263,2
TRAIN_4264,1
TRAIN_4265,0
TRAIN_4266,1
TRAIN_4267,0
TRAIN_4268,2
TRAIN_4269,2
TRAIN_4270,0
TRAIN_4271,4
TRAIN_4272,3
TRAIN_4273,3
TRAIN_4274,4
TRAIN_4275,3
TRAIN_4276,3
TRAIN_4277,3
TRAIN_4278,3
TRAIN_4279,2
TRAIN_4280,1
TRAIN_4281,0
TRAIN_4282,1
TRAIN_4283,0
TRAIN_4284,4
TRAIN_4285,1
TRAIN_4286,4
TRAIN_4287,0
TRAIN_4288,0
TRAIN_4289,1
TRAIN_4290,1
TRAIN_4291,1
TRAIN_4292,0
TRAIN_4293,3
TRAIN_4294,4
TRAIN_4295,4
TRAIN_4296,1
TRAIN_4297,3
TRAIN_4298,0
TRAIN_4299,4
TRAIN_4300,3
TRAIN_4301,4
TRAIN_4302,1
TRAIN_4303,3
TRAIN_4304,4
TRAIN_4305,4
TRAIN_4306,4
TRAIN_4307,0
TRAIN_4308,3
TRAIN_4309,1
TRAIN_4310,1
TRAIN_4311,3
TRAIN_4312,3
TRAIN_4313,0
TRAIN_4314,3
TRAIN_4315,2
TRAIN_4316,0
TRAIN_4317,1
TRAIN_4318,1
TRAIN_4319,4
TRAIN_4320,3
TRAIN_4321,0
TRAIN_4322,4
TRAIN_4323,0
TRAIN_4324,0
TRAIN_4325,4
TRAIN_4326,1
TRAIN_4327,2
TRAIN_4328,4
TRAIN_4329,1
TRAIN_4330,1
TRAIN_4331,2
TRAIN_4332,4
TRAIN_4333,4
TRAIN_4334,2
TRAIN_4335,2
TRAIN_4336,4
TRAIN_4337,4
TRAIN_4338,0
TRAIN_4339,1
TRAIN_4340,0
TRAIN_4341,1
TRAIN_4342,0
TRAIN_4343,1
TRAIN_4344,2
TRAIN_4345,3
TRAIN_4346,4
TRAIN_4347,3
TRAIN_4348,1
TRAIN_4349,2
TRAIN_4350,1
TRAIN_4351,1
TRAIN_4352,4
TRAIN_4353,1
TRAIN_4354,2
TRAIN_4355,1
TRAIN_4356,3
TRAIN_4357,3
TRAIN_4358,3
TRAIN_4359,0
TRAIN_4360,4
TRAIN_4361,0
TRAIN_4362,1
TRAIN_4363,3
TRAIN_4364,3
TRAIN_4365,3
TRAIN_4366,1
TRAIN_4367,4
TRAIN_4368,3
TRAIN_4369,4
TRAIN_4370,1
TRAIN_4371,4
TRAIN_4372,0
TRAIN_4373,2
TRAIN_4374,3
TRAIN_4375,4
TRAIN_4376,2
TRAIN_4377,2
TRAIN_4378,0
TRAIN_4379,1
TRAIN_4380,3
TRAIN_4381,2
TRAIN_4382,2
TRAIN_4383,2
TRAIN_4384,3
TRAIN_4385,1
TRAIN_4386,4
TRAIN_4387,1
TRAIN_4388,4
TRAIN_4389,1
TRAIN_4390,0
TRAIN_4391,3
TRAIN_4392,0
TRAIN_4393,3
TRAIN_4394,2
TRAIN_4395,4
TRAIN_4396,1
TRAIN_4397,3
TRAIN_4398,3
TRAIN_4399,4
TRAIN_4400,3
TRAIN_4401,3
TRAIN_4402,3
TRAIN_4403,1
TRAIN_4404,0
TRAIN_4405,2
TRAIN_4406,4
TRAIN_4407,1
TRAIN_4408,4
TRAIN_4409,0
TRAIN_4410,0
TRAIN_4411,2
TRAIN_4412,3
TRAIN_4413,0
TRAIN_4414,0
TRAIN_4415,1
TRAIN_4416,4
TRAIN_4417,1
TRAIN_4418,4
TRAIN_4419,0
TRAIN_4420,4
TRAIN_4421,3
TRAIN_4422,4
TRAIN_4423,1
TRAIN_4424,3
TRAIN_4425,1
TRAIN_4426,2
TRAIN_4427,4
TRAIN_4428,0
TRAIN_4429,4
TRAIN_4430,1
TRAIN_4431,1
TRAIN_4432,4
TRAIN_4433,4
TRAIN_4434,0
TRAIN_4435,4
TRAIN_4436,0
TRAIN_4437,3
TRAIN_4438,3
TRAIN_4439,2
TRAIN_4440,0
TRAIN_4441,2
TRAIN_4442,3
TRAIN_4443,2
TRAIN_4444,2
TRAIN_4445,2
TRAIN_4446,3
TRAIN_4447,4
TRAIN_4448,4
TRAIN_4449,4
TRAIN_4450,0
TRAIN_4451,3
TRAIN_4452,4
TRAIN_4453,1
TRAIN_4454,3
TRAIN_4455,2
TRAIN_4456,0
TRAIN_4457,1
TRAIN_4458,2
TRAIN_4459,0
TRAIN_4460,4
TRAIN_4461,0
TRAIN_4462,4
TRAIN_4463,0
TRAIN_4464,1
TRAIN_4465,1
TRAIN_4466,3
TRAIN_4467,2
TRAIN_4468,2
TRAIN_4469,2
TRAIN_4470,1
TRAIN_4471,4
TRAIN_4472,1
TRAIN_4473,4
TRAIN_4474,2
TRAIN_4475,2
TRAIN_4476,4
TRAIN_4477,0
TRAIN_4478,3
TRAIN_4479,3
TRAIN_4480,0
TRAIN_4481,0
TRAIN_4482,1
TRAIN_4483,2
TRAIN_4484,3
TRAIN_4485,1
TRAIN_4486,2
TRAIN_4487,2
TRAIN_4488,0
TRAIN_4489,4
TRAIN_4490,2
TRAIN_4491,0
TRAIN_4492,4
TRAIN_4493,4
TRAIN_4494,3
TRAIN_4495,2
TRAIN_4496,0
TRAIN_4497,1
TRAIN_4498,2
TRAIN_4499,2
TRAIN_4500,0
TRAIN_4501,3
TRAIN_4502,4
TRAIN_4503,0
TRAIN_4504,2
TRAIN_4505,0
TRAIN_4506,4
TRAIN_4507,3
TRAIN_4508,0
TRAIN_4509,4
TRAIN_4510,4
TRAIN_4511,2
TRAIN_4512,4
TRAIN_4513,2
TRAIN_4514,4
TRAIN_4515,4
TRAIN_4516,4
TRAIN_4517,2
TRAIN_4518,2
TRAIN_4519,4
TRAIN_4520,3
TRAIN_4521,1
TRAIN_4522,1
TRAIN_4523,2
TRAIN_4524,4
TRAIN_4525,0
TRAIN_4526,2
TRAIN_4527,3
TRAIN_4528,1
TRAIN_4529,0
TRAIN_4530,4
TRAIN_4531,4
TRAIN_4532,3
TRAIN_4533,0
TRAIN_4534,2
TRAIN_4535,4
TRAIN_4536,2
TRAIN_4537,4
TRAIN_4538,2
TRAIN_4539,0
TRAIN_4540,4
TRAIN_4541,2
TRAIN_4542,3
TRAIN_4543,4
TRAIN_4544,0
TRAIN_4545,4
TRAIN_4546,4
TRAIN_4547,2
TRAIN_4548,1
TRAIN_4549,0
TRAIN_4550,0
TRAIN_4551,4
TRAIN_4552,0
TRAIN_4553,2
TRAIN_4554,0
TRAIN_4555,4
TRAIN_4556,0
TRAIN_4557,2
TRAIN_4558,1
TRAIN_4559,2
TRAIN_4560,0
TRAIN_4561,3
TRAIN_4562,4
TRAIN_4563,0
TRAIN_4564,1
TRAIN_4565,3
TRAIN_4566,4
TRAIN_4567,3
TRAIN_4568,4
TRAIN_4569,0
TRAIN_4570,2
TRAIN_4571,0
TRAIN_4572,3
TRAIN_4573,2
TRAIN_4574,0
TRAIN_4575,2
TRAIN_4576,1
TRAIN_4577,0
TRAIN_4578,3
TRAIN_4579,1
TRAIN_4580,0
TRAIN_4581,3
TRAIN_4582,1
TRAIN_4583,4
TRAIN_4584,3
TRAIN_4585,1
TRAIN_4586,1
TRAIN_4587,1
TRAIN_4588,3
TRAIN_4589,1
TRAIN_4590,1
TRAIN_4591,4
TRAIN_4592,4
TRAIN_4593,3
TRAIN_4594,0
TRAIN_4595,3
TRAIN_4596,0
TRAIN_4597,4
TRAIN_4598,3
TRAIN_4599,4
TRAIN_4600,2
TRAIN_4601,1
TRAIN_4602,0
TRAIN_4603,1
TRAIN_4604,2
TRAIN_4605,1
TRAIN_4606,2
TRAIN_4607,2
TRAIN_4608,1
TRAIN_4609,3
TRAIN_4610,3
TRAIN_4611,3
TRAIN_4612,3
TRAIN_4613,3
TRAIN_4614,2
TRAIN_4615,4
TRAIN_4616,4
TRAIN_4617,2
TRAIN_4618,0
TRAIN_4619,1
TRAIN_4620,4
TRAIN_4621,2
TRAIN_4622,4
TRAIN_4623,1
TRAIN_4624,1
TRAIN_4625,1
TRAIN_4626,4
TRAIN_4627,0
TRAIN_4628,1
TRAIN_4629,1
TRAIN_4630,2
TRAIN_4631,0
TRAIN_4632,2
TRAIN_4633,0
TRAIN_4634,3
TRAIN_4635,3
TRAIN_4636,1
TRAIN_4637,0
TRAIN_4638,1
TRAIN_4639,1
TRAIN_4640,2
TRAIN_4641,2
TRAIN_4642,4
TRAIN_4643,0
TRAIN_4644,2
TRAIN_4645,4
TRAIN_4646,3
TRAIN_4647,3
TRAIN_4648,3
TRAIN_4649,4
TRAIN_4650,3
TRAIN_4651,4
TRAIN_4652,2
TRAIN_4653,1
TRAIN_4654,0
TRAIN_4655,3
TRAIN_4656,1
TRAIN_4657,2
TRAIN_4658,2
TRAIN_4659,2
TRAIN_4660,2
TRAIN_4661,1
TRAIN_4662,4
TRAIN_4663,4
TRAIN_4664,3
TRAIN_4665,1
TRAIN_4666,4
TRAIN_4667,4
TRAIN_4668,2
TRAIN_4669,4
TRAIN_4670,4
TRAIN_4671,1
TRAIN_4672,2
TRAIN_4673,0
TRAIN_4674,3
TRAIN_4675,0
TRAIN_4676,0
TRAIN_4677,0
TRAIN_4678,2
TRAIN_4679,3
TRAIN_4680,1
TRAIN_4681,3
TRAIN_4682,2
TRAIN_4683,2
TRAIN_4684,4
TRAIN_4685,0
TRAIN_4686,3
TRAIN_4687,2
TRAIN_4688,1
TRAIN_4689,2
TRAIN_4690,2
TRAIN_4691,4
TRAIN_4692,3
TRAIN_4693,0
TRAIN_4694,2
TRAIN_4695,3
TRAIN_4696,2
TRAIN_4697,2
TRAIN_4698,4
TRAIN_4699,0
TRAIN_4700,0
TRAIN_4701,2
TRAIN_4702,3
TRAIN_4703,2
TRAIN_4704,3
TRAIN_4705,0
TRAIN_4706,3
TRAIN_4707,3
TRAIN_4708,3
TRAIN_4709,1
TRAIN_4710,3
TRAIN_4711,2
TRAIN_4712,1
TRAIN_4713,1
TRAIN_4714,0
TRAIN_4715,2
TRAIN_4716,0
TRAIN_4717,4
TRAIN_4718,4
TRAIN_4719,4
TRAIN_4720,1
TRAIN_4721,0
TRAIN_4722,2
TRAIN_4723,4
TRAIN_4724,0
TRAIN_4725,0
TRAIN_4726,3
TRAIN_4727,0
TRAIN_4728,1
TRAIN_4729,0
TRAIN_4730,1
TRAIN_4731,4
TRAIN_4732,0
TRAIN_4733,2
TRAIN_4734,0
TRAIN_4735,4
TRAIN_4736,2
TRAIN_4737,0
TRAIN_4738,1
TRAIN_4739,3
TRAIN_4740,2
TRAIN_4741,0
TRAIN_4742,4
TRAIN_4743,2
TRAIN_4744,4
TRAIN_4745,2
TRAIN_4746,3
TRAIN_4747,0
TRAIN_4748,2
TRAIN_4749,4
TRAIN_4750,3
TRAIN_4751,4
TRAIN_4752,4
TRAIN_4753,0
TRAIN_4754,1
TRAIN_4755,2
TRAIN_4756,4
TRAIN_4757,1
TRAIN_4758,2
TRAIN_4759,3
TRAIN_4760,1
TRAIN_4761,1
TRAIN_4762,0
TRAIN_4763,3
TRAIN_4764,1
TRAIN_4765,2
TRAIN_4766,4
TRAIN_4767,3
TRAIN_4768,1
TRAIN_4769,3
TRAIN_4770,1
TRAIN_4771,3
TRAIN_4772,1
TRAIN_4773,1
TRAIN_4774,4
TRAIN_4775,4
TRAIN_4776,0
TRAIN_4777,3
TRAIN_4778,4
TRAIN_4779,0
TRAIN_4780,2
TRAIN_4781,1
TRAIN_4782,2
TRAIN_4783,1
TRAIN_4784,0
TRAIN_4785,0
TRAIN_4786,0
TRAIN_4787,4
TRAIN_4788,1
TRAIN_4789,1
TRAIN_4790,0
TRAIN_4791,0
TRAIN_4792,1
TRAIN_4793,4
TRAIN_4794,0
TRAIN_4795,0
TRAIN_4796,4
TRAIN_4797,1
TRAIN_4798,3
TRAIN_4799,3
TRAIN_4800,1
TRAIN_4801,2
TRAIN_4802,1
TRAIN_4803,0
TRAIN_4804,1
TRAIN_4805,1
TRAIN_4806,2
TRAIN_4807,2
TRAIN_4808,0
TRAIN_4809,0
TRAIN_4810,1
TRAIN_4811,2
TRAIN_4812,0
TRAIN_4813,1
TRAIN_4814,3
TRAIN_4815,1
TRAIN_4816,1
TRAIN_4817,1
TRAIN_4818,3
TRAIN_4819,2
TRAIN_4820,2
TRAIN_4821,4
TRAIN_4822,4
TRAIN_4823,3
TRAIN_4824,4
TRAIN_4825,1
TRAIN_4826,0
TRAIN_4827,2
TRAIN_4828,1
TRAIN_4829,0
TRAIN_4830,1
TRAIN_4831,1
TRAIN_4832,4
TRAIN_4833,1
TRAIN_4834,4
TRAIN_4835,2
TRAIN_4836,2
TRAIN_4837,4
TRAIN_4838,3
TRAIN_4839,4
TRAIN_4840,0
TRAIN_4841,4
TRAIN_4842,1
TRAIN_4843,1
TRAIN_4844,2
TRAIN_4845,4
TRAIN_4846,2
TRAIN_4847,0
TRAIN_4848,2
TRAIN_4849,0
TRAIN_4850,2
TRAIN_4851,2
TRAIN_4852,2
TRAIN_4853,4
TRAIN_4854,4
TRAIN_4855,1
TRAIN_4856,2
TRAIN_4857,2
TRAIN_4858,3
TRAIN_4859,2
TRAIN_4860,2
TRAIN_4861,4
TRAIN_4862,0
TRAIN_4863,4
TRAIN_4864,4
TRAIN_4865,0
TRAIN_4866,4
TRAIN_4867,0
TRAIN_4868,0
TRAIN_4869,4
TRAIN_4870,3
TRAIN_4871,4
TRAIN_4872,2
TRAIN_4873,4
TRAIN_4874,3
TRAIN_4875,3
TRAIN_4876,3
TRAIN_4877,3
TRAIN_4878,4
TRAIN_4879,0
TRAIN_4880,2
TRAIN_4881,0
TRAIN_4882,3
TRAIN_4883,0
TRAIN_4884,2
TRAIN_4885,2
TRAIN_4886,4
TRAIN_4887,3
TRAIN_4888,4
TRAIN_4889,3
TRAIN_4890,3
TRAIN_4891,2
TRAIN_4892,3
TRAIN_4893,2
TRAIN_4894,4
TRAIN_4895,1
TRAIN_4896,2
TRAIN_4897,1
TRAIN_4898,3
TRAIN_4899,1
TRAIN_4900,1
TRAIN_4901,2
TRAIN_4902,2
TRAIN_4903,0
TRAIN_4904,3
TRAIN_4905,0
TRAIN_4906,3
TRAIN_4907,4
TRAIN_4908,3
TRAIN_4909,3
TRAIN_4910,3
TRAIN_4911,4
TRAIN_4912,4
TRAIN_4913,2
TRAIN_4914,0
TRAIN_4915,0
TRAIN_4916,0
TRAIN_4917,0
TRAIN_4918,1
TRAIN_4919,3
TRAIN_4920,3
TRAIN_4921,3
TRAIN_4922,0
TRAIN_4923,1
TRAIN_4924,3
TRAIN_4925,2
TRAIN_4926,2
TRAIN_4927,0
TRAIN_4928,2
TRAIN_4929,4
TRAIN_4930,4
TRAIN_4931,2
TRAIN_4932,2
TRAIN_4933,3
TRAIN_4934,1
TRAIN_4935,0
TRAIN_4936,4
TRAIN_4937,2
TRAIN_4938,1
TRAIN_4939,2
TRAIN_4940,1
TRAIN_4941,4
TRAIN_4942,4
TRAIN_4943,3
TRAIN_4944,4
TRAIN_4945,3
TRAIN_4946,2
TRAIN_4947,1
TRAIN_4948,1
TRAIN_4949,1
TRAIN_4950,3
TRAIN_4951,0
TRAIN_4952,2
TRAIN_4953,1
TRAIN_4954,2
TRAIN_4955,4
TRAIN_4956,0
TRAIN_4957,3
TRAIN_4958,1
TRAIN_4959,3
TRAIN_4960,1
TRAIN_4961,2
TRAIN_4962,2
TRAIN_4963,1
TRAIN_4964,0
TRAIN_4965,0
TRAIN_4966,2
TRAIN_4967,1
TRAIN_4968,3
TRAIN_4969,0
TRAIN_4970,2
TRAIN_4971,0
TRAIN_4972,2
TRAIN_4973,0
TRAIN_4974,3
TRAIN_4975,3
TRAIN_4976,3
TRAIN_4977,0
TRAIN_4978,1
TRAIN_4979,3
TRAIN_4980,3
TRAIN_4981,1
TRAIN_4982,3
TRAIN_4983,0
TRAIN_4984,4
TRAIN_4985,4
TRAIN_4986,3
TRAIN_4987,0
TRAIN_4988,4
TRAIN_4989,2
TRAIN_4990,2
TRAIN_4991,2
TRAIN_4992,4
TRAIN_4993,4
TRAIN_4994,1
TRAIN_4995,1
TRAIN_4996,4
TRAIN_4997,3
TRAIN_4998,2
TRAIN_4999,4
TRAIN_5000,3
TRAIN_5001,3
TRAIN_5002,3
TRAIN_5003,3
TRAIN_5004,4
TRAIN_5005,3
TRAIN_5006,3
TRAIN_5007,0
TRAIN_5008,4
TRAIN_5009,3
TRAIN_5010,2
TRAIN_5011,1
TRAIN_5012,0
TRAIN_5013,1
TRAIN_5014,2
TRAIN_5015,3
TRAIN_5016,4
TRAIN_5017,4
TRAIN_5018,2
TRAIN_5019,2
TRAIN_5020,1
TRAIN_5021,3
TRAIN_5022,3
TRAIN_5023,1
TRAIN_5024,1
TRAIN_5025,2
TRAIN_5026,0
TRAIN_5027,2
TRAIN_5028,1
TRAIN_5029,0
TRAIN_5030,4
TRAIN_5031,2
TRAIN_5032,2
TRAIN_5033,2
TRAIN_5034,2
TRAIN_5035,4
TRAIN_5036,2
TRAIN_5037,2
TRAIN_5038,1
TRAIN_5039,0
TRAIN_5040,4
TRAIN_5041,1
TRAIN_5042,2
TRAIN_5043,0
TRAIN_5044,0
TRAIN_5045,2
TRAIN_5046,0
TRAIN_5047,3
TRAIN_5048,2
TRAIN_5049,0
TRAIN_5050,3
TRAIN_5051,3
TRAIN_5052,4
TRAIN_5053,0
TRAIN_5054,0
TRAIN_5055,2
TRAIN_5056,3
TRAIN_5057,1
TRAIN_5058,1
TRAIN_5059,3
TRAIN_5060,0
TRAIN_5061,0
TRAIN_5062,2
TRAIN_5063,0
TRAIN_5064,4
TRAIN_5065,2
TRAIN_5066,4
TRAIN_5067,2
TRAIN_5068,3
TRAIN_5069,2
TRAIN_5070,3
TRAIN_5071,2
TRAIN_5072,4
TRAIN_5073,4
TRAIN_5074,1
TRAIN_5075,0
TRAIN_5076,4
TRAIN_5077,4
TRAIN_5078,2
TRAIN_5079,3
TRAIN_5080,0
TRAIN_5081,4
TRAIN_5082,1
TRAIN_5083,3
TRAIN_5084,2
TRAIN_5085,4
TRAIN_5086,3
TRAIN_5087,2
TRAIN_5088,2
TRAIN_5089,1
TRAIN_5090,3
TRAIN_5091,3
TRAIN_5092,0
TRAIN_5093,1
TRAIN_5094,4
TRAIN_5095,2
TRAIN_5096,4
TRAIN_5097,1
TRAIN_5098,2
TRAIN_5099,0
TRAIN_5100,2
TRAIN_5101,4
TRAIN_5102,1
TRAIN_5103,4
TRAIN_5104,1
TRAIN_5105,3
TRAIN_5106,0
TRAIN_5107,1
TRAIN_5108,0
TRAIN_5109,2
TRAIN_5110,0
TRAIN_5111,0
TRAIN_5112,2
TRAIN_5113,4
TRAIN_5114,0
TRAIN_5115,1
TRAIN_5116,4
TRAIN_5117,2
TRAIN_5118,1
TRAIN_5119,1
TRAIN_5120,3
TRAIN_5121,4
TRAIN_5122,2
TRAIN_5123,1
TRAIN_5124,3
TRAIN_5125,4
TRAIN_5126,4
TRAIN_5127,0
TRAIN_5128,2
TRAIN_5129,1
TRAIN_5130,1
TRAIN_5131,3
TRAIN_5132,4
TRAIN_5133,2
TRAIN_5134,1
TRAIN_5135,3
TRAIN_5136,2
TRAIN_5137,3
TRAIN_5138,0
TRAIN_5139,0
TRAIN_5140,2
TRAIN_5141,2
TRAIN_5142,2
TRAIN_5143,2
TRAIN_5144,3
TRAIN_5145,3
TRAIN_5146,0
TRAIN_5147,1
TRAIN_5148,1
TRAIN_5149,3
TRAIN_5150,2
TRAIN_5151,0
TRAIN_5152,0
TRAIN_5153,1
TRAIN_5154,4
TRAIN_5155,1
TRAIN_5156,4
TRAIN_5157,2
TRAIN_5158,2
TRAIN_5159,3
TRAIN_5160,1
TRAIN_5161,2
TRAIN_5162,4
TRAIN_5163,1
TRAIN_5164,4
TRAIN_5165,3
TRAIN_5166,3
TRAIN_5167,3
TRAIN_5168,3
TRAIN_5169,3
TRAIN_5170,2
TRAIN_5171,1
TRAIN_5172,4
TRAIN_5173,0
TRAIN_5174,0
TRAIN_5175,0
TRAIN_5176,4
TRAIN_5177,3
TRAIN_5178,4
TRAIN_5179,2
TRAIN_5180,0
TRAIN_5181,1
TRAIN_5182,3
TRAIN_5183,3
TRAIN_5184,4
TRAIN_5185,4
TRAIN_5186,3
TRAIN_5187,2
TRAIN_5188,2
TRAIN_5189,1
TRAIN_5190,0
TRAIN_5191,4
TRAIN_5192,0
TRAIN_5193,2
TRAIN_5194,1
TRAIN_5195,0
TRAIN_5196,1
TRAIN_5197,4
TRAIN_5198,4
TRAIN_5199,0
TRAIN_5200,3
TRAIN_5201,4
TRAIN_5202,2
TRAIN_5203,4
TRAIN_5204,3
TRAIN_5205,3
TRAIN_5206,2
TRAIN_5207,3
TRAIN_5208,0
TRAIN_5209,2
TRAIN_5210,2
TRAIN_5211,4
TRAIN_5212,4
TRAIN_5213,0
TRAIN_5214,3
TRAIN_5215,4
TRAIN_5216,1
TRAIN_5217,3
TRAIN_5218,2
TRAIN_5219,0
TRAIN_5220,1
TRAIN_5221,2
TRAIN_5222,4
TRAIN_5223,1
TRAIN_5224,2
TRAIN_5225,1
TRAIN_5226,2
TRAIN_5227,3
TRAIN_5228,1
TRAIN_5229,1
TRAIN_5230,3
TRAIN_5231,4
TRAIN_5232,3
TRAIN_5233,0
TRAIN_5234,4
TRAIN_5235,1
TRAIN_5236,1
TRAIN_5237,2
TRAIN_5238,1
TRAIN_5239,4
TRAIN_5240,2
TRAIN_5241,2
TRAIN_5242,0
TRAIN_5243,2
TRAIN_5244,3
TRAIN_5245,3
TRAIN_5246,0
TRAIN_5247,4
TRAIN_5248,2
TRAIN_5249,3
TRAIN_5250,1
TRAIN_5251,1
TRAIN_5252,3
TRAIN_5253,4
TRAIN_5254,1
TRAIN_5255,3
TRAIN_5256,2
TRAIN_5257,4
TRAIN_5258,4
TRAIN_5259,1
TRAIN_5260,0
TRAIN_5261,2
TRAIN_5262,4
TRAIN_5263,0
TRAIN_5264,4
TRAIN_5265,0
TRAIN_5266,2
TRAIN_5267,0
TRAIN_5268,2
TRAIN_5269,1
TRAIN_5270,0
TRAIN_5271,1
TRAIN_5272,2
TRAIN_5273,2
TRAIN_5274,4
TRAIN_5275,0
TRAIN_5276,3
TRAIN_5277,3
TRAIN_5278,4
TRAIN_5279,0
TRAIN_5280,2
TRAIN_5281,2
TRAIN_5282,0
TRAIN_5283,3
TRAIN_5284,0
TRAIN_5285,4
TRAIN_5286,3
TRAIN_5287,1
TRAIN_5288,3
TRAIN_5289,1
TRAIN_5290,1
TRAIN_5291,2
TRAIN_5292,4
TRAIN_5293,4
TRAIN_5294,0
TRAIN_5295,1
TRAIN_5296,1
TRAIN_5297,0
TRAIN_5298,2
TRAIN_5299,4
TRAIN_5300,0
TRAIN_5301,0
TRAIN_5302,4
TRAIN_5303,0
TRAIN_5304,3
TRAIN_5305,4
TRAIN_5306,2
TRAIN_5307,2
TRAIN_5308,1
TRAIN_5309,1
TRAIN_5310,3
TRAIN_5311,0
TRAIN_5312,2
TRAIN_5313,1
TRAIN_5314,2
TRAIN_5315,0
TRAIN_5316,2
TRAIN_5317,0
TRAIN_5318,4
TRAIN_5319,3
TRAIN_5320,4
TRAIN_5321,0
TRAIN_5322,3
TRAIN_5323,1
TRAIN_5324,3
TRAIN_5325,4
TRAIN_5326,2
TRAIN_5327,3
TRAIN_5328,4
TRAIN_5329,0
TRAIN_5330,4
TRAIN_5331,2
TRAIN_5332,2
TRAIN_5333,3
TRAIN_5334,0
TRAIN_5335,0
TRAIN_5336,2
TRAIN_5337,4
TRAIN_5338,2
TRAIN_5339,4
TRAIN_5340,1
TRAIN_5341,1
TRAIN_5342,0
TRAIN_5343,1
TRAIN_5344,3
TRAIN_5345,0
TRAIN_5346,3
TRAIN_5347,4
TRAIN_5348,4
TRAIN_5349,0
TRAIN_5350,0
TRAIN_5351,2
TRAIN_5352,3
TRAIN_5353,2
TRAIN_5354,1
TRAIN_5355,2
TRAIN_5356,3
TRAIN_5357,0
TRAIN_5358,4
TRAIN_5359,0
TRAIN_5360,0
TRAIN_5361,3
TRAIN_5362,1
TRAIN_5363,4
TRAIN_5364,4
TRAIN_5365,0
TRAIN_5366,4
TRAIN_5367,1
TRAIN_5368,4
TRAIN_5369,1
TRAIN_5370,4
TRAIN_5371,0
TRAIN_5372,4
TRAIN_5373,4
TRAIN_5374,0
TRAIN_5375,3
TRAIN_5376,1
TRAIN_5377,3
TRAIN_5378,0
TRAIN_5379,1
TRAIN_5380,4
TRAIN_5381,4
TRAIN_5382,4
TRAIN_5383,3
TRAIN_5384,3
TRAIN_5385,2
TRAIN_5386,1
TRAIN_5387,4
TRAIN_5388,3
TRAIN_5389,2
TRAIN_5390,1
TRAIN_5391,0
TRAIN_5392,2
TRAIN_5393,3
TRAIN_5394,4
TRAIN_5395,3
TRAIN_5396,4
TRAIN_5397,1
TRAIN_5398,3
TRAIN_5399,4
TRAIN_5400,4
TRAIN_5401,3
TRAIN_5402,0
TRAIN_5403,0
TRAIN_5404,0
TRAIN_5405,1
TRAIN_5406,3
TRAIN_5407,3
TRAIN_5408,4
TRAIN_5409,2
TRAIN_5410,2
TRAIN_5411,2
TRAIN_5412,4
TRAIN_5413,2
TRAIN_5414,2
TRAIN_5415,2
TRAIN_5416,0
TRAIN_5417,4
TRAIN_5418,1
TRAIN_5419,2
TRAIN_5420,1
TRAIN_5421,3
TRAIN_5422,3
TRAIN_5423,1
TRAIN_5424,2
TRAIN_5425,3
TRAIN_5426,3
TRAIN_5427,2
TRAIN_5428,2
TRAIN_5429,3
TRAIN_5430,1
TRAIN_5431,2
TRAIN_5432,3
TRAIN_5433,0
TRAIN_5434,4
TRAIN_5435,0
TRAIN_5436,0
TRAIN_5437,1
TRAIN_5438,3
TRAIN_5439,2
TRAIN_5440,0
TRAIN_5441,3
TRAIN_5442,3
TRAIN_5443,4
TRAIN_5444,3
TRAIN_5445,4
TRAIN_5446,1
TRAIN_5447,1
TRAIN_5448,3
TRAIN_5449,0
TRAIN_5450,4
TRAIN_5451,1
TRAIN_5452,0
TRAIN_5453,1
TRAIN_5454,2
TRAIN_5455,0
TRAIN_5456,3
TRAIN_5457,4
TRAIN_5458,3
TRAIN_5459,4
TRAIN_5460,2
TRAIN_5461,3
TRAIN_5462,0
TRAIN_5463,1
TRAIN_5464,1
TRAIN_5465,2
TRAIN_5466,1
TRAIN_5467,0
TRAIN_5468,4
TRAIN_5469,1
TRAIN_5470,3
TRAIN_5471,3
TRAIN_5472,3
TRAIN_5473,1
TRAIN_5474,1
TRAIN_5475,2
TRAIN_5476,2
TRAIN_5477,3
TRAIN_5478,4
TRAIN_5479,0
TRAIN_5480,2
TRAIN_5481,3
TRAIN_5482,0
TRAIN_5483,2
TRAIN_5484,3
TRAIN_5485,2
TRAIN_5486,0
TRAIN_5487,4
TRAIN_5488,3
TRAIN_5489,3
TRAIN_5490,2
TRAIN_5491,4
TRAIN_5492,1
TRAIN_5493,4
TRAIN_5494,4
TRAIN_5495,2
TRAIN_5496,0
TRAIN_5497,2
TRAIN_5498,1
TRAIN_5499,4
TRAIN_5500,4
TRAIN_5501,3
TRAIN_5502,0
TRAIN_5503,1
TRAIN_5504,1
TRAIN_5505,1
TRAIN_5506,0
TRAIN_5507,2
TRAIN_5508,2
TRAIN_5509,3
TRAIN_5510,2
TRAIN_5511,2
TRAIN_5512,2
TRAIN_5513,0
TRAIN_5514,1
TRAIN_5515,0
TRAIN_5516,4
TRAIN_5517,0
TRAIN_5518,4
TRAIN_5519,0
TRAIN_5520,3
TRAIN_5521,2
TRAIN_5522,3
TRAIN_5523,1
TRAIN_5524,1
TRAIN_5525,2
TRAIN_5526,1
TRAIN_5527,2
TRAIN_5528,0
TRAIN_5529,2
TRAIN_5530,0
TRAIN_5531,1
TRAIN_5532,2
TRAIN_5533,1
TRAIN_5534,0
TRAIN_5535,0
TRAIN_5536,1
TRAIN_5537,2
TRAIN_5538,3
TRAIN_5539,3
TRAIN_5540,1
TRAIN_5541,4
TRAIN_5542,1
TRAIN_5543,4
TRAIN_5544,1
TRAIN_5545,4
TRAIN_5546,3
TRAIN_5547,1
TRAIN_5548,2
TRAIN_5549,3
TRAIN_5550,4
TRAIN_5551,0
TRAIN_5552,3
TRAIN_5553,0
TRAIN_5554,3
TRAIN_5555,0
TRAIN_5556,0
TRAIN_5557,4
TRAIN_5558,0
TRAIN_5559,3
TRAIN_5560,0
TRAIN_5561,2
TRAIN_5562,0
TRAIN_5563,3
TRAIN_5564,2
TRAIN_5565,4
TRAIN_5566,2
TRAIN_5567,1
TRAIN_5568,1
TRAIN_5569,4
TRAIN_5570,2
TRAIN_5571,0
TRAIN_5572,3
TRAIN_5573,2
TRAIN_5574,4
TRAIN_5575,4
TRAIN_5576,3
TRAIN_5577,4
TRAIN_5578,1
TRAIN_5579,1
TRAIN_5580,0
TRAIN_5581,1
TRAIN_5582,3
TRAIN_5583,0
TRAIN_5584,2
TRAIN_5585,0
TRAIN_5586,4
TRAIN_5587,1
TRAIN_5588,3
TRAIN_5589,1
TRAIN_5590,1
TRAIN_5591,1
TRAIN_5592,3
TRAIN_5593,2
TRAIN_5594,1
TRAIN_5595,4
TRAIN_5596,3
TRAIN_5597,3
TRAIN_5598,0
TRAIN_5599,2
TRAIN_5600,2
TRAIN_5601,0
TRAIN_5602,0
TRAIN_5603,0
TRAIN_5604,1
TRAIN_5605,3
TRAIN_5606,4
TRAIN_5607,0
TRAIN_5608,4
TRAIN_5609,4
TRAIN_5610,4
TRAIN_5611,0
TRAIN_5612,0
TRAIN_5613,4
TRAIN_5614,4
TRAIN_5615,2
TRAIN_5616,1
TRAIN_5617,3
TRAIN_5618,2
TRAIN_5619,1
TRAIN_5620,3
TRAIN_5621,2
TRAIN_5622,4
TRAIN_5623,4
TRAIN_5624,4
TRAIN_5625,2
TRAIN_5626,2
TRAIN_5627,0
TRAIN_5628,1
TRAIN_5629,1
TRAIN_5630,3
TRAIN_5631,1
TRAIN_5632,4
TRAIN_5633,3
TRAIN_5634,1
TRAIN_5635,2
TRAIN_5636,2
TRAIN_5637,4
TRAIN_5638,3
TRAIN_5639,2
TRAIN_5640,1
TRAIN_5641,4
TRAIN_5642,4
TRAIN_5643,3
TRAIN_5644,4
TRAIN_5645,4
TRAIN_5646,4
TRAIN_5647,2
TRAIN_5648,4
TRAIN_5649,1
TRAIN_5650,3
TRAIN_5651,3
TRAIN_5652,2
TRAIN_5653,3
TRAIN_5654,0
TRAIN_5655,4
TRAIN_5656,1
TRAIN_5657,0
TRAIN_5658,2
TRAIN_5659,2
TRAIN_5660,0
TRAIN_5661,4
TRAIN_5662,3
TRAIN_5663,4
TRAIN_5664,4
TRAIN_5665,4
TRAIN_5666,4
TRAIN_5667,4
TRAIN_5668,0
TRAIN_5669,3
TRAIN_5670,2
TRAIN_5671,1
TRAIN_5672,0
TRAIN_5673,4
TRAIN_5674,3
TRAIN_5675,4
TRAIN_5676,0
TRAIN_5677,3
TRAIN_5678,2
TRAIN_5679,2
TRAIN_5680,0
TRAIN_5681,3
TRAIN_5682,3
TRAIN_5683,0
TRAIN_5684,1
TRAIN_5685,4
TRAIN_5686,0
TRAIN_5687,4
TRAIN_5688,0
TRAIN_5689,1
TRAIN_5690,1
TRAIN_5691,1
TRAIN_5692,4
TRAIN_5693,4
TRAIN_5694,2
TRAIN_5695,2
TRAIN_5696,0
TRAIN_5697,3
TRAIN_5698,3
TRAIN_5699,3
TRAIN_5700,2
TRAIN_5701,3
TRAIN_5702,0
TRAIN_5703,3
TRAIN_5704,1
TRAIN_5705,3
TRAIN_5706,3
TRAIN_5707,0
TRAIN_5708,3
TRAIN_5709,3
TRAIN_5710,2
TRAIN_5711,1
TRAIN_5712,4
TRAIN_5713,4
TRAIN_5714,1
TRAIN_5715,4
TRAIN_5716,4
TRAIN_5717,0
TRAIN_5718,1
TRAIN_5719,0
TRAIN_5720,0
TRAIN_5721,2
TRAIN_5722,2
TRAIN_5723,1
TRAIN_5724,1
TRAIN_5725,1
TRAIN_5726,1
TRAIN_5727,4
TRAIN_5728,4
TRAIN_5729,3
TRAIN_5730,0
TRAIN_5731,0
TRAIN_5732,2
TRAIN_5733,4
TRAIN_5734,3
TRAIN_5735,3
TRAIN_5736,3
TRAIN_5737,4
TRAIN_5738,4
TRAIN_5739,4
TRAIN_5740,3
TRAIN_5741,0
TRAIN_5742,3
TRAIN_5743,3
TRAIN_5744,1
TRAIN_5745,0
TRAIN_5746,2
TRAIN_5747,0
TRAIN_5748,2
TRAIN_5749,1
TRAIN_5750,1
TRAIN_5751,2
TRAIN_5752,4
TRAIN_5753,3
TRAIN_5754,4
TRAIN_5755,3
TRAIN_5756,0
TRAIN_5757,4
TRAIN_5758,1
TRAIN_5759,4
TRAIN_5760,2
TRAIN_5761,2
TRAIN_5762,4
TRAIN_5763,1
TRAIN_5764,0
TRAIN_5765,0
TRAIN_5766,0
TRAIN_5767,4
TRAIN_5768,1
TRAIN_5769,4
TRAIN_5770,1
TRAIN_5771,1
TRAIN_5772,4
TRAIN_5773,3
TRAIN_5774,3
TRAIN_5775,4
TRAIN_5776,0
TRAIN_5777,2
TRAIN_5778,2
TRAIN_5779,1
TRAIN_5780,1
TRAIN_5781,0
TRAIN_5782,1
TRAIN_5783,1
TRAIN_5784,4
TRAIN_5785,3
TRAIN_5786,3
TRAIN_5787,0
TRAIN_5788,1
TRAIN_5789,3
TRAIN_5790,4
TRAIN_5791,3
TRAIN_5792,1
TRAIN_5793,0
TRAIN_5794,4
TRAIN_5795,1
TRAIN_5796,3
TRAIN_5797,4
TRAIN_5798,4
TRAIN_5799,3
TRAIN_5800,0
TRAIN_5801,4
TRAIN_5802,4
TRAIN_5803,1
TRAIN_5804,1
TRAIN_5805,0
TRAIN_5806,2
TRAIN_5807,1
TRAIN_5808,4
TRAIN_5809,1
TRAIN_5810,0
TRAIN_5811,0
TRAIN_5812,4
TRAIN_5813,2
TRAIN_5814,3
TRAIN_5815,0
TRAIN_5816,3
TRAIN_5817,3
TRAIN_5818,0
TRAIN_5819,1
TRAIN_5820,2
TRAIN_5821,1
TRAIN_5822,1
TRAIN_5823,3
TRAIN_5824,1
TRAIN_5825,1
TRAIN_5826,2
TRAIN_5827,2
TRAIN_5828,0
TRAIN_5829,0
TRAIN_5830,4
TRAIN_5831,4
TRAIN_5832,2
TRAIN_5833,4
TRAIN_5834,3
TRAIN_5835,2
TRAIN_5836,3
TRAIN_5837,2
TRAIN_5838,4
TRAIN_5839,2
TRAIN_5840,1
TRAIN_5841,1
TRAIN_5842,2
TRAIN_5843,0
TRAIN_5844,3
TRAIN_5845,3
TRAIN_5846,3
TRAIN_5847,2
TRAIN_5848,3
TRAIN_5849,3
TRAIN_5850,3
TRAIN_5851,4
TRAIN_5852,0
TRAIN_5853,3
TRAIN_5854,2
TRAIN_5855,3
TRAIN_5856,4
TRAIN_5857,0
TRAIN_5858,3
TRAIN_5859,2
TRAIN_5860,1
TRAIN_5861,4
TRAIN_5862,1
TRAIN_5863,1
TRAIN_5864,2
TRAIN_5865,1
TRAIN_5866,1
TRAIN_5867,4
TRAIN_5868,2
TRAIN_5869,0
TRAIN_5870,2
TRAIN_5871,3
TRAIN_5872,3
TRAIN_5873,4
TRAIN_5874,0
TRAIN_5875,3
TRAIN_5876,0
TRAIN_5877,4
TRAIN_5878,0
TRAIN_5879,3
TRAIN_5880,4
TRAIN_5881,1
TRAIN_5882,0
TRAIN_5883,3
TRAIN_5884,1
TRAIN_5885,3
TRAIN_5886,1
TRAIN_5887,4
TRAIN_5888,3
TRAIN_5889,1
TRAIN_5890,1
TRAIN_5891,0
TRAIN_5892,2
TRAIN_5893,2
TRAIN_5894,1
TRAIN_5895,2
TRAIN_5896,1
TRAIN_5897,3
TRAIN_5898,1
TRAIN_5899,1
TRAIN_5900,2
TRAIN_5901,2
TRAIN_5902,1
TRAIN_5903,2
TRAIN_5904,2
TRAIN_5905,3
TRAIN_5906,2
TRAIN_5907,1
TRAIN_5908,4
TRAIN_5909,2
TRAIN_5910,2
TRAIN_5911,0
TRAIN_5912,0
TRAIN_5913,1
TRAIN_5914,1
TRAIN_5915,1
TRAIN_5916,3
TRAIN_5917,4
TRAIN_5918,3
TRAIN_5919,4
TRAIN_5920,4
TRAIN_5921,1
TRAIN_5922,2
TRAIN_5923,4
TRAIN_5924,3
TRAIN_5925,0
TRAIN_5926,1
TRAIN_5927,0
TRAIN_5928,3
TRAIN_5929,3
TRAIN_5930,2
TRAIN_5931,3
TRAIN_5932,2
TRAIN_5933,4
TRAIN_5934,2
TRAIN_5935,3
TRAIN_5936,4
TRAIN_5937,0
TRAIN_5938,2
TRAIN_5939,2
TRAIN_5940,3
TRAIN_5941,1
TRAIN_5942,0
TRAIN_5943,3
TRAIN_5944,1
TRAIN_5945,3
TRAIN_5946,4
TRAIN_5947,4
TRAIN_5948,2
TRAIN_5949,3
TRAIN_5950,1
TRAIN_5951,3
TRAIN_5952,1
TRAIN_5953,4
TRAIN_5954,0
TRAIN_5955,2
TRAIN_5956,2
TRAIN_5957,4
TRAIN_5958,1
TRAIN_5959,2
TRAIN_5960,4
TRAIN_5961,1
TRAIN_5962,1
TRAIN_5963,2
TRAIN_5964,2
TRAIN_5965,2
TRAIN_5966,4
TRAIN_5967,0
TRAIN_5968,4
TRAIN_5969,3
TRAIN_5970,4
TRAIN_5971,3
TRAIN_5972,2
TRAIN_5973,0
TRAIN_5974,3
TRAIN_5975,4
TRAIN_5976,4
TRAIN_5977,2
TRAIN_5978,4
TRAIN_5979,3
TRAIN_5980,2
TRAIN_5981,1
TRAIN_5982,3
TRAIN_5983,4
TRAIN_5984,3
TRAIN_5985,0
TRAIN_5986,2
TRAIN_5987,2
TRAIN_5988,1
TRAIN_5989,2
TRAIN_5990,4
TRAIN_5991,4
TRAIN_5992,3
TRAIN_5993,2
TRAIN_5994,4
TRAIN_5995,3
TRAIN_5996,1
TRAIN_5997,3
TRAIN_5998,2
TRAIN_5999,1
TRAIN_6000,2
TRAIN_6001,2
TRAIN_6002,0
TRAIN_6003,3
TRAIN_6004,2
TRAIN_6005,3
TRAIN_6006,2
TRAIN_6007,4
TRAIN_6008,3
TRAIN_6009,4
TRAIN_6010,1
TRAIN_6011,3
TRAIN_6012,4
TRAIN_6013,3
TRAIN_6014,1
TRAIN_6015,2
TRAIN_6016,2
TRAIN_6017,3
TRAIN_6018,0
TRAIN_6019,1
TRAIN_6020,1
TRAIN_6021,1
TRAIN_6022,1
TRAIN_6023,1
TRAIN_6024,3
TRAIN_6025,1
TRAIN_6026,0
TRAIN_6027,0
TRAIN_6028,0
TRAIN_6029,1
TRAIN_6030,2
TRAIN_6031,0
TRAIN_6032,0
TRAIN_6033,4
TRAIN_6034,0
TRAIN_6035,1
TRAIN_6036,2
TRAIN_6037,0
TRAIN_6038,1
TRAIN_6039,1
TRAIN_6040,0
TRAIN_6041,3
TRAIN_6042,2
TRAIN_6043,3
TRAIN_6044,0
TRAIN_6045,1
TRAIN_6046,0
TRAIN_6047,2
TRAIN_6048,0
TRAIN_6049,4
TRAIN_6050,0
TRAIN_6051,4
TRAIN_6052,3
TRAIN_6053,4
TRAIN_6054,4
TRAIN_6055,1
TRAIN_6056,4
TRAIN_6057,3
TRAIN_6058,1
TRAIN_6059,0
TRAIN_6060,0
TRAIN_6061,1
TRAIN_6062,4
TRAIN_6063,3
TRAIN_6064,4
TRAIN_6065,0
TRAIN_6066,3
TRAIN_6067,1
TRAIN_6068,3
TRAIN_6069,3
TRAIN_6070,4
TRAIN_6071,4
TRAIN_6072,3
TRAIN_6073,1
TRAIN_6074,1
TRAIN_6075,1
TRAIN_6076,2
TRAIN_6077,3
TRAIN_6078,1
TRAIN_6079,1
TRAIN_6080,3
TRAIN_6081,4
TRAIN_6082,3
TRAIN_6083,3
TRAIN_6084,4
TRAIN_6085,3
TRAIN_6086,4
TRAIN_6087,3
TRAIN_6088,2
TRAIN_6089,2
TRAIN_6090,3
TRAIN_6091,4
TRAIN_6092,2
TRAIN_6093,1
TRAIN_6094,4
TRAIN_6095,1
TRAIN_6096,4
TRAIN_6097,0
TRAIN_6098,4
TRAIN_6099,2
TRAIN_6100,0
TRAIN_6101,3
TRAIN_6102,0
TRAIN_6103,2
TRAIN_6104,4
TRAIN_6105,4
TRAIN_6106,2
TRAIN_6107,1
TRAIN_6108,4
TRAIN_6109,3
TRAIN_6110,1
TRAIN_6111,0
TRAIN_6112,1
TRAIN_6113,2
TRAIN_6114,1
TRAIN_6115,4
TRAIN_6116,0
TRAIN_6117,4
TRAIN_6118,4
TRAIN_6119,4
TRAIN_6120,1
TRAIN_6121,0
TRAIN_6122,4
TRAIN_6123,0
TRAIN_6124,2
TRAIN_6125,0
TRAIN_6126,0
TRAIN_6127,0
TRAIN_6128,2
TRAIN_6129,4
TRAIN_6130,1
TRAIN_6131,3
TRAIN_6132,0
TRAIN_6133,4
TRAIN_6134,4
TRAIN_6135,3
TRAIN_6136,1
TRAIN_6137,1
TRAIN_6138,0
TRAIN_6139,4
TRAIN_6140,0
TRAIN_6141,0
TRAIN_6142,4
TRAIN_6143,1
TRAIN_6144,2
TRAIN_6145,4
TRAIN_6146,0
TRAIN_6147,0
TRAIN_6148,0
TRAIN_6149,0
TRAIN_6150,3
TRAIN_6151,0
TRAIN_6152,3
TRAIN_6153,3
TRAIN_6154,2
TRAIN_6155,4
TRAIN_6156,4
TRAIN_6157,4
TRAIN_6158,1
TRAIN_6159,1
TRAIN_6160,1
TRAIN_6161,1
TRAIN_6162,4
TRAIN_6163,2
TRAIN_6164,0
TRAIN_6165,4
TRAIN_6166,3
TRAIN_6167,1
TRAIN_6168,2
TRAIN_6169,1
TRAIN_6170,3
TRAIN_6171,1
TRAIN_6172,4
TRAIN_6173,0
TRAIN_6174,0
TRAIN_6175,1
TRAIN_6176,2
TRAIN_6177,0
TRAIN_6178,0
TRAIN_6179,2
TRAIN_6180,2
TRAIN_6181,2
TRAIN_6182,3
TRAIN_6183,0
TRAIN_6184,1
TRAIN_6185,0
TRAIN_6186,4
TRAIN_6187,3
TRAIN_6188,3
TRAIN_6189,4
TRAIN_6190,4
TRAIN_6191,2
TRAIN_6192,4
TRAIN_6193,4
TRAIN_6194,0
TRAIN_6195,4
TRAIN_6196,3
TRAIN_6197,4
TRAIN_6198,4
TRAIN_6199,0
TRAIN_6200,1
