class,feature,family,mean_abs_true_class_shap,rank
ACC,SOWAHC__max_residue_position,gene_max_residue_position,0.9658621788024903,1
ACC,sample__synonymous_count,sample_aggregate,0.9438510358333587,2
ACC,PLEC__synonymous,gene_synonymous,0.6939114431540171,3
ACC,LRIG1__max_residue_position,gene_max_residue_position,0.6392032613356908,4
ACC,SPRR3__synonymous,gene_synonymous,0.2974628770103057,5
ACC,PLEC__max_residue_position,gene_max_residue_position,0.29257370966176194,6
ACC,CMPK2__max_residue_position,gene_max_residue_position,0.2879463296383619,7
ACC,PTGIR__max_residue_position,gene_max_residue_position,0.23299536655346553,8
ACC,sample__nonsense_count,sample_aggregate,0.2151708945631981,9
ACC,sample__missense_count,sample_aggregate,0.2104350923250119,10
ACC,sample__mutated_gene_count,sample_aggregate,0.16985788450110703,11
ACC,KRT8__max_residue_position,gene_max_residue_position,0.1493709370183448,12
ACC,SOWAHC__synonymous,gene_synonymous,0.13047712932651243,13
ACC,sample__multi_variant_gene_count,sample_aggregate,0.12784573504080374,14
ACC,NFKB2__synonymous,gene_synonymous,0.11869976129382849,15
ACC,NFKB2__max_residue_position,gene_max_residue_position,0.1171760905534029,16
ACC,TP53__max_residue_position,gene_max_residue_position,0.09261974406739076,17
ACC,PGLS__max_residue_position,gene_max_residue_position,0.07830463756496707,18
ACC,CMPK2__synonymous,gene_synonymous,0.07362182966123025,19
ACC,PEX6__max_residue_position,gene_max_residue_position,0.06534287088240186,20
BLCA,sample__total_variant_count,sample_aggregate,0.39677007757127286,1
BLCA,sample__mutated_gene_count,sample_aggregate,0.2924515224993229,2
BLCA,CDKN1A__max_residue_position,gene_max_residue_position,0.27811974386374155,3
BLCA,sample__multi_variant_gene_count,sample_aggregate,0.24082931183899442,4
BLCA,SPTAN1__max_residue_position,gene_max_residue_position,0.17774329942961534,5
BLCA,sample__missense_count,sample_aggregate,0.174419612561663,6
BLCA,ELF3__frameshift,gene_frameshift,0.150201366096735,7
BLCA,TP53__max_residue_position,gene_max_residue_position,0.13276531547307968,8
BLCA,FGFR3__max_residue_position,gene_max_residue_position,0.11807290011396011,9
BLCA,ERCC2__max_residue_position,gene_max_residue_position,0.10791800320148467,10
BLCA,sample__frameshift_count,sample_aggregate,0.10331436494986217,11
BLCA,KMT2D__max_residue_position,gene_max_residue_position,0.09059225519498189,12
BLCA,PCLO__max_residue_position,gene_max_residue_position,0.07585834534838795,13
BLCA,hotspot__known_hotspot_total_count,fixed_hotspot,0.07066603029767672,14
BLCA,sample__total_variant_count_log1p,sample_aggregate,0.061078542936593296,15
BLCA,sample__nonsense_count,sample_aggregate,0.060447471837202706,16
BLCA,sample__synonymous_count,sample_aggregate,0.05651890605222434,17
BLCA,COL11A1__max_residue_position,gene_max_residue_position,0.0556467701215297,18
BLCA,ERBB3__max_residue_position,gene_max_residue_position,0.05345693364118536,19
BLCA,sample__multi_variant_gene_count_log1p,sample_aggregate,0.04778535086661577,20
BRCA,PIK3CA__max_residue_position,gene_max_residue_position,0.9221898843844731,1
BRCA,sample__mutated_gene_count,sample_aggregate,0.4154153207937876,2
BRCA,hotspot__PIK3CA_1047,fixed_hotspot,0.196393958106637,3
BRCA,MAP3K1__frameshift,gene_frameshift,0.15975069543346762,4
BRCA,PIK3CA__missense,gene_missense,0.14760352112352848,5
BRCA,sample__missense_count,sample_aggregate,0.13412950209652383,6
BRCA,sample__synonymous_count,sample_aggregate,0.12208503348131974,7
BRCA,sample__frameshift_count,sample_aggregate,0.11768873138353228,8
BRCA,MAP3K1__max_residue_position,gene_max_residue_position,0.11138210631906986,9
BRCA,CDH1__max_residue_position,gene_max_residue_position,0.10973854325711727,10
BRCA,CDH1__frameshift,gene_frameshift,0.09549754510323206,11
BRCA,hotspot__known_hotspot_total_count,fixed_hotspot,0.08975972458720208,12
BRCA,TP53__max_residue_position,gene_max_residue_position,0.08719485594580571,13
BRCA,sample__mutated_gene_count_log1p,sample_aggregate,0.08156526880338788,14
BRCA,MAP3K1__mutated,gene_mutated,0.05422780133473377,15
BRCA,CDH1__mutated,gene_mutated,0.03931611652175585,16
BRCA,sample__total_variant_count,sample_aggregate,0.03550391194100181,17
BRCA,PIK3CA__mutated,gene_mutated,0.028677377897111,18
BRCA,CTCF__max_residue_position,gene_max_residue_position,0.027718676580116154,19
BRCA,sample__multi_variant_gene_count,sample_aggregate,0.023879409682316086,20
CESC,TP53__max_residue_position,gene_max_residue_position,0.2777752737204234,1
CESC,sample__frameshift_count,sample_aggregate,0.2095429167151451,2
CESC,sample__multi_variant_gene_count,sample_aggregate,0.1993052459632357,3
CESC,sample__nonsense_count,sample_aggregate,0.1267854396253824,4
CESC,sample__synonymous_count,sample_aggregate,0.12262506894767285,5
CESC,sample__total_variant_count,sample_aggregate,0.10905722752213479,6
CESC,ABCA2__max_residue_position,gene_max_residue_position,0.09711304016333694,7
CESC,PIK3CA__max_residue_position,gene_max_residue_position,0.08671646403769652,8
CESC,TP53__mutated,gene_mutated,0.07585725635290146,9
CESC,sample__mutated_gene_count,sample_aggregate,0.056091671561201414,10
CESC,sample__missense_count,sample_aggregate,0.04533806247636676,11
CESC,sample__multi_variant_gene_count_log1p,sample_aggregate,0.04064434077590704,12
CESC,SH2B1__missense,gene_missense,0.036395010290046534,13
CESC,HELZ2__max_residue_position,gene_max_residue_position,0.036176231348266204,14
CESC,ERBB3__max_residue_position,gene_max_residue_position,0.03447668255927662,15
CESC,DST__max_residue_position,gene_max_residue_position,0.029258168768137693,16
CESC,LATS1__max_residue_position,gene_max_residue_position,0.029095209816781185,17
CESC,FBXW7__max_residue_position,gene_max_residue_position,0.022067014314234256,18
CESC,sample__total_variant_count_log1p,sample_aggregate,0.018381242997323473,19
CESC,USP8__max_residue_position,gene_max_residue_position,0.01729575915572544,20
COAD,APC__max_residue_position,gene_max_residue_position,2.0487946768601737,1
COAD,APC__nonsense,gene_nonsense,0.7325722575187683,2
COAD,APC__mutated,gene_mutated,0.27935314575831094,3
COAD,hotspot__known_hotspot_total_count,fixed_hotspot,0.1716421887278557,4
COAD,APC__frameshift,gene_frameshift,0.12880807866652808,5
COAD,sample__synonymous_count,sample_aggregate,0.12496573524549603,6
COAD,TP53__max_residue_position,gene_max_residue_position,0.11392476243587832,7
COAD,hotspot__BRAF_600,fixed_hotspot,0.11238268992553155,8
COAD,sample__total_variant_count,sample_aggregate,0.10955691263079644,9
COAD,sample__mutated_gene_count,sample_aggregate,0.08520220158000787,10
COAD,sample__missense_count,sample_aggregate,0.06997482739388942,11
COAD,APC__missense,gene_missense,0.059186410376181206,12
COAD,sample__frameshift_count,sample_aggregate,0.0546790862766405,13
COAD,TCF7L2__max_residue_position,gene_max_residue_position,0.04492421176594993,14
COAD,FBXW7__max_residue_position,gene_max_residue_position,0.04367553070187569,15
COAD,CDH8__missense,gene_missense,0.04260959716824194,16
COAD,SAMD9L__max_residue_position,gene_max_residue_position,0.04213278172537684,17
COAD,PRKDC__max_residue_position,gene_max_residue_position,0.03505461386715372,18
COAD,COL1A1__max_residue_position,gene_max_residue_position,0.030064727268957845,19
COAD,PCLO__max_residue_position,gene_max_residue_position,0.029741272578636804,20
DLBC,BTG2__max_residue_position,gene_max_residue_position,0.8547021701931954,1
DLBC,BTG1__max_residue_position,gene_max_residue_position,0.6519545326630275,2
DLBC,KMT2D__max_residue_position,gene_max_residue_position,0.46193657914797465,3
DLBC,BTG2__mutated,gene_mutated,0.2647060657540957,4
DLBC,sample__multi_variant_gene_count,sample_aggregate,0.2525793748597304,5
DLBC,sample__missense_count,sample_aggregate,0.19360430911183357,6
DLBC,sample__synonymous_count,sample_aggregate,0.18777594941978654,7
DLBC,TP53__mutated,gene_mutated,0.1853847046693166,8
DLBC,MYC__max_residue_position,gene_max_residue_position,0.14099633218720556,9
DLBC,TP53__max_residue_position,gene_max_residue_position,0.12148164796332518,10
DLBC,sample__total_variant_count,sample_aggregate,0.10941532306994001,11
DLBC,sample__mutated_gene_count,sample_aggregate,0.10811432842165232,12
DLBC,sample__nonsense_count,sample_aggregate,0.09961622488529732,13
DLBC,B2M__max_residue_position,gene_max_residue_position,0.08325446732342243,14
DLBC,CREBBP__max_residue_position,gene_max_residue_position,0.08118139402940869,15
DLBC,BTG1__mutated,gene_mutated,0.08067440868665775,16
DLBC,hotspot__known_hotspot_total_count,fixed_hotspot,0.0752616739521424,17
DLBC,TNFAIP3__max_residue_position,gene_max_residue_position,0.07290375307202339,18
DLBC,sample__frameshift_count,sample_aggregate,0.07033986486494541,19
DLBC,SYNE1__max_residue_position,gene_max_residue_position,0.06658939653231452,20
GBMLGG,hotspot__IDH1_132,fixed_hotspot,0.9941591958204905,1
GBMLGG,IDH1__max_residue_position,gene_max_residue_position,0.3328683351476987,2
GBMLGG,PTEN__max_residue_position,gene_max_residue_position,0.24562170604864755,3
GBMLGG,sample__total_variant_count,sample_aggregate,0.20054317985971767,4
GBMLGG,hotspot__known_hotspot_total_count,fixed_hotspot,0.10520320795476437,5
GBMLGG,EGFR__max_residue_position,gene_max_residue_position,0.08681987325350443,6
GBMLGG,sample__missense_count,sample_aggregate,0.0844423950339357,7
GBMLGG,sample__mutated_gene_count,sample_aggregate,0.08067580247297883,8
GBMLGG,sample__synonymous_count,sample_aggregate,0.06840185736461232,9
GBMLGG,NF1__max_residue_position,gene_max_residue_position,0.05447284107406934,10
GBMLGG,EGFR__missense,gene_missense,0.05092253206918637,11
GBMLGG,sample__frameshift_count,sample_aggregate,0.04189812894910574,12
GBMLGG,sample__total_variant_count_log1p,sample_aggregate,0.04072711803019047,13
GBMLGG,PTEN__mutated,gene_mutated,0.03829943986299137,14
GBMLGG,ATRX__max_residue_position,gene_max_residue_position,0.03591706477260838,15
GBMLGG,TP53__max_residue_position,gene_max_residue_position,0.0342139120058467,16
GBMLGG,PIK3CA__max_residue_position,gene_max_residue_position,0.030347566144579712,17
GBMLGG,PKHD1__max_residue_position,gene_max_residue_position,0.02920442201818029,18
GBMLGG,PIK3CG__max_residue_position,gene_max_residue_position,0.02811302385913829,19
GBMLGG,TEX15__max_residue_position,gene_max_residue_position,0.027615906181745233,20
HNSC,TP53__max_residue_position,gene_max_residue_position,0.5095203181107839,1
HNSC,CDKN2A__max_residue_position,gene_max_residue_position,0.45852837413549424,2
HNSC,NOTCH1__max_residue_position,gene_max_residue_position,0.16176255295674005,3
HNSC,CDKN2A__nonsense,gene_nonsense,0.1488364579776923,4
HNSC,KMT2D__max_residue_position,gene_max_residue_position,0.14417081292097766,5
HNSC,sample__synonymous_count,sample_aggregate,0.130068227276206,6
HNSC,sample__mutated_gene_count,sample_aggregate,0.10373898620406787,7
HNSC,sample__missense_count,sample_aggregate,0.09830052486310402,8
HNSC,sample__frameshift_count,sample_aggregate,0.09368914884204665,9
HNSC,TP53__frameshift,gene_frameshift,0.09065922939529021,10
HNSC,TP53__mutated,gene_mutated,0.08809710927307605,11
HNSC,CHST6__max_residue_position,gene_max_residue_position,0.08325664935012658,12
HNSC,PIK3CA__max_residue_position,gene_max_residue_position,0.07207746108373006,13
HNSC,sample__total_variant_count,sample_aggregate,0.05819006363550822,14
HNSC,sample__nonsense_count,sample_aggregate,0.05438186898827553,15
HNSC,KMT2D__nonsense,gene_nonsense,0.037993812405814724,16
HNSC,CDKN2A__mutated,gene_mutated,0.035958672780543564,17
HNSC,sample__multi_variant_gene_count,sample_aggregate,0.03172014893498272,18
HNSC,LAMA2__max_residue_position,gene_max_residue_position,0.03145575281232595,19
HNSC,SYNE1__max_residue_position,gene_max_residue_position,0.029308128403499722,20
KIPAN,VHL__max_residue_position,gene_max_residue_position,1.0312323768933613,1
KIPAN,VHL__mutated,gene_mutated,0.7241454397638639,2
KIPAN,hotspot__known_hotspot_total_count,fixed_hotspot,0.1994796062509219,3
KIPAN,sample__frameshift_count,sample_aggregate,0.17325680119295914,4
KIPAN,sample__synonymous_count,sample_aggregate,0.1314434022953113,5
KIPAN,TP53__max_residue_position,gene_max_residue_position,0.09771042764186859,6
KIPAN,sample__missense_count,sample_aggregate,0.08695016068716845,7
KIPAN,sample__nonsense_count,sample_aggregate,0.07674144289145866,8
KIPAN,sample__mutated_gene_count,sample_aggregate,0.06646335956950983,9
KIPAN,MET__max_residue_position,gene_max_residue_position,0.06311470535583794,10
KIPAN,sample__total_variant_count,sample_aggregate,0.05953646426399549,11
KIPAN,SKI__mutated,gene_mutated,0.03496402003414308,12
KIPAN,TP53__mutated,gene_mutated,0.03208328128481905,13
KIPAN,DST__max_residue_position,gene_max_residue_position,0.026266194880008698,14
KIPAN,sample__multi_variant_gene_count,sample_aggregate,0.0250349225049528,15
KIPAN,CDC27__max_residue_position,gene_max_residue_position,0.020825175909946363,16
KIPAN,HLA-C__max_residue_position,gene_max_residue_position,0.01638554819704344,17
KIPAN,NCOR2__mutated,gene_mutated,0.014754742279668184,18
KIPAN,KMT2D__max_residue_position,gene_max_residue_position,0.014515527731661374,19
KIPAN,sample__mutated_gene_count_log1p,sample_aggregate,0.013452210999093949,20
KIRC,VHL__max_residue_position,gene_max_residue_position,1.3413233319918314,1
KIRC,VHL__mutated,gene_mutated,0.40860900779565174,2
KIRC,sample__mutated_gene_count,sample_aggregate,0.1394532876710097,3
KIRC,sample__total_variant_count,sample_aggregate,0.11472803821476797,4
KIRC,sample__frameshift_count,sample_aggregate,0.10163547725727161,5
KIRC,hotspot__known_hotspot_total_count,fixed_hotspot,0.10015462239583334,6
KIRC,TP53__max_residue_position,gene_max_residue_position,0.09611386234561602,7
KIRC,TP53__mutated,gene_mutated,0.07593885560830434,8
KIRC,sample__missense_count,sample_aggregate,0.07285009513919552,9
KIRC,sample__synonymous_count,sample_aggregate,0.04609151920303702,10
KIRC,VHL__missense,gene_missense,0.04336339667594681,11
KIRC,PTCH1__max_residue_position,gene_max_residue_position,0.038164217583835126,12
KIRC,VHL__frameshift,gene_frameshift,0.03569265108089894,13
KIRC,sample__nonsense_count,sample_aggregate,0.0315822398600479,14
KIRC,ZNFX1__max_residue_position,gene_max_residue_position,0.026084816502407192,15
KIRC,sample__mutated_gene_count_log1p,sample_aggregate,0.02441562948515639,16
KIRC,sample__multi_variant_gene_count,sample_aggregate,0.022124275006353854,17
KIRC,MYH11__max_residue_position,gene_max_residue_position,0.019693977517696717,18
KIRC,PABPC1__max_residue_position,gene_max_residue_position,0.016528786160051823,19
KIRC,CERCAM__mutated,gene_mutated,0.016352433959643045,20
LAML,sample__total_variant_count,sample_aggregate,0.9180627206961314,1
LAML,NPM1__mutated,gene_mutated,0.509987299144268,2
LAML,sample__mutated_gene_count,sample_aggregate,0.4537482996781667,3
LAML,IDH2__max_residue_position,gene_max_residue_position,0.4420795821895202,4
LAML,RUNX1__max_residue_position,gene_max_residue_position,0.28429640730222067,5
LAML,IDH2__mutated,gene_mutated,0.20419997594629724,6
LAML,sample__missense_count,sample_aggregate,0.20388909690082074,7
LAML,sample__total_variant_count_log1p,sample_aggregate,0.19924084544181825,8
LAML,NPM1__frameshift,gene_frameshift,0.18210913805911938,9
LAML,hotspot__known_hotspot_total_count,fixed_hotspot,0.15699829421937467,10
LAML,NPM1__max_residue_position,gene_max_residue_position,0.1297325043939054,11
LAML,KIT__max_residue_position,gene_max_residue_position,0.09465436351795992,12
LAML,sample__mutated_gene_count_log1p,sample_aggregate,0.08662669279923042,13
LAML,hotspot__IDH2_140,fixed_hotspot,0.07414001889216403,14
LAML,sample__synonymous_count,sample_aggregate,0.06490928356846173,15
LAML,IDH2__missense,gene_missense,0.055646124629614255,16
LAML,RUNX1__mutated,gene_mutated,0.05268653390618662,17
LAML,sample__nonsense_count,sample_aggregate,0.032343971480925875,18
LAML,sample__frameshift_count,sample_aggregate,0.03200925051545103,19
LAML,CEBPA__max_residue_position,gene_max_residue_position,0.027852150611579418,20
LGG,hotspot__IDH1_132,fixed_hotspot,2.068476782242457,1
LGG,IDH1__max_residue_position,gene_max_residue_position,0.5461326827605565,2
LGG,EGFR__max_residue_position,gene_max_residue_position,0.21022550420214733,3
LGG,hotspot__known_hotspot_total_count,fixed_hotspot,0.20607418020566304,4
LGG,sample__mutated_gene_count,sample_aggregate,0.19505843942364057,5
LGG,hotspot__IDH2_172,fixed_hotspot,0.13543511976798375,6
LGG,sample__total_variant_count,sample_aggregate,0.11928324438631535,7
LGG,sample__missense_count,sample_aggregate,0.11200252575799823,8
LGG,sample__synonymous_count,sample_aggregate,0.09813774557163318,9
LGG,ATRX__max_residue_position,gene_max_residue_position,0.09205636726692319,10
LGG,EGFR__missense,gene_missense,0.07899064303686222,11
LGG,TP53__max_residue_position,gene_max_residue_position,0.07014442362512151,12
LGG,sample__frameshift_count,sample_aggregate,0.06671640084435543,13
LGG,ATRX__frameshift,gene_frameshift,0.06668837786031266,14
LGG,IDH2__max_residue_position,gene_max_residue_position,0.05590351841722926,15
LGG,IDH1__missense,gene_missense,0.042440286777855364,16
LGG,NF1__max_residue_position,gene_max_residue_position,0.04227898959070444,17
LGG,sample__nonsense_count,sample_aggregate,0.035186691535636784,18
LGG,sample__total_variant_count_log1p,sample_aggregate,0.03186268837501605,19
LGG,sample__mutated_gene_count_log1p,sample_aggregate,0.029616862628608943,20
LIHC,CTNNB1__max_residue_position,gene_max_residue_position,0.7770420124133428,1
LIHC,CTNNB1__missense,gene_missense,0.2887569156785806,2
LIHC,sample__mutated_gene_count,sample_aggregate,0.21194333626578252,3
LIHC,AXIN1__frameshift,gene_frameshift,0.19940665320803722,4
LIHC,sample__nonsense_count,sample_aggregate,0.16568688675761223,5
LIHC,hotspot__known_hotspot_total_count,fixed_hotspot,0.15866475912431877,6
LIHC,sample__missense_count,sample_aggregate,0.13573192829887074,7
LIHC,sample__multi_variant_gene_count,sample_aggregate,0.10471206506093343,8
LIHC,sample__total_variant_count,sample_aggregate,0.06792735205187152,9
LIHC,sample__synonymous_count,sample_aggregate,0.06641026735305786,10
LIHC,TP53__max_residue_position,gene_max_residue_position,0.05298455475519101,11
LIHC,sample__mutated_gene_count_log1p,sample_aggregate,0.048070763253296414,12
LIHC,CTNNB1__mutated,gene_mutated,0.04392130996566266,13
LIHC,PIK3CA__mutated,gene_mutated,0.0439033112100636,14
LIHC,FASN__max_residue_position,gene_max_residue_position,0.03562620027611653,15
LIHC,RYR2__max_residue_position,gene_max_residue_position,0.03380689520854503,16
LIHC,PCLO__max_residue_position,gene_max_residue_position,0.032016183552332225,17
LIHC,PTPRD__mutated,gene_mutated,0.03157602964589993,18
LIHC,sample__multi_variant_gene_count_log1p,sample_aggregate,0.029760218132287262,19
LIHC,ALB__max_residue_position,gene_max_residue_position,0.028285680583212524,20
LUAD,sample__frameshift_count,sample_aggregate,0.25368589063485464,1
LUAD,sample__mutated_gene_count,sample_aggregate,0.24050877392292022,2
LUAD,EGFR__max_residue_position,gene_max_residue_position,0.14566839107622703,3
LUAD,RYR2__max_residue_position,gene_max_residue_position,0.13886476295689743,4
LUAD,SPTA1__max_residue_position,gene_max_residue_position,0.12251884813110034,5
LUAD,sample__missense_count,sample_aggregate,0.1207929899295171,6
LUAD,sample__total_variant_count,sample_aggregate,0.0787510613600413,7
LUAD,MKI67__max_residue_position,gene_max_residue_position,0.06569220374027888,8
LUAD,sample__synonymous_count,sample_aggregate,0.06368111101910472,9
LUAD,CLVS1__max_residue_position,gene_max_residue_position,0.06305297827348114,10
LUAD,PLPPR4__missense,gene_missense,0.04948362739135822,11
LUAD,NLRP3__max_residue_position,gene_max_residue_position,0.048548029238979024,12
LUAD,sample__mutated_gene_count_log1p,sample_aggregate,0.04623209517449141,13
LUAD,MXRA5__max_residue_position,gene_max_residue_position,0.046020365537454686,14
LUAD,TP53__max_residue_position,gene_max_residue_position,0.04435592826533442,15
LUAD,sample__multi_variant_gene_count,sample_aggregate,0.03717843257666876,16
LUAD,RYR1__max_residue_position,gene_max_residue_position,0.03661847670252125,17
LUAD,PRKDC__max_residue_position,gene_max_residue_position,0.029131932242307812,18
LUAD,sample__complex_count,sample_aggregate,0.028157232608646155,19
LUAD,F8__max_residue_position,gene_max_residue_position,0.026485608828564485,20
LUSC,sample__missense_count,sample_aggregate,0.5880554599066575,1
LUSC,sample__mutated_gene_count,sample_aggregate,0.5705362399419148,2
LUSC,sample__frameshift_count,sample_aggregate,0.3858595296740532,3
LUSC,TP53__max_residue_position,gene_max_residue_position,0.25349610795577365,4
LUSC,sample__total_variant_count,sample_aggregate,0.16242410345003008,5
LUSC,NFE2L2__max_residue_position,gene_max_residue_position,0.14521153022845587,6
LUSC,sample__mutated_gene_count_log1p,sample_aggregate,0.13485691075523695,7
LUSC,sample__synonymous_count,sample_aggregate,0.09194073602557182,8
LUSC,RYR2__missense,gene_missense,0.08861660150190194,9
LUSC,PIK3CG__max_residue_position,gene_max_residue_position,0.08583392904450496,10
LUSC,RYR2__max_residue_position,gene_max_residue_position,0.0793664346759518,11
LUSC,KMT2D__max_residue_position,gene_max_residue_position,0.06840096513430277,12
LUSC,PDE4DIP__max_residue_position,gene_max_residue_position,0.06480426291624705,13
LUSC,PKHD1__max_residue_position,gene_max_residue_position,0.05984460425873597,14
LUSC,SPTA1__max_residue_position,gene_max_residue_position,0.058415329068278274,15
LUSC,sample__nonsense_count,sample_aggregate,0.05749268205836415,16
LUSC,MYH4__max_residue_position,gene_max_residue_position,0.050316561060026285,17
LUSC,CDKN2A__max_residue_position,gene_max_residue_position,0.04753474208215872,18
LUSC,PCLO__max_residue_position,gene_max_residue_position,0.04603815401593844,19
LUSC,hotspot__known_hotspot_total_count,fixed_hotspot,0.04571762727573514,20
OV,TP53__max_residue_position,gene_max_residue_position,0.8776016116142273,1
OV,sample__synonymous_count,sample_aggregate,0.2150253903741638,2
OV,TP53__mutated,gene_mutated,0.16083890795707703,3
OV,sample__total_variant_count,sample_aggregate,0.14966751486063004,4
OV,sample__multi_variant_gene_count,sample_aggregate,0.12305867820978164,5
OV,EFEMP1__max_residue_position,gene_max_residue_position,0.07466351657640188,6
OV,PTPRG__max_residue_position,gene_max_residue_position,0.06464558040412764,7
OV,sample__frameshift_count,sample_aggregate,0.06039502434432507,8
OV,KNTC1__max_residue_position,gene_max_residue_position,0.05266984319702412,9
OV,sample__mutated_gene_count,sample_aggregate,0.05082872804875175,10
OV,IDH1__mutated,gene_mutated,0.04902037375917037,11
OV,sample__total_variant_count_log1p,sample_aggregate,0.04528741234292587,12
OV,EGFR__max_residue_position,gene_max_residue_position,0.037494090055891625,13
OV,TP53__missense,gene_missense,0.03654675409973909,14
OV,PIK3CA__mutated,gene_mutated,0.031054801439555982,15
OV,NTRK3__max_residue_position,gene_max_residue_position,0.028931699157692493,16
OV,sample__missense_count,sample_aggregate,0.02382407245070984,17
OV,hotspot__known_hotspot_total_count,fixed_hotspot,0.02244112395371,18
OV,sample__multi_variant_gene_count_log1p,sample_aggregate,0.021867631049826742,19
OV,sample__nonsense_count,sample_aggregate,0.02037004381418228,20
PAAD,TP53__max_residue_position,gene_max_residue_position,0.6470498283704121,1
PAAD,CDKN2A__max_residue_position,gene_max_residue_position,0.37302765548229216,2
PAAD,sample__frameshift_count,sample_aggregate,0.24990495371166616,3
PAAD,sample__synonymous_count,sample_aggregate,0.249203532996277,4
PAAD,sample__multi_variant_gene_count,sample_aggregate,0.1374198578298092,5
PAAD,TP53__mutated,gene_mutated,0.09991407369573911,6
PAAD,sample__missense_count,sample_aggregate,0.08398839986572663,7
PAAD,sample__mutated_gene_count,sample_aggregate,0.06892602816224098,8
PAAD,WRN__max_residue_position,gene_max_residue_position,0.06667846943407009,9
PAAD,sample__total_variant_count,sample_aggregate,0.05030696132841209,10
PAAD,PLEC__max_residue_position,gene_max_residue_position,0.03284144500891368,11
PAAD,IDH1__mutated,gene_mutated,0.031497240097572404,12
PAAD,sample__multi_variant_gene_count_log1p,sample_aggregate,0.028281270153820516,13
PAAD,CDKN2A__mutated,gene_mutated,0.02696963034880658,14
PAAD,sample__nonsense_count,sample_aggregate,0.0238869985138687,15
PAAD,hotspot__GNAS_201,fixed_hotspot,0.023553920909762383,16
PAAD,RYR1__missense,gene_missense,0.021686589360858002,17
PAAD,MYLK__max_residue_position,gene_max_residue_position,0.02094061834116777,18
PAAD,RREB1__max_residue_position,gene_max_residue_position,0.019726530524591605,19
PAAD,TP53__missense,gene_missense,0.01753006220484773,20
PCPG,sample__mutated_gene_count,sample_aggregate,0.5206585903962453,1
PCPG,sample__total_variant_count,sample_aggregate,0.325154447555542,2
PCPG,sample__frameshift_count,sample_aggregate,0.2020239503433307,3
PCPG,HRAS__max_residue_position,gene_max_residue_position,0.18877805645267168,4
PCPG,hotspot__known_hotspot_total_count,fixed_hotspot,0.16166020780801774,5
PCPG,sample__missense_count,sample_aggregate,0.16018093234548966,6
PCPG,sample__mutated_gene_count_log1p,sample_aggregate,0.12297960072755813,7
PCPG,sample__total_variant_count_log1p,sample_aggregate,0.11138378630081812,8
PCPG,hotspot__HRAS_61,fixed_hotspot,0.07277318061581657,9
PCPG,sample__synonymous_count,sample_aggregate,0.06982889138162136,10
PCPG,ALMS1__max_residue_position,gene_max_residue_position,0.06678777638201912,11
PCPG,ATRX__max_residue_position,gene_max_residue_position,0.06437060836081704,12
PCPG,sample__nonsense_count,sample_aggregate,0.06204661633819342,13
PCPG,NCOA6__max_residue_position,gene_max_residue_position,0.04670386289556821,14
PCPG,CHEK2__max_residue_position,gene_max_residue_position,0.04498865879140794,15
PCPG,TP53__mutated,gene_mutated,0.042533702403306964,16
PCPG,TP53__max_residue_position,gene_max_residue_position,0.04110787324607372,17
PCPG,HRAS__mutated,gene_mutated,0.037190563534386455,18
PCPG,CDC27__max_residue_position,gene_max_residue_position,0.029393086101238926,19
PCPG,CHEK2__synonymous,gene_synonymous,0.023224492433170478,20
PRAD,sample__total_variant_count,sample_aggregate,0.5909694840510686,1
PRAD,sample__mutated_gene_count,sample_aggregate,0.26914122824867565,2
PRAD,hotspot__known_hotspot_total_count,fixed_hotspot,0.1606698306898276,3
PRAD,sample__missense_count,sample_aggregate,0.1505116788049539,4
PRAD,sample__total_variant_count_log1p,sample_aggregate,0.11026188073058923,5
PRAD,sample__synonymous_count,sample_aggregate,0.07801095563918352,6
PRAD,sample__mutated_gene_count_log1p,sample_aggregate,0.06043347902595997,7
PRAD,sample__frameshift_count,sample_aggregate,0.059179214667528866,8
PRAD,sample__nonsense_count,sample_aggregate,0.057149119985600315,9
PRAD,SPOP__max_residue_position,gene_max_residue_position,0.050676268090804416,10
PRAD,sample__multi_variant_gene_count,sample_aggregate,0.048826897020141286,11
PRAD,TP53__max_residue_position,gene_max_residue_position,0.028222954894105593,12
PRAD,SPOP__mutated,gene_mutated,0.027570461916426817,13
PRAD,PTEN__max_residue_position,gene_max_residue_position,0.023815043875947593,14
PRAD,TP53__mutated,gene_mutated,0.023761307820677757,15
PRAD,PTPRC__max_residue_position,gene_max_residue_position,0.021847812668420376,16
PRAD,SPTA1__max_residue_position,gene_max_residue_position,0.019055210053920746,17
PRAD,FGA__max_residue_position,gene_max_residue_position,0.018595172356193266,18
PRAD,BRAF__mutated,gene_mutated,0.009955354269671564,19
PRAD,PLCB4__max_residue_position,gene_max_residue_position,0.00983070811877648,20
SARC,sample__mutated_gene_count,sample_aggregate,0.25357655553768077,1
SARC,sample__total_variant_count,sample_aggregate,0.21502954835693042,2
SARC,hotspot__known_hotspot_total_count,fixed_hotspot,0.18654176344474158,3
SARC,ATRX__max_residue_position,gene_max_residue_position,0.13699717298150063,4
SARC,sample__missense_count,sample_aggregate,0.0859349437057972,5
SARC,sample__synonymous_count,sample_aggregate,0.06769382559383909,6
SARC,TP53__max_residue_position,gene_max_residue_position,0.05709783391406139,7
SARC,CACNA1A__max_residue_position,gene_max_residue_position,0.05455827650924524,8
SARC,sample__mutated_gene_count_log1p,sample_aggregate,0.051289307636519274,9
SARC,sample__total_variant_count_log1p,sample_aggregate,0.050438155668477216,10
SARC,ARHGAP27__missense,gene_missense,0.04832469146931544,11
SARC,sample__multi_variant_gene_count,sample_aggregate,0.03723708990534457,12
SARC,VWF__max_residue_position,gene_max_residue_position,0.03212853017418335,13
SARC,RB1__max_residue_position,gene_max_residue_position,0.028011404474576316,14
SARC,sample__nonsense_count,sample_aggregate,0.027598310756729916,15
SARC,FBLN2__max_residue_position,gene_max_residue_position,0.02534629877191037,16
SARC,ATRX__mutated,gene_mutated,0.021543442768355212,17
SARC,PCLO__max_residue_position,gene_max_residue_position,0.01985155651345849,18
SARC,sample__frameshift_count,sample_aggregate,0.017730971647930954,19
SARC,ATRX__frameshift,gene_frameshift,0.012950204188625018,20
SKCM,sample__synonymous_count,sample_aggregate,1.158006219069163,1
SKCM,hotspot__BRAF_600,fixed_hotspot,0.9552355130513509,2
SKCM,BRAF__max_residue_position,gene_max_residue_position,0.5384731878836949,3
SKCM,sample__mutated_gene_count,sample_aggregate,0.1988078753153483,4
SKCM,sample__frameshift_count,sample_aggregate,0.17639435799016306,5
SKCM,sample__complex_count,sample_aggregate,0.1336156993949165,6
SKCM,TP53__max_residue_position,gene_max_residue_position,0.12613498742381732,7
SKCM,PCLO__max_residue_position,gene_max_residue_position,0.12440691776573658,8
SKCM,BRAF__missense,gene_missense,0.11893357144047817,9
SKCM,PGK2__max_residue_position,gene_max_residue_position,0.09536515418440103,10
SKCM,SCN10A__max_residue_position,gene_max_residue_position,0.09356455355882645,11
SKCM,MYH4__max_residue_position,gene_max_residue_position,0.09350705326845249,12
SKCM,sample__missense_count,sample_aggregate,0.09212700649319837,13
SKCM,sample__nonsense_count,sample_aggregate,0.076780388597399,14
SKCM,DPYD__max_residue_position,gene_max_residue_position,0.07401342702408632,15
SKCM,TP53__mutated,gene_mutated,0.07329536123822132,16
SKCM,NOTCH2__max_residue_position,gene_max_residue_position,0.06587827972446879,17
SKCM,OSMR__max_residue_position,gene_max_residue_position,0.06488633812405169,18
SKCM,MXRA5__max_residue_position,gene_max_residue_position,0.06360821154279013,19
SKCM,PIK3CA__missense,gene_missense,0.05571354658653339,20
STES,sample__mutated_gene_count,sample_aggregate,0.40168518920739493,1
STES,sample__frameshift_count,sample_aggregate,0.3730471711605787,2
STES,TP53__max_residue_position,gene_max_residue_position,0.20240086714426678,3
STES,sample__synonymous_count,sample_aggregate,0.18928378398219745,4
STES,sample__missense_count,sample_aggregate,0.1623122232655684,5
STES,sample__nonsense_count,sample_aggregate,0.08567091512183349,6
STES,SYNE1__max_residue_position,gene_max_residue_position,0.07658405558516582,7
STES,sample__total_variant_count,sample_aggregate,0.07200376093387603,8
STES,SPTA1__max_residue_position,gene_max_residue_position,0.07171805143977204,9
STES,DCC__max_residue_position,gene_max_residue_position,0.07168500342716773,10
STES,sample__mutated_gene_count_log1p,sample_aggregate,0.04658690878810982,11
STES,TCHH__max_residue_position,gene_max_residue_position,0.046387360462297994,12
STES,NUP107__max_residue_position,gene_max_residue_position,0.04371370154840406,13
STES,COL12A1__max_residue_position,gene_max_residue_position,0.043450765187541644,14
STES,CDH1__missense,gene_missense,0.04139825840635846,15
STES,TG__max_residue_position,gene_max_residue_position,0.040309181157499555,16
STES,TP53__mutated,gene_mutated,0.04019359524051348,17
STES,LAMA1__max_residue_position,gene_max_residue_position,0.04009614962463578,18
STES,sample__multi_variant_gene_count,sample_aggregate,0.03629739817309504,19
STES,RTN1__max_residue_position,gene_max_residue_position,0.03442932184164723,20
TGCT,KIT__max_residue_position,gene_max_residue_position,0.6428987917800745,1
TGCT,KIT__missense,gene_missense,0.37100307196378707,2
TGCT,sample__mutated_gene_count,sample_aggregate,0.37077810366948444,3
TGCT,NCOR2__max_residue_position,gene_max_residue_position,0.26222061092654864,4
TGCT,sample__missense_count,sample_aggregate,0.22186065812905628,5
TGCT,sample__synonymous_count,sample_aggregate,0.2175407017270724,6
TGCT,sample__frameshift_count,sample_aggregate,0.19316017925739287,7
TGCT,sample__total_variant_count,sample_aggregate,0.1757110560933749,8
TGCT,TP53__max_residue_position,gene_max_residue_position,0.15059490203857423,9
TGCT,CELSR1__max_residue_position,gene_max_residue_position,0.14568300368264317,10
TGCT,TP53__mutated,gene_mutated,0.1257326866189639,11
TGCT,sample__multi_variant_gene_count,sample_aggregate,0.12394104165335497,12
TGCT,PKD1__max_residue_position,gene_max_residue_position,0.09702295064926147,13
TGCT,CELSR1__missense,gene_missense,0.06937653952045367,14
TGCT,CDC27__max_residue_position,gene_max_residue_position,0.06680652710298697,15
TGCT,sample__mutated_gene_count_log1p,sample_aggregate,0.04876581641534964,16
TGCT,sample__total_variant_count_log1p,sample_aggregate,0.047140797786414626,17
TGCT,SNAPC4__missense,gene_missense,0.03812324508520153,18
TGCT,hotspot__known_hotspot_total_count,fixed_hotspot,0.03740548606341084,19
TGCT,SNAPC4__max_residue_position,gene_max_residue_position,0.03721821100916713,20
THCA,hotspot__BRAF_600,fixed_hotspot,0.9773672858874003,1
THCA,BRAF__max_residue_position,gene_max_residue_position,0.7918419549862544,2
THCA,sample__mutated_gene_count,sample_aggregate,0.6875621179739634,3
THCA,sample__total_variant_count,sample_aggregate,0.3615860233704249,4
THCA,BRAF__mutated,gene_mutated,0.14825444445014,5
THCA,sample__mutated_gene_count_log1p,sample_aggregate,0.1440474276120464,6
THCA,hotspot__known_hotspot_total_count,fixed_hotspot,0.13186830213914316,7
THCA,TG__max_residue_position,gene_max_residue_position,0.12650731019675732,8
THCA,sample__synonymous_count,sample_aggregate,0.11947039340933165,9
THCA,hotspot__HRAS_61,fixed_hotspot,0.10836064467827479,10
THCA,sample__nonsense_count,sample_aggregate,0.10648148475835721,11
THCA,TP53__mutated,gene_mutated,0.09905700733264287,12
THCA,sample__frameshift_count,sample_aggregate,0.09692962964375813,13
THCA,sample__total_variant_count_log1p,sample_aggregate,0.08363889815906683,14
THCA,BRAF__missense,gene_missense,0.07487196742246548,15
THCA,sample__missense_count,sample_aggregate,0.06669448222965002,16
THCA,TP53__max_residue_position,gene_max_residue_position,0.02761877647911509,17
THCA,HRAS__max_residue_position,gene_max_residue_position,0.024462649536629518,18
THCA,TG__mutated,gene_mutated,0.017706282328193386,19
THCA,sample__multi_variant_gene_count,sample_aggregate,0.007503301502826313,20
THYM,sample__total_variant_count,sample_aggregate,0.8622071991364161,1
THYM,sample__mutated_gene_count,sample_aggregate,0.5313510845104853,2
THYM,sample__synonymous_count,sample_aggregate,0.2375233051677545,3
THYM,sample__missense_count,sample_aggregate,0.22392464186996222,4
THYM,sample__total_variant_count_log1p,sample_aggregate,0.14081783577178916,5
THYM,sample__frameshift_count,sample_aggregate,0.14048027899116278,6
THYM,sample__mutated_gene_count_log1p,sample_aggregate,0.13256550375372173,7
THYM,hotspot__known_hotspot_total_count,fixed_hotspot,0.12672306795914967,8
THYM,HRAS__max_residue_position,gene_max_residue_position,0.07040600534528493,9
THYM,HRAS__mutated,gene_mutated,0.06853047305097183,10
THYM,HRAS__missense,gene_missense,0.04539457873130838,11
THYM,sample__nonsense_count,sample_aggregate,0.0286845437833108,12
THYM,sample__multi_variant_gene_count,sample_aggregate,0.024980324258406957,13
THYM,MXRA5__max_residue_position,gene_max_residue_position,0.02409489353109772,14
THYM,TP53__mutated,gene_mutated,0.02104695662856102,15
THYM,TENM2__max_residue_position,gene_max_residue_position,0.019618976574080686,16
THYM,TP53__max_residue_position,gene_max_residue_position,0.01675525474905347,17
THYM,NF1__max_residue_position,gene_max_residue_position,0.015603793002082967,18
THYM,PCLO__mutated,gene_mutated,0.014344418442730482,19
THYM,PLXNB2__max_residue_position,gene_max_residue_position,0.011705504078418017,20
UCEC,PTEN__max_residue_position,gene_max_residue_position,1.5457857350508373,1
UCEC,CTNNB1__max_residue_position,gene_max_residue_position,0.7197679410378138,2
UCEC,PIK3CA__max_residue_position,gene_max_residue_position,0.3528930351138115,3
UCEC,PTEN__mutated,gene_mutated,0.2559505025545756,4
UCEC,PIK3CA__missense,gene_missense,0.23652817755937577,5
UCEC,CTNNB1__missense,gene_missense,0.13762124770631393,6
UCEC,CTCF__max_residue_position,gene_max_residue_position,0.13480710337559382,7
UCEC,sample__synonymous_count,sample_aggregate,0.1172799309094747,8
UCEC,hotspot__PTEN_130,fixed_hotspot,0.11418556186060111,9
UCEC,sample__total_variant_count,sample_aggregate,0.10122537525991598,10
UCEC,TP53__max_residue_position,gene_max_residue_position,0.10014655273407698,11
UCEC,RPL22__max_residue_position,gene_max_residue_position,0.09786015124991536,12
UCEC,hotspot__known_hotspot_total_count,fixed_hotspot,0.08872788771986961,13
UCEC,sample__mutated_gene_count,sample_aggregate,0.07937378051380316,14
UCEC,CTNNB1__mutated,gene_mutated,0.06824282264957825,15
UCEC,sample__frameshift_count,sample_aggregate,0.0661967221647501,16
UCEC,SYNE1__max_residue_position,gene_max_residue_position,0.05548245757818222,17
UCEC,sample__multi_variant_gene_count,sample_aggregate,0.055435290839523074,18
UCEC,sample__missense_count,sample_aggregate,0.04499889360740781,19
UCEC,sample__nonsense_count,sample_aggregate,0.04461554330773652,20
