feature,family,mean_abs_shap,share,rank
sample__mutated_gene_count,sample_aggregate,0.37177453942748845,0.1178277432016013,1
sample__total_variant_count,sample_aggregate,0.2621601237028084,0.08308728128860833,2
sample__synonymous_count,sample_aggregate,0.19946883842718807,0.06321832341481383,3
sample__missense_count,sample_aggregate,0.18604185819263622,0.05896286584236669,4
TP53__max_residue_position,gene_max_residue_position,0.17949091120947974,0.056886652393088204,5
hotspot__known_hotspot_total_count,fixed_hotspot,0.0969540461622605,0.03072796881452707,6
sample__frameshift_count,sample_aggregate,0.09393082415235247,0.029769808992250294,7
sample__mutated_gene_count_log1p,sample_aggregate,0.07562433812535413,0.023967873394846184,8
sample__multi_variant_gene_count,sample_aggregate,0.07374499918868131,0.023372248245366992,9
TP53__mutated,gene_mutated,0.06497320835669831,0.020592175357210966,10
hotspot__IDH1_132,fixed_hotspot,0.05663420771423305,0.017949268105489316,11
sample__total_variant_count_log1p,sample_aggregate,0.05234234545372658,0.0165890339026137,12
sample__nonsense_count,sample_aggregate,0.05109172612295416,0.01619267095216493,13
PTEN__max_residue_position,gene_max_residue_position,0.04025960563914915,0.012759610924278006,14
VHL__max_residue_position,gene_max_residue_position,0.035078512051286294,0.011117549674698444,15
hotspot__BRAF_600,fixed_hotspot,0.03185621341758947,0.01009629583489871,16
APC__max_residue_position,gene_max_residue_position,0.03178474429083684,0.010073644886485676,17
PIK3CA__max_residue_position,gene_max_residue_position,0.029450624498860035,0.009333884525611208,18
KMT2D__max_residue_position,gene_max_residue_position,0.022351017537423187,0.0070837824417711165,19
BRAF__max_residue_position,gene_max_residue_position,0.020746446065318887,0.006575240260117508,20
IDH1__max_residue_position,gene_max_residue_position,0.019696753570261558,0.006242557721020754,21
CTNNB1__max_residue_position,gene_max_residue_position,0.016890408877021163,0.005353133549157044,22
sample__multi_variant_gene_count_log1p,sample_aggregate,0.015256194533577638,0.004835196553546312,23
VHL__mutated,gene_mutated,0.013547372578804489,0.00429361391915093,24
PIK3CA__missense,gene_missense,0.012561551366687403,0.0039811743185185185,25
RYR2__max_residue_position,gene_max_residue_position,0.011913432241487033,0.0037757637652144765,26
PCLO__max_residue_position,gene_max_residue_position,0.01190752231837722,0.0037738907135966963,27
PLEC__synonymous,gene_synonymous,0.011708969267070083,0.0037109626336444246,28
PLEC__max_residue_position,gene_max_residue_position,0.011234240719945585,0.0035605053338325734,29
CDKN2A__max_residue_position,gene_max_residue_position,0.010819091648280644,0.003428930755643739,30
EGFR__max_residue_position,gene_max_residue_position,0.010722570277866692,0.003398339916195413,31
APC__nonsense,gene_nonsense,0.010220251334734106,0.0032391383002701515,32
SPTA1__max_residue_position,gene_max_residue_position,0.010060331509155756,0.0031884543772395216,33
BTG2__max_residue_position,gene_max_residue_position,0.009963840404015652,0.0031578731298652525,34
LRIG1__max_residue_position,gene_max_residue_position,0.009574423612984346,0.0030344539690946217,35
SYNE1__max_residue_position,gene_max_residue_position,0.009227103925543222,0.002924376783594793,36
ATRX__max_residue_position,gene_max_residue_position,0.009137693351158035,0.002896039592418687,37
SOWAHC__max_residue_position,gene_max_residue_position,0.00889678593702923,0.0028196880031704213,38
DST__max_residue_position,gene_max_residue_position,0.008227418530924626,0.002607543161419099,39
TP53__missense,gene_missense,0.007891054428626705,0.0025009381660129337,40
NF1__max_residue_position,gene_max_residue_position,0.007661184916705284,0.0024280848558796905,41
BTG1__max_residue_position,gene_max_residue_position,0.007658399865498511,0.0024272021803234236,42
PTEN__mutated,gene_mutated,0.006830957557225885,0.002164958133263544,43
KIT__max_residue_position,gene_max_residue_position,0.006159679439461211,0.0019522077233010107,44
FBXW7__max_residue_position,gene_max_residue_position,0.0058946015483171,0.0018681957042578344,45
CTNNB1__missense,gene_missense,0.005848406346639381,0.0018535549051089454,46
NOTCH1__max_residue_position,gene_max_residue_position,0.0055906307522812365,0.0017718572273108788,47
PKHD1__max_residue_position,gene_max_residue_position,0.005331900457650739,0.0016898569731752862,48
APC__mutated,gene_mutated,0.005266354544352102,0.001669083288533085,49
NPM1__mutated,gene_mutated,0.005264370873908207,0.0016684545972514826,50
IDH1__mutated,gene_mutated,0.005166266697688295,0.0016373621138865775,51
CREBBP__max_residue_position,gene_max_residue_position,0.004868821810072031,0.0015430919148335463,52
MYH4__max_residue_position,gene_max_residue_position,0.004777885774919618,0.0015142712542950102,53
B2M__max_residue_position,gene_max_residue_position,0.004431568932236417,0.0014045119037248929,54
RYR1__max_residue_position,gene_max_residue_position,0.004385228868172808,0.0013898251928574918,55
PIK3CA__mutated,gene_mutated,0.004375275965603094,0.0013866707862918869,56
sample__complex_count,sample_aggregate,0.0041944956683464246,0.0013293754844837797,57
TG__max_residue_position,gene_max_residue_position,0.004182942253929689,0.0013257138223670218,58
MYC__max_residue_position,gene_max_residue_position,0.004138841780541025,0.001311736912432548,59
DMD__max_residue_position,gene_max_residue_position,0.004051635074922745,0.0012840982007260608,60
CDKN1A__max_residue_position,gene_max_residue_position,0.003920406098164403,0.0012425073639842493,61
CDC27__max_residue_position,gene_max_residue_position,0.0037673210057938456,0.0011939895957163943,62
MXRA5__max_residue_position,gene_max_residue_position,0.0036868991382611274,0.0011685012253453873,63
CMPK2__max_residue_position,gene_max_residue_position,0.003640646901562536,0.0011538423498973437,64
HRAS__max_residue_position,gene_max_residue_position,0.0035063774969270457,0.0011112879002204365,65
MAP1B__max_residue_position,gene_max_residue_position,0.003498781681629392,0.0011088805331756762,66
TENM2__max_residue_position,gene_max_residue_position,0.0033782554743320686,0.0010706817608112176,67
TNFAIP3__max_residue_position,gene_max_residue_position,0.0033747723472431334,0.0010695778417402517,68
BRAF__missense,gene_missense,0.003374240041165859,0.0010694091362020125,69
FLNC__max_residue_position,gene_max_residue_position,0.0033683677522749994,0.0010675480121226085,70
RB1__max_residue_position,gene_max_residue_position,0.003314292314834234,0.0010504097036034275,71
IDH2__max_residue_position,gene_max_residue_position,0.003311421834410001,0.001049499952680697,72
PTGIR__max_residue_position,gene_max_residue_position,0.003272291560082364,0.0010370982644909003,73
BRAF__mutated,gene_mutated,0.003248673206729286,0.0010296128210874425,74
RUNX1__max_residue_position,gene_max_residue_position,0.0032442015080533177,0.00102819559073036,75
SCN10A__max_residue_position,gene_max_residue_position,0.003222329755376351,0.001021263703297296,76
VWF__max_residue_position,gene_max_residue_position,0.003133477818064636,0.0009931035628297656,77
EGFR__missense,gene_missense,0.0031269236036114917,0.0009910263138103396,78
TP53__frameshift,gene_frameshift,0.003098587366385716,0.0009820456157553304,79
RELN__max_residue_position,gene_max_residue_position,0.0030900043565782577,0.0009793253738661267,80
NFKB2__max_residue_position,gene_max_residue_position,0.0030660112220568365,0.0009717211498185494,81
CDH1__max_residue_position,gene_max_residue_position,0.0030109830511565066,0.0009542808883103713,82
PEG3__max_residue_position,gene_max_residue_position,0.0030060038332399815,0.0009527028081897783,83
ANK1__max_residue_position,gene_max_residue_position,0.00296604150917442,0.0009400374157048942,84
IDH1__missense,gene_missense,0.0029618407422299826,0.0009387060526439886,85
CELSR1__max_residue_position,gene_max_residue_position,0.0028993690887034853,0.0009189067033920606,86
BTG2__mutated,gene_mutated,0.0028745987485430417,0.0009110561569723526,87
MYH10__max_residue_position,gene_max_residue_position,0.002852467221648894,0.0009040419384313017,88
PDE4DIP__max_residue_position,gene_max_residue_position,0.002847892490926448,0.0009025920537845183,89
KMT2D__mutated,gene_mutated,0.002843094427657485,0.0009010713876098227,90
FBXW7__missense,gene_missense,0.002840432492463811,0.0009002277316217002,91
SPOP__max_residue_position,gene_max_residue_position,0.002831045758296943,0.0008972527626939768,92
COL6A3__max_residue_position,gene_max_residue_position,0.002821564325981593,0.0008942477807666056,93
APC__frameshift,gene_frameshift,0.002808806909604367,0.0008902045302978497,94
LAMA3__max_residue_position,gene_max_residue_position,0.002683002130957271,0.0008503328027320207,95
NCOR2__max_residue_position,gene_max_residue_position,0.0026726780952223733,0.0008470607716960898,96
NOTCH2__max_residue_position,gene_max_residue_position,0.002672312624055465,0.0008469449417017378,97
CHEK2__max_residue_position,gene_max_residue_position,0.0026248641862773848,0.000831906950260898,98
LAMA1__max_residue_position,gene_max_residue_position,0.002585431987518488,0.0008194095721553593,99
NFKB2__synonymous,gene_synonymous,0.0025825241114025756,0.0008184879692914961,100
FGFR3__max_residue_position,gene_max_residue_position,0.002551382514172906,0.0008086181591454981,101
F8__max_residue_position,gene_max_residue_position,0.0025361612177892015,0.0008037940229788404,102
PKD1__max_residue_position,gene_max_residue_position,0.0024652206375119132,0.0007813105885608814,103
ERBB3__max_residue_position,gene_max_residue_position,0.002427199064809438,0.000769260284870351,104
RYR2__mutated,gene_mutated,0.0024065715721693277,0.0007627227449155315,105
RYR2__missense,gene_missense,0.0023887870701470933,0.0007570862434475419,106
SPTAN1__max_residue_position,gene_max_residue_position,0.002357879761388341,0.0007472906871270716,107
PCLO__mutated,gene_mutated,0.002353170565508449,0.0007457981859900211,108
ERCC2__max_residue_position,gene_max_residue_position,0.002347243771633026,0.0007439197874642974,109
PTPRD__max_residue_position,gene_max_residue_position,0.0023357783240694507,0.0007402860049753385,110
PRKDC__max_residue_position,gene_max_residue_position,0.0023305479829470975,0.0007386283355406042,111
KRT8__max_residue_position,gene_max_residue_position,0.0023241571361460986,0.0007366028631753677,112
NFE2L2__max_residue_position,gene_max_residue_position,0.00230356765275858,0.000730077369619585,113
AHNAK__max_residue_position,gene_max_residue_position,0.002296252110940101,0.0007277588305822004,114
KIT__missense,gene_missense,0.002290046117958499,0.0007257919445537133,115
COL15A1__max_residue_position,gene_max_residue_position,0.0022810567493363387,0.0007229429140117415,116
hotspot__HRAS_61,fixed_hotspot,0.0022686431877148227,0.0007190086425761298,117
COL11A1__max_residue_position,gene_max_residue_position,0.0022678902844865795,0.0007187700224480013,118
PABPC1__max_residue_position,gene_max_residue_position,0.0022591653551567205,0.0007160048015318141,119
hotspot__IDH2_172,fixed_hotspot,0.0022330566562199687,0.0007077300846069142,120
MKI67__max_residue_position,gene_max_residue_position,0.0022241845653580322,0.0007049182232961549,121
FLNA__max_residue_position,gene_max_residue_position,0.0022184017565536735,0.0007030854584386334,122
PTCH1__max_residue_position,gene_max_residue_position,0.0021871707639406104,0.0006931873159159908,123
DCC__max_residue_position,gene_max_residue_position,0.002158107878261392,0.0006839763187460881,124
COL12A1__max_residue_position,gene_max_residue_position,0.0021276722561722554,0.0006743302556530581,125
RNF213__max_residue_position,gene_max_residue_position,0.002088843306498026,0.0006620240672894105,126
ZC3H12A__max_residue_position,gene_max_residue_position,0.0020628503731465447,0.0006537860403370778,127
hotspot__PIK3CA_1047,fixed_hotspot,0.002049565401641403,0.000649575590064289,128
PEX6__max_residue_position,gene_max_residue_position,0.0020319119488933636,0.0006439806224793091,129
MTOR__max_residue_position,gene_max_residue_position,0.002028519236703757,0.0006429053589035692,130
COL1A2__max_residue_position,gene_max_residue_position,0.0020105202362834316,0.0006372008757437554,131
AKAP13__max_residue_position,gene_max_residue_position,0.002003341169110041,0.0006349255900702504,132
SPRR3__synonymous,gene_synonymous,0.0019766787741208333,0.0006264753884110246,133
DOCK2__max_residue_position,gene_max_residue_position,0.0019215059821111814,0.0006089892916529207,134
MYH1__max_residue_position,gene_max_residue_position,0.0019123131883832009,0.0006060757889145304,135
CTCF__max_residue_position,gene_max_residue_position,0.001895109106491435,0.0006006232419319318,136
LAMA2__max_residue_position,gene_max_residue_position,0.001881501716355535,0.0005963106064484857,137
ALMS1__max_residue_position,gene_max_residue_position,0.0018504628779398645,0.0005864733639957089,138
CYLD__max_residue_position,gene_max_residue_position,0.0018415767853286911,0.0005836570650639226,139
LRP1__max_residue_position,gene_max_residue_position,0.0018283072864129098,0.0005794515185704206,140
CDH3__max_residue_position,gene_max_residue_position,0.0018192117983107713,0.0005765688552281639,141
MYH2__max_residue_position,gene_max_residue_position,0.0018183842525395018,0.0005763065783902317,142
ATXN1__max_residue_position,gene_max_residue_position,0.001799900463837904,0.0005704484496655526,143
FBN1__max_residue_position,gene_max_residue_position,0.0017404737543243213,0.0005516141446626725,144
FBN2__max_residue_position,gene_max_residue_position,0.0017151571066494112,0.0005435904551825958,145
COL5A1__max_residue_position,gene_max_residue_position,0.0017098684330475941,0.0005419142982408331,146
NLRP3__max_residue_position,gene_max_residue_position,0.0017067847737985758,0.0005409369838430422,147
GNAS__max_residue_position,gene_max_residue_position,0.0017018331189793308,0.0005393676393866858,148
CDH8__max_residue_position,gene_max_residue_position,0.001701475593487492,0.0005392543276416016,149
THBS2__max_residue_position,gene_max_residue_position,0.0016879623851386726,0.0005349715415056645,150
SOWAHC__synonymous,gene_synonymous,0.0016684698643915068,0.000528793711973589,151
CTNNB1__mutated,gene_mutated,0.0016645670604114508,0.0005275567833075313,152
PTEN__missense,gene_missense,0.0016361773710721812,0.0005185591444961379,153
KMT2D__nonsense,gene_nonsense,0.0016312066656333857,0.0005169837622634678,154
IGSF3__max_residue_position,gene_max_residue_position,0.0016273002602835678,0.000515745692203295,155
TCHH__max_residue_position,gene_max_residue_position,0.0016177263060970478,0.0005127113870110933,156
PLXNB2__max_residue_position,gene_max_residue_position,0.0015447857507533054,0.0004895940938331915,157
HRAS__mutated,gene_mutated,0.0015257356164715796,0.0004835564713172446,158
BRCA2__max_residue_position,gene_max_residue_position,0.0014730235455769653,0.0004668502590990553,159
CDKN2A__nonsense,gene_nonsense,0.0014696311238137727,0.0004657750875691261,160
CDKN2A__mutated,gene_mutated,0.0014646945513640199,0.00046421052321837385,161
ABCA3__max_residue_position,gene_max_residue_position,0.0014594968131743185,0.00046256318673968864,162
MYH8__max_residue_position,gene_max_residue_position,0.0014592699216639934,0.0004624912772575214,163
MYH7__max_residue_position,gene_max_residue_position,0.0014574160430936513,0.00046190372134675457,164
PGLS__max_residue_position,gene_max_residue_position,0.001456280006325383,0.00046154367342952706,165
DPYD__max_residue_position,gene_max_residue_position,0.0014341547394482875,0.00045453143889653326,166
APOE__max_residue_position,gene_max_residue_position,0.0014214652684596193,0.0004505097225861064,167
SPEG__max_residue_position,gene_max_residue_position,0.0014169209767971598,0.0004490694850920004,168
PRDM2__max_residue_position,gene_max_residue_position,0.0014141302076393525,0.00044818499732646525,169
MET__max_residue_position,gene_max_residue_position,0.001394227962181462,0.00044187731237698276,170
ELF3__frameshift,gene_frameshift,0.001391578919237711,0.0004410377423725737,171
SCN9A__max_residue_position,gene_max_residue_position,0.0013718596994456234,0.0004347880643570322,172
F5__max_residue_position,gene_max_residue_position,0.0013716302159215007,0.0004347153333792978,173
MYOM2__max_residue_position,gene_max_residue_position,0.001364907780146691,0.00043258476941603313,174
HELZ2__max_residue_position,gene_max_residue_position,0.001338608824303166,0.00042424975373590336,175
SYNE1__missense,gene_missense,0.001336509439489029,0.0004235843887134831,176
PLEC__mutated,gene_mutated,0.0013361161416383153,0.0004234597395155391,177
HLA-A__max_residue_position,gene_max_residue_position,0.0013342627073706652,0.0004228723244191045,178
KALRN__max_residue_position,gene_max_residue_position,0.001320919123244291,0.00041864329785302345,179
HUWE1__max_residue_position,gene_max_residue_position,0.001315995126580308,0.0004170827191879466,180
EPHA5__max_residue_position,gene_max_residue_position,0.0013085107579857732,0.00041471067331804655,181
PLCB1__max_residue_position,gene_max_residue_position,0.001298153039294342,0.0004114279670304998,182
ATRX__frameshift,gene_frameshift,0.0012973521597200892,0.0004111741415992162,183
SAMD9L__max_residue_position,gene_max_residue_position,0.0012833300850196303,0.0004067300787553657,184
MYH10__synonymous,gene_synonymous,0.0012775186381509542,0.0004048882375407236,185
MYLK__max_residue_position,gene_max_residue_position,0.001259322629984085,0.00039912131605954383,186
PIK3CG__max_residue_position,gene_max_residue_position,0.0012591782564955484,0.0003990755592888984,187
COL7A1__max_residue_position,gene_max_residue_position,0.0012517356668437488,0.00039671675455848945,188
NF1__frameshift,gene_frameshift,0.001249204464330958,0.0003959145321144038,189
MYH11__max_residue_position,gene_max_residue_position,0.0012468356593489094,0.00039516377886069976,190
NPM1__max_residue_position,gene_max_residue_position,0.0012353129746379655,0.0003915118560119622,191
TRIO__max_residue_position,gene_max_residue_position,0.0012197640421666852,0.00038658388104867837,192
ATRX__mutated,gene_mutated,0.0012170415595018989,0.000385721035548846,193
RPL22__max_residue_position,gene_max_residue_position,0.001215377489896583,0.000385193636425639,194
PCLO__missense,gene_missense,0.0012070969183664143,0.0003825692473071111,195
WRN__max_residue_position,gene_max_residue_position,0.0012014587127754104,0.000380782312027687,196
IRF4__max_residue_position,gene_max_residue_position,0.0012004124389153716,0.0003804507129679745,197
DCT__max_residue_position,gene_max_residue_position,0.0011975805361126217,0.00037955318857932715,198
ERCC2__mutated,gene_mutated,0.0011920120877617498,0.00037778836169438684,199
TP63__max_residue_position,gene_max_residue_position,0.0011850779220839048,0.00037559069346765816,200
GREB1__max_residue_position,gene_max_residue_position,0.0011777453972340848,0.0003732667719415784,201
SYNE1__mutated,gene_mutated,0.001177682865824596,0.0003732469536536703,202
CENPE__max_residue_position,gene_max_residue_position,0.0011760067027120013,0.0003727157216949166,203
hotspot__TP53_273,fixed_hotspot,0.001172298000969761,0.00037154031049766524,204
FASN__max_residue_position,gene_max_residue_position,0.0011711023507165006,0.0003711613690800603,205
TP53__nonsense,gene_nonsense,0.0011661555758936874,0.00036959357125722884,206
PTEN__frameshift,gene_frameshift,0.0011629407952740939,0.00036857470012668215,207
MEFV__max_residue_position,gene_max_residue_position,0.001162672044503144,0.0003684895240496074,208
CDH11__max_residue_position,gene_max_residue_position,0.0011584168074083277,0.0003671408975824963,209
hotspot__TP53_248,fixed_hotspot,0.0011527656304248582,0.00036534985123644895,210
BMP2K__max_residue_position,gene_max_residue_position,0.0011462422087828046,0.0003632823614852161,211
SPTA1__mutated,gene_mutated,0.0011461192757101695,0.0003632433998970026,212
hotspot__PTEN_130,fixed_hotspot,0.0011384672887835747,0.0003608182301907681,213
BCL11B__max_residue_position,gene_max_residue_position,0.001136749002978713,0.0003602736481468391,214
CNN2__synonymous,gene_synonymous,0.0011348499932567013,0.00035967178866983695,215
PTPRC__max_residue_position,gene_max_residue_position,0.001131865610029938,0.00035872593815247834,216
PGK2__max_residue_position,gene_max_residue_position,0.0011314794179650696,0.00035860354101491243,217
CSK__max_residue_position,gene_max_residue_position,0.0011296357760661423,0.0003580192294465166,218
NSDHL__max_residue_position,gene_max_residue_position,0.0011282464094903514,0.0003575788928695222,219
NCOA6__max_residue_position,gene_max_residue_position,0.001123078842715541,0.0003559411187178626,220
GATA3__frameshift,gene_frameshift,0.001114786795066776,0.00035331309243483985,221
MYO15A__max_residue_position,gene_max_residue_position,0.001105556409929776,0.000350387675725968,222
KNTC1__max_residue_position,gene_max_residue_position,0.001100808703060279,0.00034888296917269773,223
CENPF__max_residue_position,gene_max_residue_position,0.0010920881031887205,0.0003461191204061516,224
MAGI2__max_residue_position,gene_max_residue_position,0.0010915799281929768,0.00034595806281196515,225
LTBP1__max_residue_position,gene_max_residue_position,0.0010906095916362094,0.0003456505308147338,226
CTSL__max_residue_position,gene_max_residue_position,0.001090515796713374,0.00034562080407739856,227
PGLS__synonymous,gene_synonymous,0.0010898598106713466,0.00034541290023593904,228
MAP1S__max_residue_position,gene_max_residue_position,0.001085652971071865,0.0003440796125482416,229
NEFH__max_residue_position,gene_max_residue_position,0.0010812948338553784,0.0003426983736027982,230
CACNA1A__max_residue_position,gene_max_residue_position,0.001074963620090099,0.0003406918009342164,231
hotspot__GNAS_201,fixed_hotspot,0.0010681348475367562,0.000338527535301512,232
NFKBIE__max_residue_position,gene_max_residue_position,0.0010572084863817125,0.0003350646072637637,233
PTPRM__max_residue_position,gene_max_residue_position,0.0010474680104367684,0.0003319775257759629,234
PTGIR__synonymous,gene_synonymous,0.0010458270111947856,0.0003314574384198569,235
IGSF3__missense,gene_missense,0.001045563378170614,0.00033137388432731633,236
VCAN__max_residue_position,gene_max_residue_position,0.0010441554882646025,0.0003309276770895719,237
BTG1__mutated,gene_mutated,0.0010432744615377352,0.00033064845035423135,238
DMD__missense,gene_missense,0.001041402974473317,0.00033005531372478123,239
CACNA1B__max_residue_position,gene_max_residue_position,0.0010353099374962689,0.000328124227219086,240
NPM1__frameshift,gene_frameshift,0.0010197304943990696,0.00032318658242149546,241
SPTA1__missense,gene_missense,0.0010136999040026525,0.0003212752873186159,242
PLCL1__max_residue_position,gene_max_residue_position,0.0010097002632309586,0.0003200076678456107,243
ECI2__max_residue_position,gene_max_residue_position,0.0010024177876112365,0.00031769960858874516,244
HRAS__missense,gene_missense,0.0009985209920147274,0.0003164645841796997,245
DLC1__max_residue_position,gene_max_residue_position,0.0009963539648579279,0.0003157777810442954,246
RREB1__max_residue_position,gene_max_residue_position,0.0009895882173083293,0.0003136334901359707,247
SPRR3__max_residue_position,gene_max_residue_position,0.000988199557302289,0.00031319337749448106,248
CDKN1A__mutated,gene_mutated,0.000972815721722831,0.00030831772723907783,249
MAP3K1__max_residue_position,gene_max_residue_position,0.0009681513252208075,0.00030683942451808675,250
PIM1__max_residue_position,gene_max_residue_position,0.0009666785153551615,0.00030637264198128,251
hotspot__PIK3CA_545,fixed_hotspot,0.0009614511828359002,0.00030471592607314547,252
PVR__max_residue_position,gene_max_residue_position,0.0009555431281319081,0.0003028434666154456,253
ZNFX1__max_residue_position,gene_max_residue_position,0.000954849612890837,0.00030262366851991935,254
RYR1__missense,gene_missense,0.0009534619951465306,0.0003021838862059129,255
TMPRSS6__max_residue_position,gene_max_residue_position,0.0009520977734988422,0.00030175151889474245,256
MYOM1__max_residue_position,gene_max_residue_position,0.0009500220282391708,0.0003010936460350648,257
KEL__max_residue_position,gene_max_residue_position,0.0009445643730012583,0.0002993639331804785,258
NOTCH3__max_residue_position,gene_max_residue_position,0.0009428076593912938,0.00029880717208427104,259
MYH4__mutated,gene_mutated,0.0009413150379769065,0.00029833411060732737,260
MYH9__max_residue_position,gene_max_residue_position,0.0009386969831855901,0.00029750436178129424,261
AMOT__max_residue_position,gene_max_residue_position,0.0009383843257739887,0.0002974052702263401,262
TEX15__max_residue_position,gene_max_residue_position,0.0009315043967413816,0.0002952247914002547,263
B2M__missense,gene_missense,0.000922784593353081,0.00029246119506580074,264
EFHC1__max_residue_position,gene_max_residue_position,0.0009207121909140984,0.00029180438165741926,265
COL5A2__max_residue_position,gene_max_residue_position,0.000919242578611536,0.00029133861253493205,266
AR__max_residue_position,gene_max_residue_position,0.0009189461960066746,0.00029124467900869104,267
AKT1__max_residue_position,gene_max_residue_position,0.0009184077581308307,0.00029107403009910555,268
GRID2__max_residue_position,gene_max_residue_position,0.000917256837156359,0.0002907092648808251,269
ADCY2__max_residue_position,gene_max_residue_position,0.0009171391391651848,0.0002906719624644176,270
PCNT__max_residue_position,gene_max_residue_position,0.0009152954139210242,0.0002900876244811394,271
SPTBN1__max_residue_position,gene_max_residue_position,0.0009137191547655589,0.00028958805541630953,272
DYNC1H1__max_residue_position,gene_max_residue_position,0.0009120034944229112,0.00028904430546886566,273
CCND3__max_residue_position,gene_max_residue_position,0.0009093731595846206,0.00028821066468663885,274
AXIN1__frameshift,gene_frameshift,0.0009091475800311659,0.00028813917100733283,275
GATA3__max_residue_position,gene_max_residue_position,0.0009082478093209766,0.00028785400367891984,276
RXRA__max_residue_position,gene_max_residue_position,0.0009044067121357809,0.0002866366319529092,277
NF1__nonsense,gene_nonsense,0.0009032165209631986,0.0002862594206999283,278
PCLO__nonsense,gene_nonsense,0.0009012363685653588,0.00028563184440438106,279
PLCB4__max_residue_position,gene_max_residue_position,0.000900789557908686,0.0002854902352145875,280
PAN2__max_residue_position,gene_max_residue_position,0.0008980860457032421,0.0002846334020856272,281
MMP16__max_residue_position,gene_max_residue_position,0.0008976238160528171,0.0002844869061027815,282
NF1__mutated,gene_mutated,0.0008938346915037516,0.0002832860062374661,283
FLT4__max_residue_position,gene_max_residue_position,0.0008928728713586819,0.0002829811733749631,284
TCF7L2__max_residue_position,gene_max_residue_position,0.0008914368621130952,0.0002825260541812586,285
FN1__max_residue_position,gene_max_residue_position,0.0008845274931570276,0.0002803362448621633,286
IDH2__mutated,gene_mutated,0.0008824945334934928,0.0002796919321839927,287
THSD4__max_residue_position,gene_max_residue_position,0.0008818868791458451,0.0002794993462674309,288
CKB__synonymous,gene_synonymous,0.0008787793983086297,0.00027851448201434044,289
EIF4G3__max_residue_position,gene_max_residue_position,0.0008768604424061118,0.0002779063009279076,290
CLIP1__max_residue_position,gene_max_residue_position,0.0008662847881452432,0.0002745545235943724,291
FGA__max_residue_position,gene_max_residue_position,0.000865299374488492,0.0002742422131616197,292
CMPK2__synonymous,gene_synonymous,0.000855093996602336,0.00027100778875295247,293
SPTB__max_residue_position,gene_max_residue_position,0.0008522655864852691,0.00027011137131281314,294
ABCA2__max_residue_position,gene_max_residue_position,0.000847591771964336,0.00026863008370771655,295
COL5A3__max_residue_position,gene_max_residue_position,0.0008473093086359289,0.0002685405616641289,296
HLA-C__max_residue_position,gene_max_residue_position,0.0008421444867200749,0.00026690365744976176,297
RYR1__mutated,gene_mutated,0.0008354251269867613,0.00026477406838657506,298
ITK__max_residue_position,gene_max_residue_position,0.0008331278899521062,0.000264045997400839,299
CR1__max_residue_position,gene_max_residue_position,0.0008317369816236791,0.0002636051721910458,300
PGRMC1__max_residue_position,gene_max_residue_position,0.0008248718042125011,0.00026142936864547925,301
SPOP__missense,gene_missense,0.0008240673335473911,0.0002611744050778079,302
TGFBR2__max_residue_position,gene_max_residue_position,0.0008189382824129864,0.0002595488378163618,303
UNC5C__max_residue_position,gene_max_residue_position,0.0008177915002270813,0.00025918538431812853,304
MAP3K1__frameshift,gene_frameshift,0.0008169781902062852,0.00025892761926401474,305
ARID5B__max_residue_position,gene_max_residue_position,0.0008109960508232254,0.00025703167990219397,306
CDH1__missense,gene_missense,0.0008034545626868797,0.00025464153094563647,307
WDR90__max_residue_position,gene_max_residue_position,0.0008029928645257845,0.00025449520340947447,308
COL4A1__max_residue_position,gene_max_residue_position,0.0007951714803360351,0.00025201634606434795,309
APC__missense,gene_missense,0.0007909350760019869,0.0002506736883268411,310
WIZ__max_residue_position,gene_max_residue_position,0.0007898504478850091,0.00025032993352471476,311
TIAM1__max_residue_position,gene_max_residue_position,0.0007860287725774329,0.0002491187172390745,312
CDH1__mutated,gene_mutated,0.0007846742020279291,0.00024868940868260053,313
SPOP__mutated,gene_mutated,0.0007730525344035255,0.00024500611484937754,314
ARHGAP5__max_residue_position,gene_max_residue_position,0.0007718475272974754,0.0002446242079332492,315
CAMK4__max_residue_position,gene_max_residue_position,0.0007716618966368563,0.00024456537538962355,316
CEBPA__max_residue_position,gene_max_residue_position,0.0007707977999260404,0.00024429151434066587,317
ITPR2__max_residue_position,gene_max_residue_position,0.0007698640636909736,0.00024399558220531068,318
ZFPM2__max_residue_position,gene_max_residue_position,0.000768436711664803,0.0002435432067729938,319
NEFH__synonymous,gene_synonymous,0.0007653643442336212,0.0002425694711286441,320
TNC__max_residue_position,gene_max_residue_position,0.0007647316697064604,0.0002423689554832443,321
LRIG1__missense,gene_missense,0.0007637247103482257,0.0002420498164995494,322
AQP7__max_residue_position,gene_max_residue_position,0.0007635111166368924,0.00024198212153311302,323
LCT__max_residue_position,gene_max_residue_position,0.0007633276445720748,0.00024192397312044524,324
CELSR1__missense,gene_missense,0.0007627016404492954,0.00024172557154852594,325
MYC__mutated,gene_mutated,0.0007594006764748422,0.00024067938604023758,326
DAB2__max_residue_position,gene_max_residue_position,0.0007581781230836154,0.00024029191812149968,327
EPB41L3__max_residue_position,gene_max_residue_position,0.0007573324430826153,0.00024002389394173196,328
IQGAP2__max_residue_position,gene_max_residue_position,0.0007558772011463259,0.00023956267926729686,329
GRM8__max_residue_position,gene_max_residue_position,0.0007553820577761728,0.0002394057518296186,330
NPC1__max_residue_position,gene_max_residue_position,0.0007521379434779757,0.00023837758387859848,331
KCNH1__max_residue_position,gene_max_residue_position,0.0007516141428494897,0.00023821157400057635,332
CRMP1__max_residue_position,gene_max_residue_position,0.0007469457639223859,0.00023673200911633865,333
FGFR3__missense,gene_missense,0.000745726439870409,0.0002363455646828465,334
AGL__max_residue_position,gene_max_residue_position,0.0007427228356807603,0.00023539362240169355,335
SMC1A__mutated,gene_mutated,0.0007390597491778036,0.00023423266819417763,336
B2M__mutated,gene_mutated,0.0007362210235872565,0.00023333298143666628,337
SLIT2__max_residue_position,gene_max_residue_position,0.000728167750225097,0.00023078063068368015,338
CASP8__max_residue_position,gene_max_residue_position,0.0007054484930035304,0.0002235801408121676,339
REV3L__max_residue_position,gene_max_residue_position,0.0007050684201259305,0.00022345968304900634,340
TENM2__mutated,gene_mutated,0.0007045446747609974,0.00022329369068584614,341
CDH1__frameshift,gene_frameshift,0.000704335322405195,0.00022322733994634657,342
hotspot__TP53_175,fixed_hotspot,0.0006996145742827178,0.00022173117751857178,343
CHST6__max_residue_position,gene_max_residue_position,0.0006876773430760449,0.00021794787106804402,344
RET__max_residue_position,gene_max_residue_position,0.0006871374553852807,0.00021777676266378633,345
XDH__max_residue_position,gene_max_residue_position,0.0006866739396639624,0.00021762985908220837,346
NFASC__max_residue_position,gene_max_residue_position,0.0006839304453041881,0.00021676035427589126,347
RB1__frameshift,gene_frameshift,0.0006813154792166149,0.00021593158436302432,348
UPF1__max_residue_position,gene_max_residue_position,0.0006808680328541796,0.0002157897736968859,349
PLXNB1__max_residue_position,gene_max_residue_position,0.0006797221681220416,0.00021542661097033114,350
ADCY9__max_residue_position,gene_max_residue_position,0.0006796961419064889,0.0002154183623951399,351
SLC23A2__frameshift,gene_frameshift,0.0006703251000141075,0.00021244836687224228,352
DST__mutated,gene_mutated,0.0006703081873362183,0.0002124430066809009,353
NTRK3__max_residue_position,gene_max_residue_position,0.0006691472523265621,0.00021207506768109163,354
PHKA2__max_residue_position,gene_max_residue_position,0.0006691398954291218,0.00021207273603507924,355
SLIT3__max_residue_position,gene_max_residue_position,0.0006688974885503576,0.0002119959092155092,356
CFH__max_residue_position,gene_max_residue_position,0.000667471643438871,0.0002115440113746828,357
CLCN2__max_residue_position,gene_max_residue_position,0.0006626746703887414,0.00021002369072667377,358
TG__mutated,gene_mutated,0.0006618986732297717,0.00020977775136215174,359
HCLS1__max_residue_position,gene_max_residue_position,0.0006612069850923395,0.00020955853233666803,360
NOS1__max_residue_position,gene_max_residue_position,0.0006591522108179916,0.00020890730588122558,361
ABCA4__max_residue_position,gene_max_residue_position,0.0006568761527819378,0.00020818594722606573,362
FBXW7__mutated,gene_mutated,0.0006550225712349853,0.0002075984854519112,363
ALB__max_residue_position,gene_max_residue_position,0.0006548449614490415,0.0002075421949908148,364
MYH2__mutated,gene_mutated,0.0006521247812194243,0.00020668007920943027,365
PARP14__max_residue_position,gene_max_residue_position,0.0006517276471870414,0.0002065542141976511,366
EGFR__mutated,gene_mutated,0.0006503997084393302,0.00020613334614683266,367
MYH3__max_residue_position,gene_max_residue_position,0.0006497344547515922,0.0002059225050795465,368
CYFIP2__max_residue_position,gene_max_residue_position,0.0006496203611659546,0.0002058863450193924,369
ECI2__missense,gene_missense,0.0006484363177681941,0.00020551108220116468,370
SMTN__max_residue_position,gene_max_residue_position,0.0006446396983109798,0.00020430780694964332,371
CELSR2__max_residue_position,gene_max_residue_position,0.0006439872437597427,0.0002041010223553237,372
EPHB2__max_residue_position,gene_max_residue_position,0.000641580124337249,0.00020333812597837992,373
PTPRG__max_residue_position,gene_max_residue_position,0.0006341303113728686,0.00020097703193945317,374
ERCC2__missense,gene_missense,0.0006192846436680826,0.00019627194502126467,375
KMT2D__missense,gene_missense,0.0006159087164154128,0.00019520200115150042,376
FLNB__max_residue_position,gene_max_residue_position,0.0006149580616919157,0.0001949007069832497,377
CDH8__missense,gene_missense,0.0006144478495005125,0.0001947390037338568,378
NUDT19__max_residue_position,gene_max_residue_position,0.0006136928519772051,0.00019449971985381728,379
STAB1__max_residue_position,gene_max_residue_position,0.0006121437898194177,0.00019400877042405757,380
MXRA5__mutated,gene_mutated,0.0006110128841915379,0.00019365034873624576,381
SYMPK__max_residue_position,gene_max_residue_position,0.0006075778279004445,0.00019256166490336875,382
JUNB__max_residue_position,gene_max_residue_position,0.0006062187913046538,0.00019213094090796823,383
PLPPR4__missense,gene_missense,0.0006057718579705997,0.0001919892928376236,384
MAML2__max_residue_position,gene_max_residue_position,0.0006057019920162516,0.00019196714998798107,385
SATB1__max_residue_position,gene_max_residue_position,0.0006042754341879423,0.00019151502626343794,386
RXRA__missense,gene_missense,0.000604191960843144,0.00019148857077821237,387
NIPBL__max_residue_position,gene_max_residue_position,0.0006027846738426055,0.00019104255462130783,388
CROCC__max_residue_position,gene_max_residue_position,0.0006020805801595905,0.00019081940386493832,389
ABCA1__max_residue_position,gene_max_residue_position,0.0005998361646755273,0.0001901080737891856,390
TNFAIP3__mutated,gene_mutated,0.0005978581924957838,0.00018948118847742212,391
RTN1__max_residue_position,gene_max_residue_position,0.0005965409244653398,0.00018906370233257245,392
TRO__max_residue_position,gene_max_residue_position,0.0005951294695987743,0.00018861636524000438,393
SCN8A__max_residue_position,gene_max_residue_position,0.0005945054896547581,0.00018841860519780323,394
ID3__max_residue_position,gene_max_residue_position,0.0005943092446833026,0.0001883564086252868,395
ENPP2__max_residue_position,gene_max_residue_position,0.0005941171103835733,0.00018829551486165364,396
ABCB1__max_residue_position,gene_max_residue_position,0.0005922993714342472,0.0001877194128013604,397
ABCC3__max_residue_position,gene_max_residue_position,0.0005911652381571273,0.00018735996816392328,398
MYH10__mutated,gene_mutated,0.0005872699102518632,0.00018612540891515308,399
PLG__max_residue_position,gene_max_residue_position,0.0005848774358567639,0.00018536715403552555,400
POLE__max_residue_position,gene_max_residue_position,0.0005837885109832912,0.00018502203744805035,401
COL4A2__max_residue_position,gene_max_residue_position,0.0005837631879187219,0.00018501401172484256,402
PLPPR4__max_residue_position,gene_max_residue_position,0.0005818983448429767,0.00018442298079685444,403
ABCC8__max_residue_position,gene_max_residue_position,0.0005814793015754675,0.00018429017201820468,404
L1CAM__max_residue_position,gene_max_residue_position,0.0005810092477437547,0.00018414119629152025,405
TACC3__max_residue_position,gene_max_residue_position,0.0005796826282001696,0.0001837207463404599,406
IRS1__max_residue_position,gene_max_residue_position,0.0005796755307575297,0.00018371849692432168,407
NFASC__missense,gene_missense,0.000578737874214615,0.0001834213223127413,408
NOTCH4__max_residue_position,gene_max_residue_position,0.0005763649900829937,0.0001826692762405751,409
PABPC1__mutated,gene_mutated,0.0005751297685987428,0.00018227779338091625,410
OSMR__max_residue_position,gene_max_residue_position,0.0005736541673037062,0.0001818101261470942,411
SOCS1__mutated,gene_mutated,0.0005715728358547451,0.0001811504828378368,412
SLC4A4__max_residue_position,gene_max_residue_position,0.0005698306951040394,0.00018059834036645802,413
PCDHB1__max_residue_position,gene_max_residue_position,0.0005687831239782501,0.0001802663301599899,414
CDK5RAP2__max_residue_position,gene_max_residue_position,0.0005674174002699247,0.00017983348679573822,415
CBLB__max_residue_position,gene_max_residue_position,0.0005668381481469943,0.000179649902490867,416
KIF3C__max_residue_position,gene_max_residue_position,0.0005666406766403121,0.00017958731718845545,417
MYC__synonymous,gene_synonymous,0.000564234962694244,0.000178824866253837,418
ACACA__max_residue_position,gene_max_residue_position,0.0005624060126346009,0.0001782452110190056,419
BCL6__max_residue_position,gene_max_residue_position,0.0005605249604011296,0.00017764904286866488,420
RHOA__max_residue_position,gene_max_residue_position,0.0005593747864802243,0.00017728451441655974,421
ITIH5__max_residue_position,gene_max_residue_position,0.000558446650296438,0.0001769903571241112,422
CYP11B2__max_residue_position,gene_max_residue_position,0.0005583735206463638,0.0001769671799005105,423
PTPN11__max_residue_position,gene_max_residue_position,0.0005579182876672832,0.00017682290139602063,424
ELF3__max_residue_position,gene_max_residue_position,0.000556093046015062,0.00017624442147910654,425
MAML1__max_residue_position,gene_max_residue_position,0.0005552631833185969,0.00017598141033035424,426
MED13L__max_residue_position,gene_max_residue_position,0.0005523910172993106,0.0001750711251863689,427
NDST3__max_residue_position,gene_max_residue_position,0.0005521470465481739,0.0001749938027235184,428
IL16__max_residue_position,gene_max_residue_position,0.0005515559515352391,0.00017480646501206814,429
DST__missense,gene_missense,0.0005502415529631803,0.00017438988829422298,430
SPAG5__max_residue_position,gene_max_residue_position,0.0005459526149152261,0.00017303058087177244,431
DSC1__max_residue_position,gene_max_residue_position,0.0005454598275311827,0.00017287440012461993,432
DCTN1__max_residue_position,gene_max_residue_position,0.0005453298310428488,0.00017283319990454005,433
MYD88__max_residue_position,gene_max_residue_position,0.0005412336786992158,0.00017153499269754985,434
ATP4A__max_residue_position,gene_max_residue_position,0.0005391047838833657,0.0001708602749719856,435
UTP20__missense,gene_missense,0.0005324496129442931,0.00016875102947717748,436
LAMA2__missense,gene_missense,0.0005251335962158445,0.0001664323399249942,437
EFEMP2__max_residue_position,gene_max_residue_position,0.000523633295641342,0.00016595684466625508,438
SOWAHC__mutated,gene_mutated,0.0005227564321024342,0.00016567893738394257,439
NAV2__max_residue_position,gene_max_residue_position,0.0005205517480987404,0.0001649801995386131,440
STRBP__max_residue_position,gene_max_residue_position,0.0005190001449803041,0.00016448844479373075,441
CUL1__max_residue_position,gene_max_residue_position,0.0005186029213452925,0.00016436255138389206,442
ZNF292__max_residue_position,gene_max_residue_position,0.0005170171200074902,0.00016385995808342808,443
TCIRG1__max_residue_position,gene_max_residue_position,0.0005168113119231212,0.00016379473064168023,444
PREX1__max_residue_position,gene_max_residue_position,0.0005156311037484542,0.00016342068333348306,445
UTP20__max_residue_position,gene_max_residue_position,0.0005117162652019371,0.0001621799405121885,446
CNTRL__max_residue_position,gene_max_residue_position,0.0005105360505666287,0.00016180589115639873,447
MKI67__mutated,gene_mutated,0.0005098404373489233,0.00016158542814214915,448
IDUA__max_residue_position,gene_max_residue_position,0.0005080534170522479,0.00016101906184676765,449
MARCO__max_residue_position,gene_max_residue_position,0.000506739949448563,0.0001606027801838304,450
CNN2__max_residue_position,gene_max_residue_position,0.0005044411364309049,0.0001598742097165514,451
C3__max_residue_position,gene_max_residue_position,0.000502965458557132,0.00015940651821237534,452
LAMA1__mutated,gene_mutated,0.0005011740217270973,0.0001588387521703643,453
FBLN2__missense,gene_missense,0.0004992850916501774,0.0001582400872688575,454
PEX6__synonymous,gene_synonymous,0.0004988590148723036,0.00015810504933633855,455
CDH3__mutated,gene_mutated,0.0004975259603523325,0.00015768255992677655,456
RET__missense,gene_missense,0.0004971089648342088,0.00015755040014816087,457
TUBA3C__max_residue_position,gene_max_residue_position,0.0004961627947578694,0.00015725052731407264,458
FBLN2__max_residue_position,gene_max_residue_position,0.0004960729039133344,0.00015722203790927814,459
CIT__max_residue_position,gene_max_residue_position,0.0004960268039704201,0.00015720742730080645,460
KCNH2__max_residue_position,gene_max_residue_position,0.0004927389757814831,0.00015616540496077847,461
CDC27__missense,gene_missense,0.000490683061117381,0.00015551381707781245,462
KRT8__missense,gene_missense,0.00048672264068492154,0.000154258627837568,463
TATDN2__max_residue_position,gene_max_residue_position,0.0004861033697995124,0.0001540623602529976,464
PKHD1__mutated,gene_mutated,0.0004841064318982303,0.00015342946407193,465
CDKN1A__frameshift,gene_frameshift,0.00048389459824229957,0.00015336232692571527,466
CLVS1__max_residue_position,gene_max_residue_position,0.00048380495820267845,0.00015333391700935757,467
ATF6__max_residue_position,gene_max_residue_position,0.0004817388353560514,0.00015267909381309937,468
TRIM58__max_residue_position,gene_max_residue_position,0.000481731367123723,0.00015267672688135006,469
KLHL24__max_residue_position,gene_max_residue_position,0.0004810224923779256,0.0001524520608468267,470
SAMD9__max_residue_position,gene_max_residue_position,0.000480966331523537,0.0001524342616001675,471
SLC23A2__max_residue_position,gene_max_residue_position,0.00047896152487841755,0.00015179887155190392,472
DPYSL4__max_residue_position,gene_max_residue_position,0.0004777641928356306,0.00015141939711914206,473
HSPA1L__max_residue_position,gene_max_residue_position,0.00047736140862033227,0.00015129174137607017,474
NEGR1__max_residue_position,gene_max_residue_position,0.0004771145876347837,0.0001512135155789331,475
RUNX1__mutated,gene_mutated,0.0004767333354494876,0.00015109268405385528,476
IGF2R__max_residue_position,gene_max_residue_position,0.0004763325337896673,0.00015096565664869514,477
APOE__mutated,gene_mutated,0.0004755810835959915,0.00015072749703565232,478
ABCC1__max_residue_position,gene_max_residue_position,0.00047526893150646315,0.00015062856563410602,479
PHLDB1__max_residue_position,gene_max_residue_position,0.00047489155536945075,0.0001505089625579223,480
TNIP2__max_residue_position,gene_max_residue_position,0.0004744431011118036,0.000150366832456197,481
ITGB2__max_residue_position,gene_max_residue_position,0.0004737331566556506,0.00015014182739480733,482
F13B__max_residue_position,gene_max_residue_position,0.0004736892266989274,0.00015012790452728763,483
EFEMP1__max_residue_position,gene_max_residue_position,0.00047356979711648514,0.0001500900533118915,484
MYOF__max_residue_position,gene_max_residue_position,0.0004717245772444298,0.00014950524163121577,485
CACNA1H__max_residue_position,gene_max_residue_position,0.0004709342740834275,0.00014925476821781475,486
ARHGEF2__max_residue_position,gene_max_residue_position,0.000470416712626267,0.00014909073574114417,487
PTPRD__missense,gene_missense,0.00047005905740855284,0.00014897738288160615,488
USP8__max_residue_position,gene_max_residue_position,0.0004697198482617266,0.00014886987619676048,489
BRCA1__max_residue_position,gene_max_residue_position,0.000469345921968174,0.0001487513664909563,490
NRAP__max_residue_position,gene_max_residue_position,0.0004684807697738675,0.0001484771709241,491
TAOK2__max_residue_position,gene_max_residue_position,0.000467921227798912,0.00014829983342208307,492
SLIT1__max_residue_position,gene_max_residue_position,0.0004676411213142661,0.00014821105834083952,493
MYBPC3__max_residue_position,gene_max_residue_position,0.0004665117879862049,0.0001478531349672467,494
RASA1__max_residue_position,gene_max_residue_position,0.00046628388559655665,0.00014778090510372818,495
NCOA3__max_residue_position,gene_max_residue_position,0.0004661856772769525,0.0001477497796138536,496
VHL__missense,gene_missense,0.00046269451238167207,0.00014664331309414782,497
ROCK1__max_residue_position,gene_max_residue_position,0.00046202980999930583,0.0001464326467539096,498
NOTCH1__mutated,gene_mutated,0.0004608774924872884,0.00014606743892633275,499
hotspot__IDH2_140,fixed_hotspot,0.0004567635689720112,0.0001447635994427157,500
