feature,mean_importance,fold_occurrences
APC,0.012501576449722052,5
IRF4,0.007865336269605904,5
LRIG1,0.0068049242720007895,5
HLA-C,0.006643905863165855,5
DTX1,0.006321141694206745,5
PTEN,0.006135427672415972,5
IDH1,0.006077191419899463,5
VHL,0.006068971659988165,5
RAF1,0.006062503360832731,3
TNFAIP3,0.005668885423801839,5
PLEC,0.00528978519141674,5
sample__aa_Y__event_MT__count,0.005022849561646581,5
TM7SF2,0.0047914753668010235,1
ABCA3,0.004780887166270986,5
HNF1A,0.004740734433289618,5
BRAF,0.004705173708498478,5
NFKB2,0.004515707027167082,5
STAT3,0.0044352822471410034,5
SEMA3C,0.004426563531160355,5
BCL11B,0.004417951568029821,5
IDUA,0.004320367705076933,1
NPM1,0.004262313107028603,5
PEX6,0.003905138000845909,5
sample__aa_N__event_MT__count,0.0038935673306696116,5
TFAP2B,0.0035802999045699835,5
KRT17,0.0035293956752866507,1
ARHGEF2,0.003529138956218958,5
PRDM1,0.0034608616027981044,5
sample__aa_F__event_S__count,0.0033855602843686937,5
OGFR,0.0033716340782120823,5
MTRR,0.003105729352682829,5
SLC6A14,0.003070036554709077,5
EFHC1,0.003059840912465006,5
SLC5A5,0.003059248556382954,5
IRF8,0.0030323387356474994,5
IGSF3,0.0030287195229902865,5
CIITA,0.0029689827235415576,5
CTNNB1,0.0028764221351593733,5
ZC3H12A,0.0028472009114921095,5
sample__raw_event_count,0.0028309515211731194,5
sample__log1p_mutated_gene_count,0.002792019210755825,5
sample__log1p_raw_event_count,0.0027774565387517214,5
MAP4K3,0.0027725610532797875,5
sample__mutated_gene_count,0.0027254719519987703,5
PLK3,0.002548431744799018,1
PRKG2,0.0025384116917848585,5
CDKN2A,0.002475016633979976,5
sample__explicit_wt_gene_count,0.0024557988392189143,5
ERCC2,0.002444090647622943,5
RUNX1,0.002398930862545967,5
NCOA3,0.002356767846504226,5
SPAG5,0.0023225505952723323,5
FGFR3,0.0022745166905224325,5
PIK3CA,0.0022363339783623816,5
MEFV,0.0022268627886660396,5
KIT,0.0022054184693843125,5
KMT2D,0.0021974135772325097,5
PINK1,0.002196644665673375,1
PTPRG,0.002191932359710336,5
CXCR4,0.0021619342733174562,1
TP53,0.002158023207448423,5
KRT8,0.002151361491996795,4
sample__aa_event_count_sum,0.002140398370102048,5
MYH10,0.002139461087062955,5
NCOR2,0.002122021629475057,5
CDH3,0.0020531296147964897,5
RPS6KA1,0.0020454487297683955,5
SPOP,0.0020003637066110967,5
NDUFS1,0.0019938043551519513,4
SLC27A5,0.00198448886803817,5
CRMP1,0.0019362797494977713,5
sample__aa_W__event_FS__count,0.0018977463943883777,5
IKBKB,0.0018625639495439827,5
ERCC5,0.0018594375927932561,5
NEFH,0.0018405563663691283,5
MAP1S,0.0018353538354858756,5
sample__aa_A__event_MT__count,0.0018258391297422349,5
RPL22,0.001808973456112047,3
PCDH1,0.0018087766540702433,5
EGR1,0.00180836723302491,4
sample__aa_K__event_MT__count,0.0018047181190922856,5
ALOX15,0.001803797281657656,3
sample__aa_P__event_M__count,0.0017992699751630426,5
sample__aa_E__event_MT__count,0.0017739355331286787,5
CCP110,0.0017503034032415599,4
CTTN,0.0017468573350924999,4
MTMR10,0.0017409828724339604,3
RYR2,0.0017357992706820368,5
EGFR,0.0017041444312781095,5
NOTCH1,0.0016934880753979088,5
RAP1GAP,0.0016909906407818198,3
sample__aa_E__event_M__count,0.0016702291206456721,5
AMOT,0.001654703402891755,5
PLEK,0.001636044413316995,5
GPD2,0.0016319507267326117,1
NEDD4,0.0016301495721563696,5
PLK4,0.0016258375311736018,5
sample__aa_C__event_MT__count,0.0016081003414001316,5
STRN,0.001593103213235736,5
sample__aa_Q__event_MT__count,0.0015814140904694795,5
sample__event_M__count,0.0015800324268639087,5
IDH2,0.0015605219872668386,5
PTCD3,0.0015533961122855544,2
ATRX,0.0015473774168640376,5
TLR2,0.001545214734505862,5
TRIM33,0.00153732483740896,5
CYP4A22,0.0015319952042773366,5
CELSR1,0.001531322649680078,5
FLT4,0.0015223094378598034,5
MAGI2,0.0015155472443439066,5
DNTTIP2,0.001509931916370988,5
LAMA3,0.0015019423211924733,5
CHST2,0.0014959841209929436,4
ACSL1,0.0014780557248741388,3
CTCF,0.0014736501616425812,5
NLRP3,0.0014729784452356398,5
GAA,0.001472935825586319,5
KAT2B,0.0014689447823911905,5
FBXW7,0.0014680515276268124,5
HLA-A,0.0014610294252634048,5
DBF4,0.001456069410778582,1
RNF123,0.0014545620419085027,5
MYO1E,0.001454068039311096,5
sample__event_M__one_gene_count,0.0014522403012961148,5
JAG2,0.001450981543166563,5
sample__aa_C__event_ST__count,0.0014360929140821098,5
TYRO3,0.001421753503382206,5
FBLN2,0.0014102478278800845,5
sample__aa_D__event_MT__count,0.0014075159677304327,5
PLXNB2,0.0014002003008499742,5
ELF3,0.0013943893369287252,5
GNAS,0.0013799154781736433,5
WIZ,0.0013750174548476934,5
HRAS,0.0013666637474671005,5
NFE2L2,0.001364440913312137,5
ALB,0.0013525369227863847,5
SPTAN1,0.0013504535658285023,5
CHEK2,0.0013466174597851932,5
MFSD6,0.0013433553627692162,5
sample__event_S__capped_digit,0.001342952298000455,5
STC2,0.001339551410637796,1
COL3A1,0.001337909500580281,5
sample__aa_R__event_M__count,0.0013139527989551425,5
AMBN,0.0013084916514344513,5
PLPPR4,0.001302025723271072,5
MYOF,0.0012819994473829866,5
CDH2,0.0012785958591848613,5
LTBP1,0.001272899261675775,5
KRT13,0.0012719508376903832,5
GATA1,0.0012672380544245243,4
FGD4,0.001265670859720558,5
sample__event_S__count,0.0012627914315089584,5
RB1,0.0012614957289770246,5
ACO2,0.0012610037811100483,2
TRIM29,0.001258112129289657,5
sample__event_MT__multi_gene_count,0.0012565068085677923,5
PARP12,0.0012533177156001329,5
sample__aa_K__event_ST__count,0.0012464370112866164,5
LLGL2,0.0012408470618538558,5
sample__aa_A__event_M__count,0.001240533171221614,5
CASP8,0.0012382245040498674,5
IL6ST,0.0012354849139228463,5
PPP2R2C,0.0012353733996860682,5
POLR2A,0.0012340611778199674,5
PAN2,0.0012316126842051745,5
DLC1,0.0012238134047947824,5
sample__event_MT__count,0.0012230839813128114,5
HSP90B1,0.0012216749601066113,1
ADAMTS1,0.0012153527117334307,5
sample__aa_S__event_ST__count,0.0012116725440137089,5
sample__aa_L__event_S__count,0.0012111946824006736,5
NCAPD2,0.0012093494995497167,5
ATXN1,0.0012077624443918467,5
RASA1,0.0012052975944243371,5
COL8A2,0.001193675328977406,1
sample__aa_Q__event_M__count,0.001191782613750547,5
CDH1,0.0011871878756210207,5
COL5A2,0.0011870044050738215,5
SMOX,0.0011857590405270457,5
HLA-B,0.0011854994925670325,5
sample__aa_event_count_max,0.0011827886337414384,5
FASN,0.0011776724015362561,5
PRKCH,0.0011775599326938392,5
ABLIM1,0.001173064881004393,5
RBM5,0.0011706944787874818,3
sample__event_ST__count,0.0011694642715156078,5
ACTB,0.0011670401436276734,2
ERBB3,0.0011642282828688622,5
sample__aa_Y__event_M__count,0.0011610308662056922,5
VWF,0.0011589764559175818,5
PKD1,0.0011584125109948217,5
ARID5B,0.0011577929719351232,5
SOX9,0.0011521743144840002,1
PRC1,0.0011457130778580904,5
sample__event_FS__one_gene_count,0.0011443855590187013,5
GDA,0.0011412390042096377,5
WRN,0.0011394111439585685,5
sample__event_FS__count,0.0011359360185451805,5
HSD17B4,0.0011232089600525796,5
FAM120A,0.0011179789900779725,5
PGR,0.0011176730389706791,5
sample__aa_G__event_M__count,0.0011175387189723551,5
sample__event_S__one_gene_count,0.001110908924601972,5
SLIT2,0.0011107477243058384,5
PIKFYVE,0.0011097084847278894,5
sample__aa_E__event_ST__count,0.0011090701213106514,5
ADAM23,0.0011078058159910142,5
GP2,0.0011071627493947744,5
sample__event_ST__capped_digit,0.0011033486807718873,5
ZC3H14,0.0010961441439576447,3
LDB3,0.0010904466500505805,5
MYH2,0.0010868074896279722,5
GABBR1,0.001082790014334023,5
F8,0.0010766587918624281,5
DST,0.0010750194545835257,5
IGF1R,0.0010703479638323188,5
sample__aa_H__event_FS__count,0.0010703174804802984,5
COL6A2,0.001065526867751032,5
KRT1,0.0010628943680785596,5
CREBBP,0.0010607111908029765,5
PARP14,0.001060280145611614,5
TACC3,0.0010590416961349547,5
sample__aa_G__event_ST__count,0.0010531970649026335,5
EPHA5,0.0010486373794265091,5
sample__weighted_event_digit_code,0.0010481037199497223,5
AXIN1,0.0010463370359502732,5
SLC4A1,0.0010449481080286205,5
sample__event_ST__one_gene_count,0.0010441435617394746,5
DSC2,0.0010438144207000732,5
sample__event_M__capped_digit,0.0010417861863970756,5
EPHA2,0.0010403136897366495,5
ITIH5,0.0010366774164140224,5
sample__aa_S__event_MT__count,0.001029350934550166,5
sample__aa_P__event_FS__count,0.0010282854316756129,5
ELF4,0.0010279596972395666,4
HELZ2,0.001027679059188813,5
ADRA2B,0.001026799064129591,5
SPTBN1,0.0010261751478537918,5
sample__aa_I__event_S__count,0.0010261497809551656,5
PGD,0.0010260732378810644,1
MTHFD1,0.0010253417771309615,5
sample__aa_C__event_M__count,0.0010248002246953547,5
PNPLA8,0.0010226831072941422,5
PRKDC,0.0010213876375928521,5
sample__aa_R__event_ST__count,0.0010190794127993286,5
LY75,0.0010155993688385934,5
PCK1,0.0010111554758623243,5
KCNH2,0.0010046393610537053,5
MAP3K1,0.0010036655352450908,5
CACNA1H,0.0010009530000388623,5
GAL3ST1,0.0009986015720642172,5
FBXO34,0.0009952128457371145,5
RBM14,0.000992163404589519,4
NDC80,0.0009919069125317037,2
sample__aa_Q__event_ST__count,0.0009901983430609107,5
sample__aa_W__event_M__count,0.0009893262526020409,5
FLNC,0.0009886448737233878,5
PTPRM,0.0009861813508905471,5
RREB1,0.0009796914295293392,5
EEF2,0.0009792218392249198,5
MFHAS1,0.0009763807291164994,5
SPTA1,0.0009754382888786494,5
NOTCH2,0.0009735902596730739,5
FLNA,0.0009725175681523978,5
sample__aa_M__event_MT__count,0.0009719257708638906,5
ABCD3,0.0009716401109471917,2
MEP1A,0.0009712503611808643,5
EXOSC9,0.0009665342513471842,1
FPR1,0.000963377497100737,4
WASL,0.000961591606028378,1
ZNF112,0.0009604499558918178,5
ROS1,0.0009582117665559054,5
CEP131,0.0009569052839651704,5
SLC23A2,0.0009564211359247565,5
sample__event_FS__capped_digit,0.000953702291008085,5
DOCK10,0.0009526705136522651,5
SATB1,0.000951952941250056,5
BRCA2,0.0009517142083495855,5
sample__aa_A__event_FS__count,0.0009472957695834339,5
sample__aa_I__event_M__count,0.00094641501782462,5
GATA3,0.0009439584100618958,5
LCT,0.0009420021902769804,5
CADM3,0.0009364464320242405,5
BMP2K,0.0009340594988316298,5
MAP1B,0.000933766586240381,5
ARPP21,0.0009333306108601392,5
NTNG1,0.0009318580909166485,5
NFASC,0.0009315446834079922,5
INPP4B,0.0009293485316447913,5
ALMS1,0.0009286215004976839,5
NTRK3,0.0009275043848901987,5
HAS2,0.0009250801522284746,5
RBBP8,0.000924061588011682,5
KALRN,0.0009218989172950387,5
PTPRJ,0.0009195288061164319,5
KCNN1,0.0009186914345870415,3
sample__aa_L__event_MT__count,0.000915318459738046,5
MYH3,0.0009136788896284998,5
ITGAM,0.0009127496276050806,5
JAG1,0.0009088620194233954,5
PCLO,0.0009073773864656687,5
COL1A1,0.0009067884180694819,5
TGFBR2,0.0009067419217899442,5
CD44,0.00090549181913957,1
PIK3CD,0.0009049991727806628,5
TMPRSS6,0.000902734906412661,5
COPB1,0.0009018090961035341,5
CLCN3,0.0009000006233691238,5
sample__aa_P__event_S__count,0.0008989458554424345,5
SOS1,0.0008972903247922659,5
sample__aa_N__event_S__count,0.000895899604074657,5
SUPT5H,0.0008949010807555169,5
ABCA1,0.0008902815170586109,5
PTPRD,0.0008899006410501897,5
DYNC1H1,0.0008894854050595314,5
HK1,0.0008890041382983327,5
FBLN1,0.0008879763714503497,5
MMP16,0.0008857446198817342,5
CHAF1A,0.0008839326270390302,5
NOS2,0.0008791442960500717,5
PTPRE,0.000877681135898456,5
CMTR1,0.0008766993996687233,4
RAPGEF5,0.000876166857779026,1
NTM,0.0008756296709179878,5
PLCB1,0.0008739704324398189,5
sample__aa_H__event_MT__count,0.0008734988106880337,5
sample__aa_F__event_MT__count,0.0008734784438274801,5
CDH11,0.0008734035887755454,5
KIF3C,0.0008712259004823864,5
LAMA1,0.0008708506182301789,5
COL4A2,0.000870849471539259,5
CHPF,0.0008703653467819095,5
sample__aa_C__event_S__count,0.0008701260783709585,5
DLG5,0.0008672224241308868,5
ADAMTS5,0.0008670590526890009,5
OPRK1,0.0008654851408209652,5
PLG,0.0008639580686576664,5
PDS5B,0.0008629289455711842,5
AKAP13,0.0008626278256997466,5
LPIN1,0.0008589065750129521,5
sample__aa_V__event_M__count,0.0008571327547542751,5
SNAPC4,0.00085544737521559,5
sample__aa_G__event_MT__count,0.0008552615996450186,5
sample__aa_G__event_FS__count,0.0008547506062313914,5
MKI67,0.0008546828990802169,5
SVIL,0.0008542172145098448,5
NTF3,0.0008506792364642024,2
SSH2,0.000850456755142659,5
SPEG,0.0008503543504048139,5
ATXN2,0.0008502731448970735,5
TENM2,0.0008501154370605946,5
CEP250,0.0008473869413137436,5
COL5A1,0.0008471556240692735,5
SYNE1,0.0008459719829261303,5
LAMA2,0.0008438755176030099,5
FBN1,0.0008435047464445233,5
TTK,0.0008425310137681663,5
LUM,0.0008418264740612357,5
FLNB,0.0008418173179961741,5
ITGB4,0.0008409381727688015,5
sample__aa_T__event_S__count,0.0008407791261561215,5
DCC,0.0008390406845137476,5
MXRA5,0.0008388749731238932,5
PDE4DIP,0.0008383336593396961,5
OSMR,0.0008378759666811675,5
NR3C2,0.0008368442940991372,5
sample__aa_R__event_S__count,0.0008364792447537184,5
CDKAL1,0.0008347116527147591,4
sample__aa_I__event_MT__count,0.0008331144927069545,5
PEG3,0.0008323730435222387,5
EXOC4,0.0008322313195094466,5
BMP1,0.0008322122856043279,5
TSPYL2,0.0008316287421621382,2
MYH4,0.0008315623097587376,5
sample__aa_F__event_FS__count,0.0008282703114673495,5
sample__aa_A__event_S__count,0.0008280736510641873,5
ABCC3,0.000827526964712888,5
ADAM17,0.000826402974780649,1
PNN,0.0008249401580542326,3
EPB41L3,0.0008246518089435994,5
MYLK,0.0008223366807214916,5
KCNH1,0.000821611622814089,5
TJP1,0.0008209556108340621,5
sample__aa_M__event_M__count,0.0008206999395042658,5
COL7A1,0.0008191013126634062,5
CDC27,0.0008184243924915791,5
DNMBP,0.0008178734162356705,5
sample__aa_N__event_M__count,0.0008177555166184903,5
CDH8,0.0008168303058482707,5
sample__aa_K__event_M__count,0.0008137513534165919,5
IGF2R,0.0008119052217807621,5
TRIM58,0.0008115623728372157,5
MYBPC3,0.0008114542113617062,5
TEX15,0.0008102940628305078,5
COL2A1,0.000810239085694775,5
sample__aa_N__event_FS__count,0.0008097364334389567,5
sample__aa_S__event_M__count,0.0008097273414023221,5
PRDM2,0.0008087936788797378,5
sample__aa_S__event_S__count,0.000807875907048583,5
SLC4A4,0.0008075195713900029,5
ABCA9,0.0008065030444413424,5
TLE4,0.0008026957511901855,5
CHST4,0.0008018960244953633,5
NF1,0.0008018869091756641,5
COL6A3,0.0008013877260964364,5
GRID2,0.0008011608151718974,5
LEPR,0.0008010606747120619,5
sample__aa_H__event_S__count,0.0008006597752682864,5
PTPN21,0.0007977189205121249,5
STAB1,0.0007976818189490587,5
GBP4,0.000797484302893281,5
EIF3A,0.0007968974765390158,5
TRIO,0.0007967512006871402,5
PCDHB1,0.0007962976233102381,5
LATS1,0.0007962504809256643,5
CLCA2,0.0007960520742926747,5
USP16,0.0007956759654916823,2
NT5E,0.0007946236582938582,2
SCAF4,0.0007941074145492166,5
sample__aa_R__event_MT__count,0.0007936559035442769,5
RYR1,0.0007933521817903965,5
sample__aa_D__event_M__count,0.0007916877395473421,5
CBLB,0.0007916110975202173,5
MYH7,0.0007901558419689536,5
CELSR2,0.0007901036879047751,5
SLC12A2,0.0007900716154836118,5
HSPA1L,0.0007900564814917743,5
SCN10A,0.0007884941063821316,5
CDH16,0.0007882361300289631,5
sample__aa_L__event_M__count,0.0007868789019994437,5
EFEMP1,0.0007862827682401985,5
ADCY2,0.0007861322665121406,5
SMAD2,0.0007861015968956053,5
sample__aa_E__event_S__count,0.0007792159565724432,5
TNFRSF11B,0.0007781678636092692,5
SF3B3,0.000775927968788892,5
WDR90,0.0007754724007099867,5
PGK2,0.0007754113525152206,5
sample__aa_K__event_S__count,0.0007754012709483505,5
PKHD1,0.0007751206867396832,5
sample__aa_V__event_FS__count,0.0007733256090432406,5
CENPF,0.0007727211457677185,5
KCNQ2,0.00077082424541004,5
NEGR1,0.0007686049095354975,5
sample__aa_D__event_FS__count,0.0007679078262299299,5
PCDH7,0.0007666354824323208,5
PDHA2,0.0007663507945835591,5
DHX16,0.0007656073896214366,5
ABI3BP,0.0007649451086763293,5
EPHX1,0.0007628850289620459,4
KEL,0.0007623721496202052,5
BAZ2A,0.0007621860946528614,5
CFTR,0.0007613922818563879,5
ENPEP,0.0007584384991787374,5
CR2,0.0007564336876384914,5
SP1,0.0007561461068689823,5
TLR7,0.0007560406345874071,5
COL12A1,0.0007535317970905453,5
CYLD,0.0007514987257309258,5
SPTB,0.0007514958735555411,5
HRG,0.000751152285374701,5
MYH9,0.0007507244474254549,5
GRM8,0.000750519271241501,5
THBS2,0.0007499933592043817,5
RHBDF2,0.0007494301698898198,4
SAMD9L,0.0007481669308617711,5
PMEPA1,0.0007480022613890469,1
FGG,0.0007479040825273842,5
NCOA6,0.0007478240178897977,5
TACR3,0.0007469829986803233,5
sample__aa_H__event_M__count,0.000745614105835557,5
NADSYN1,0.0007413118922462066,3
PLCL1,0.0007397152832709253,5
sample__aa_E__event_FS__count,0.0007394685526378453,5
PLOD2,0.0007389226695522666,5
DMD,0.000734961312264204,5
sample__aa_W__event_MT__count,0.0007348978659138083,5
A2M,0.0007344727637246251,5
CACNA1B,0.0007329430023673922,5
TG,0.0007320326170884073,5
GFRA1,0.0007309486041776836,5
REV3L,0.0007309057749807834,5
sample__aa_D__event_S__count,0.0007305733393877745,5
MID1,0.000729274470359087,1
CLVS1,0.0007290125591680408,5
CENPE,0.0007288875640369952,5
sample__aa_T__event_M__count,0.0007282517559360713,5
PIK3CG,0.0007278771430719644,5
ABCC8,0.0007275034382473678,5
AHNAK,0.0007269455585628748,5
TIAM1,0.0007266651897225529,5
ARFGEF2,0.0007263014558702707,5
AR,0.0007262006925884634,5
SFRP4,0.0007259790785610676,5
sample__aa_Q__event_S__count,0.0007249262067489326,5
ADAM2,0.0007207549992017448,5
ABCA2,0.0007200799067504704,5
HYOU1,0.0007190415461082011,5
CXXC1,0.0007184823392890394,5
sample__aa_G__event_S__count,0.0007175984850618988,5
RASAL2,0.0007164344075135887,5
PTPRC,0.0007160905981436372,5
SPARCL1,0.0007160618915804662,4
UNC5C,0.0007146494812332093,5
sample__aa_R__event_FS__count,0.0007142369751818479,5
sample__aa_Y__event_S__count,0.0007142015034332872,5
SULT1B1,0.0007138802320696414,1
BCAR3,0.0007134056359063834,4
COL1A2,0.000712163170101121,5
SLC12A3,0.0007117896224372089,5
ITSN1,0.0007113099913112819,5
DOCK9,0.0007099088921677321,5
SLC29A3,0.0007093262684065849,4
PAX4,0.0007092393003404141,5
EIF4G3,0.0007084870536345989,5
ITGAV,0.0007079061353579164,5
GAD2,0.0007022606732789427,5
PREX1,0.0007004144135862589,5
NCSTN,0.0007001054065767676,5
MET,0.0006999085599090904,5
AIFM3,0.0006994158669840544,5
CYP11B2,0.0006990595487877726,5
COL6A1,0.0006988513516262174,5
sample__aa_P__event_MT__count,0.0006984241306781768,5
sample__aa_F__event_M__count,0.0006977089971769602,5
MYO15A,0.0006977061508223415,5
LYN,0.0006976696080528199,5
sample__aa_K__event_FS__count,0.0006962710293009877,5
MYH1,0.0006958753685466946,5
sample__aa_Y__event_ST__count,0.0006954671465791762,5
CSTF2,0.0006945953646209091,2
BRS3,0.0006943111839063931,4
ITGB3,0.0006942537846043706,5
RTN1,0.0006940645107533783,5
NIPBL,0.000693631696049124,5
ARHGAP5,0.0006928495480678975,5
CLIP1,0.000692719710059464,5
SAMD9,0.0006923611159436405,5
sample__aa_V__event_MT__count,0.0006899738684296608,5
sample__aa_I__event_FS__count,0.0006877778680063785,5
VCAM1,0.0006873123464174568,5
sample__aa_L__event_FS__count,0.0006855657265987247,5
sample__aa_W__event_ST__count,0.000684924068627879,5
ETV5,0.0006839556541914741,3
IRS4,0.0006837461842224002,5
SMC1A,0.0006829154561273753,5
RELN,0.0006823537813033908,5
sample__aa_Q__event_FS__count,0.000681990449083969,5
PABPC1,0.0006812162348069251,5
IGSF1,0.0006809294922277331,5
PCNT,0.0006808776000980288,5
SNAP91,0.0006776950438506901,5
NOTCH4,0.0006775779067538679,5
sample__aa_V__event_S__count,0.0006769246014300734,5
NOTCH3,0.0006769070168957114,5
COL16A1,0.000676829949952662,5
PPP2R5B,0.0006763432640582324,5
USP8,0.000675610697362572,5
F13A1,0.0006755402311682702,5
TCF7L2,0.0006737278017681092,5
CFH,0.0006728319334797561,5
GSN,0.0006726275896653533,3
FETUB,0.0006718655737737814,3
LSS,0.0006710925372317433,1
ACSL4,0.000669648835901171,5
sample__aa_T__event_MT__count,0.0006689171015750617,5
AGRN,0.0006664521963102743,5
SCN9A,0.000666181358974427,5
SYMPK,0.0006649719580309466,5
ATF6,0.0006630106508964673,5
HUWE1,0.0006624411267694086,5
RPS6KA3,0.0006622416432946921,5
CEL,0.0006619385676458478,5
EVI5,0.0006611870543565601,5
ABCD1,0.000660388806136325,5
AXL,0.0006599724176339806,5
KIF20B,0.0006579113192856312,5
STS,0.0006576755768037401,4
CHST6,0.0006570213416125625,5
NLRC5,0.0006564767099916935,5
CAPN9,0.0006563251190527808,4
COL15A1,0.0006551892613060773,5
ABCA8,0.0006539854453876615,5
DPYSL4,0.0006521453382447362,5
KLHL24,0.0006519902031868696,5
PLVAP,0.0006513811880722642,5
TCHH,0.0006512126710731536,5
MTOR,0.0006509922095574439,5
MYH8,0.00065094034653157,5
FN1,0.0006492084707133472,5
REG1A,0.0006467966304626316,4
FBN2,0.0006449096603319049,5
sample__event_MT__one_gene_count,0.0006441332341637462,5
DDX10,0.0006432939553633332,1
PCSK2,0.0006422187900170684,5
CPB1,0.0006417823024094105,4
NR4A2,0.0006403013598173857,5
PRKCG,0.000639936508378014,5
F13B,0.0006399036967195571,5
APP,0.0006397090386599302,5
ITPR2,0.0006383206229656935,5
SCNN1A,0.000637996398533384,3
PHEX,0.0006379824830219149,5
sample__aa_Y__event_FS__count,0.0006364985951222479,5
STEAP3,0.0006321366876363754,5
NFKBIZ,0.0006313333986327052,5
KDM6B,0.0006309349089860916,5
ZAP70,0.0006301583023741841,5
ARHGAP10,0.0006295379484072327,5
NCAM1,0.0006291556579526514,5
ADCY9,0.0006284523697104305,5
PIGQ,0.0006280325469560921,2
CUL3,0.0006273723323829472,5
ZNF292,0.0006256666441913694,5
HKDC1,0.0006249253347050399,5
COL11A1,0.000624346494441852,5
DOCK2,0.0006236764311324805,5
TP63,0.0006236155924852938,5
ANK1,0.0006225105375051498,5
DCT,0.0006225049844942987,5
TRO,0.0006223014381248504,5
MARK4,0.0006209243787452578,5
LMAN1,0.0006198285263963044,1
ATP6V0A1,0.0006166348426631885,5
ROCK1,0.0006144749640952796,5
EPHB4,0.000614047795534134,5
ZFPM2,0.0006137274787761271,5
VCPIP1,0.0006120364821981638,5
MMP8,0.0006111538968980312,2
sample__aa_T__event_FS__count,0.0006105398817453534,5
MTHFR,0.0006098681245930493,5
FGR,0.0006098530914944907,3
ZNFX1,0.0006091194925829768,5
SIPA1L1,0.0006089225935284048,5
HRH1,0.0006079708342440427,5
HGFAC,0.0006076873978599906,5
ACTN2,0.0006075801677070559,5
VCAN,0.0006075146375223994,5
LIFR,0.0006068855873309076,5
IL17RA,0.0006059752544388175,5
RPTOR,0.000605004740646109,5
NID2,0.0006023249181453139,5
CLCN2,0.0006019622203893959,5
HGF,0.0005989149154629559,5
RNF213,0.000598506280221045,5
PTPN11,0.0005984471121337265,5
FLII,0.000597646099049598,5
HDAC9,0.0005969370307866484,5
AMPH,0.0005964002222754062,5
DPYD,0.0005958999739959836,5
XYLT2,0.0005955023341812193,5
CACNA1F,0.0005947951169218868,5
CASP10,0.0005933233187533915,1
POM121,0.0005927974358201027,5
POU2F1,0.0005924117867834866,2
VIM,0.0005910884588956833,5
SH2B1,0.0005910829640924931,5
INHBB,0.000590126495808363,1
CUL4A,0.0005896330306616923,3
DNMT1,0.0005894547328352928,5
PRIM2,0.000587858259677887,2
BUB1,0.0005876086070202291,5
ABR,0.0005858504213392734,5
PPRC1,0.0005856146686710417,5
DYRK1A,0.0005853456328622997,5
TSC2,0.0005848394823260606,5
XDH,0.0005840186204295605,5
LAMA4,0.0005825419095344842,5
MMP2,0.0005807839799672366,5
EPHB2,0.0005804432323202491,5
CDK5RAP2,0.0005797189951408654,5
PSMD1,0.0005791850970126688,5
PTPN14,0.0005788839887827634,5
GYS1,0.0005775672732852399,5
CR1,0.0005737859581131488,5
KIF4A,0.0005737614759709686,5
NIN,0.0005732543300837279,5
INPPL1,0.0005730493809096515,5
PEX1,0.000572794210165739,5
ACKR1,0.0005726499774027615,5
CEP72,0.0005716500018024817,4
CNTRL,0.0005705622083041817,5
sample__aa_S__event_FS__count,0.0005701779737137258,5
MCM5,0.0005697532033082098,4
ITGAE,0.000569738174090162,5
POLE,0.0005691163300070911,5
GREB1,0.0005670824844855815,5
KAT2A,0.000567053270060569,1
NOS1,0.0005653545435052365,5
ARHGEF7,0.0005627475795336068,5
NEDD9,0.000562647427432239,5
CALCR,0.0005589081789366901,5
LRP1,0.0005588197614997626,5
EZH2,0.0005586532584857196,5
AOX1,0.0005565748724620789,5
TGFBR3,0.000555819779401645,5
AKT2,0.0005556794320000335,5
ATP4A,0.0005553261609748006,5
PRDM4,0.0005537004326470196,2
HSD3B1,0.0005535082542337477,5
CNOT4,0.0005524559528566897,5
GBE1,0.0005522452527657151,5
F5,0.0005516852019354701,5
LTBP2,0.0005513413285370916,5
TMCC2,0.0005509597132913769,5
CTNND1,0.0005508257308974862,5
SPTBN2,0.0005503937252797186,5
SYNPO,0.0005502340791281313,5
SMTN,0.0005492527736350894,5
COL4A1,0.0005485154571942985,5
DAB2,0.0005473711411468684,5
MADD,0.0005456757848151028,5
KIFAP3,0.0005445159506052733,5
CROT,0.0005441422341391444,5
NCAPH,0.0005434498216345673,4
TNRC6B,0.0005427175725344569,5
DSC1,0.0005424061673693359,5
PHKA2,0.0005419094872195273,5
EIF3B,0.0005417315813247114,5
CAD,0.0005415172199718654,5
ALDH1L1,0.0005392146296799183,5
KIF5A,0.0005380911286920309,5
MSN,0.0005379945272579789,5
ABCC2,0.0005375116714276373,5
THSD4,0.0005363734555430711,5
RAD50,0.000535242137266323,5
RBL1,0.0005348331527784467,5
CENPJ,0.0005344371253158897,5
STEAP4,0.0005331390741048381,5
MPO,0.0005329498322680593,5
LIG1,0.0005321309872670099,5
NCAN,0.0005310366861522198,5
RAPGEF3,0.0005286231637001038,5
OAS2,0.0005269274115562439,5
KNTC1,0.0005266984459012747,5
PROS1,0.0005255413067061454,5
CPT1A,0.0005243931460427121,5
OGDH,0.0005239284480921924,5
ADAMDEC1,0.0005238245124928653,5
CACNA1A,0.000523777020862326,5
NF2,0.00052339358565708,3
NR1H4,0.0005230356473475695,5
EPB42,0.0005224069464020431,1
CLIP2,0.0005216160847339779,5
LIG3,0.0005211127572692931,5
LTF,0.0005185424233786762,5
KCNA3,0.0005172225268324837,5
POLD1,0.000516319804592058,5
ITGA7,0.0005140147521160543,5
SMC4,0.0005130821838974953,5
CROCC,0.0005127029668074101,5
NKD1,0.0005112059770908672,4
RHOA,0.0005107518518343568,3
AGL,0.0005079085211036726,5
ACACA,0.0005076949251815677,5
TGFBRAP1,0.0005070702522061765,5
COL5A3,0.000506528397090733,5
USH1C,0.0005036436719819904,5
BRCA1,0.0005024086858611554,5
ACVR2A,0.0005012387817259877,5
AKAP12,0.0005004976294003427,5
ALDOB,0.000499786576256156,4
PC,0.0004975641204509884,5
ONECUT1,0.0004975146148353815,3
G3BP1,0.0004974321636836976,4
NRIP1,0.0004970943205989897,5
ATP2B1,0.0004965346888639033,5
FGA,0.0004961773898685351,5
BANK1,0.0004954597738105804,5
SCN8A,0.0004948209738358855,5
PLCB4,0.0004944145970512181,5
CCDC88A,0.0004942836589179933,5
DOCK4,0.0004933271033223718,5
E2F8,0.0004929776536300778,5
GOLGA4,0.0004920986903016455,5
ACTG1,0.0004919443745166063,2
ATP2A1,0.0004916743142530322,5
HDLBP,0.0004915138590149582,5
GBP2,0.000490902146945397,3
SELP,0.0004905392357613892,5
STXBP1,0.00048855047498364,4
SPHK2,0.0004884596564806998,3
ITGA10,0.00048817218048498036,5
KRT5,0.0004877115599811077,5
LIPE,0.00048727139364928006,5
PTCH1,0.0004871027253102511,5
LCP1,0.00048607540084049105,5
SHOX2,0.0004850265977438539,1
RET,0.00048456578515470027,5
PKD2,0.00048359220963902774,5
NPY5R,0.0004823016934096813,5
MYOM2,0.00047972419997677207,5
STAG1,0.00047855706652626394,5
MED13L,0.00047727304045110943,5
EFEMP2,0.0004772604734171182,4
PHLDB1,0.0004751177621074021,5
MAST4,0.0004750379594042897,5
AXIN2,0.00047498008352704347,5
ZEB1,0.0004745931131765246,5
KYNU,0.00047442691866308453,5
HOOK3,0.00047272126539610326,4
MYO1C,0.00047214400256052614,5
PRSS36,0.0004710031673312187,5
CAMK4,0.0004704879247583449,5
MYOM1,0.0004702695761807263,5
AFF1,0.00047016659518703816,5
DIAPH3,0.0004699800978414714,5
AVPR1A,0.0004692744754720479,5
GGA2,0.00046879510045982897,4
ATP2C1,0.0004669984511565417,5
FGL2,0.00046666109119541943,2
SLC25A12,0.0004657663987018168,5
L1CAM,0.0004655773343984038,5
FARP1,0.00046549898761441,5
ABCG8,0.0004646647605113685,5
SEC31A,0.0004645200329832733,5
TULP2,0.0004634204669855535,1
ABCA4,0.0004631591553334147,5
C8B,0.00046276843640953303,5
F9,0.00046259041409939526,5
SYNJ1,0.0004625894478522241,5
CYBB,0.0004612789547536522,5
TSC1,0.0004611242387909442,5
MAGEE1,0.00045874370262026786,5
ACSM3,0.000458428543061018,5
UBC,0.00045779054635204376,5
ATAD2,0.0004574247170239687,5
TIMELESS,0.0004572568985167891,5
IQGAP2,0.00045691976556554436,5
GPAM,0.000456735648913309,5
CADM1,0.0004545074072666466,5
NDST3,0.0004544328839983791,5
AFAP1L2,0.0004540001042187214,5
sample__aa_C__event_FS__count,0.0004490728722885251,5
ITGA4,0.0004486921534407884,5
LAMC1,0.000447920395527035,5
ITGAL,0.00044778823503293096,5
EDC4,0.00044772372930310664,5
EIF4G1,0.000447023706510663,5
IRF2,0.0004469089617487043,1
DCTN1,0.00044659048435278235,5
HS3ST1,0.0004462105571292341,4
UGT2B17,0.00044609152246266603,5
MAP4K1,0.0004459509742446244,5
NAV2,0.00044578483793884517,5
MAML2,0.000444824923761189,5
NCR1,0.0004443886282388121,5
BACH1,0.0004442626144737005,5
TNC,0.0004438073025085032,5
ARHGAP4,0.00044366865186020734,5
ABCB8,0.00044243482989259064,4
MAPT,0.0004415106901433319,5
POSTN,0.0004397491808049381,5
MARCO,0.00043879112927243115,5
CHRNA1,0.00043862786842510106,5
PTK2B,0.0004383046296425164,5
PLOD1,0.00043818030583982665,3
DYRK2,0.00043816366232931616,5
DLG4,0.0004377964069135487,4
CD2AP,0.0004376959695946425,1
DPP4,0.00043759063701145353,5
MAP3K6,0.00043691755272448065,5
GBF1,0.00043643066310323776,5
ABCB7,0.0004360221559181809,5
IL12RB1,0.00043568653054535387,5
PLXNB1,0.0004356596269644797,5
TUBA3C,0.0004355411161668599,5
KCNMA1,0.00043535854201763867,5
HSPA4,0.0004336759520811029,4
VEGFC,0.00043245776905678215,5
NUP98,0.00043199495412409304,5
PYGB,0.0004298966727219522,5
PYGM,0.0004293516685720533,5
EIF4G2,0.0004265563329681754,5
NRP2,0.000426221895031631,5
ANPEP,0.0004261662601493299,5
PML,0.00042607539799064396,5
RETSAT,0.00042356777703389525,5
GUCY2D,0.00042339754290878775,5
ERN1,0.0004230057296808809,5
C3,0.00042287196847610173,5
NLGN3,0.0004227180092129856,5
MYBL2,0.00042191672837361694,5
AP4B1,0.0004215823719277978,4
NPHS1,0.00042122704326175153,5
CLTC,0.00042116983095183966,5
CDH4,0.00041982701513916255,5
CHPF2,0.00041961660608649256,5
ESYT1,0.0004182067117653787,5
SREBF2,0.00041632119682617487,5
HLA-DRB1,0.00041631778003647923,1
SIDT2,0.00041614455403760076,5
CACNA2D2,0.000415663723833859,5
ADAM9,0.0004153293848503381,5
C5AR1,0.00041528261499479413,1
PAK3,0.00041458343621343375,5
PCOLCE2,0.0004139353637583554,5
DTNA,0.00041328250663354995,5
IL1R2,0.0004131667083129287,3
ACTA1,0.00041302149766124784,5
DGCR8,0.0004125456907786429,5
TNS1,0.00041197388782165945,5
SDCCAG8,0.000410532794194296,5
MYH11,0.00040982591453939674,5
NOD1,0.00040962203638628125,5
IL2RB,0.00040959396865218877,5
ZBP1,0.00040925552602857353,5
CNTROB,0.0004092107759788632,5
LAMC2,0.000408234290080145,5
sample__aa_L__event_ST__count,0.0004081068793311715,5
AUTS2,0.00040793715161271395,5
DGKG,0.00040781331481412055,5
CEP192,0.0004069240269018337,5
USP11,0.0004063566506374627,5
UTP20,0.0004057974030729383,5
CDH6,0.0004056402132846415,5
LONP2,0.00040517839952372017,5
KIF5C,0.0004051653202623129,5
CCT3,0.0004046248795930296,3
TOP2A,0.00040448328363709154,5
SPRED2,0.0004030557902297005,4
CIT,0.0004029810952488333,5
NFKB1,0.00040252671897178516,4
SOX3,0.00040087098022922873,2
ARID4A,0.00040063573396764696,5
MAML1,0.000400418956996873,5
XK,0.0003995194856543094,1
SLIT1,0.0003987636679084972,5
COL9A1,0.000397814268944785,5
CUL1,0.0003978125547291711,5
LRP10,0.00039751721487846226,4
SCG2,0.0003965720534324646,5
HR,0.0003964533098042011,5
ATP7A,0.00039627465303055943,5
CKAP5,0.00039517246186733247,5
BCAN,0.0003945003962144256,5
NRXN2,0.00039341187366517263,5
HK2,0.0003930149599909782,5
ERBB2,0.00039126529009081423,5
POLQ,0.00039118752465583384,5
ABCA6,0.00039108899072743953,5
ITK,0.00039057319518178704,5
SLC27A2,0.0003893967717885971,5
RXRG,0.0003877419861964881,5
L3MBTL4,0.00038594284560531376,5
MSR1,0.00038546276045963167,5
NPY1R,0.0003851511748507619,5
DGKA,0.0003847203275654465,5
SLC7A2,0.0003846473206067458,5
SLIT3,0.0003845466999337077,5
CDH13,0.0003843462240183726,5
SGK1,0.00038402152131311595,1
SLC6A3,0.000383445227635093,5
UPF1,0.0003832388836599421,5
ABCC1,0.00038323697517625985,5
TYK2,0.0003829103196039796,5
TCOF1,0.000382865231949836,5
SIK1,0.00038157538801897317,4
IPO7,0.00038119967211969197,5
TUBGCP5,0.00038035011384636165,5
CYFIP2,0.00038014271412976084,5
TOP1,0.0003795505384914577,5
INHBA,0.00037862507160753013,5
EPB41L2,0.0003772557247430086,5
HSP90AB1,0.00037647727294825016,5
ANLN,0.00037568057887256147,5
ZNRF4,0.00037502274790313095,5
LPAR1,0.0003745594993233681,5
CYP4B1,0.000374501955229789,5
TAF1C,0.0003739787032827735,5
LAS1L,0.00037296796217560767,5
SRPK1,0.0003725280403159559,4
CHST8,0.000372484524268657,5
CP,0.00037236844218568876,5
PLCB2,0.0003719117841683328,5
ENPP2,0.00037061021430417895,5
SBNO2,0.00037051664548926055,4
KCNK5,0.00036917300894856453,5
RAB3GAP1,0.00036845729919150473,5
SLC27A1,0.00036670465487986803,2
TYR,0.0003666697273729369,5
ARHGEF3,0.00036583642940968275,2
SDHA,0.0003654209314845502,5
CSF3R,0.0003649495614808984,5
LLGL1,0.000364143677870743,4
CNTN1,0.0003636167210061103,5
CADM2,0.00036312351003289225,5
SORBS1,0.00036296103498898444,5
OCRL,0.00036260582273826,5
GLI1,0.0003624840057455003,5
TLR8,0.00036171823740005493,5
SHROOM2,0.00036167544894851746,5
COL17A1,0.00036156107671558857,5
LIMA1,0.0003611709806136787,5
GP1BA,0.00036098508280701935,2
AMPD3,0.0003608087194152176,5
MMP13,0.0003604806726798415,5
PRKCB,0.00035997399827465416,5
CDK13,0.00035944419796578585,5
ABL1,0.0003591773274820298,5
SLC2A3,0.0003590873209759593,5
ESR1,0.0003590502717997879,5
ABCD2,0.00035810869303531945,5
HERC3,0.0003579706884920597,5
IKZF2,0.0003575376467779279,5
THBS1,0.0003564614395145327,5
CYP4F2,0.00035601801937446,5
ABCG4,0.00035448411363177,5
HAO1,0.00035447223344817755,5
APLP1,0.0003530475660227239,5
NUP93,0.0003525641979649663,5
PLEKHG2,0.0003523044695612043,5
TOPBP1,0.00035183228610549124,5
MCM4,0.00035153840435668825,5
IKZF1,0.0003505690605379641,5
ATRN,0.00035038761561736467,5
ADCY1,0.00034964345977641644,5
MED24,0.0003477141435723752,5
USP15,0.00034728572354651986,5
CBS,0.0003453631070442498,2
XPOT,0.0003448067640420049,5
CLASP1,0.000344380660681054,5
HTR1B,0.00034391842200420797,4
ARFGEF1,0.00034330103953834624,5
PPFIA4,0.0003427960618864745,5
ALOX12B,0.0003411847515963018,5
ABCB1,0.0003396476968191564,5
sample__aa_M__event_FS__count,0.0003388054377865046,5
IL18R1,0.00033664224902167915,5
CFHR2,0.0003363103547599167,5
KIF5B,0.00033594887354411186,5
EDIL3,0.0003358046349603683,5
SYTL2,0.0003355950640980154,5
SSTR4,0.0003346808021888137,5
ZPBP,0.0003346389916259795,5
MYO9B,0.0003341417876072228,5
IFIH1,0.0003339681832585484,5
ZBTB16,0.00033387920120730996,5
DDX60,0.00033311962033621967,5
NASP,0.00033262456418015063,3
ABCC4,0.0003325789177324623,5
AGO2,0.00033039305126294496,5
PHF3,0.0003296021372079849,5
STIL,0.00032828213297761975,5
LATS2,0.00032739247544668617,5
NLGN2,0.00032732554245740175,5
FMO3,0.00032726998761063443,5
CYP2C18,0.00032684853649698196,5
ITGA6,0.0003260300203692168,5
UNC13B,0.0003247135202400386,5
IL9R,0.00032431758590973915,5
LPIN2,0.00032262045424431564,5
ABCB4,0.00032218203996308147,5
KIF23,0.0003211632138118148,2
EGF,0.0003204782260581851,5
HTR5A,0.0003203897213097662,5
HTR7,0.00031976271420717237,5
DENND5A,0.00031975752208381893,5
IRS1,0.0003194828983396292,5
POLA1,0.00031933950376696887,5
CYP4F11,0.0003188740869518369,5
XPO7,0.0003185299108736217,5
C5,0.00031847236095927656,5
MAPK10,0.000317721301689744,5
IDS,0.0003175594029016793,2
FAP,0.0003175385005306453,5
PTK2,0.00031741188140586016,5
AKAP4,0.00031735523079987613,5
ITGB2,0.000316885276697576,5
NUP205,0.00031633057806175203,5
ALDH1A1,0.000316048291279003,5
RNF31,0.00031602460076101123,5
KIF1B,0.00031527563114650545,5
ECM1,0.0003151888959109783,2
ATP6V1B1,0.00031470910762436687,5
NPC1,0.0003138263593427837,5
PTGFR,0.0003131924662739038,5
IL16,0.00031276014633476736,5
ITGB1,0.0003127400123048574,5
CD209,0.00031188199645839634,5
OLFM1,0.0003109604702331126,5
ALCAM,0.000310719151457306,4
CHUK,0.0003090763639193028,1
VWA5A,0.00030819757375866175,5
ZW10,0.0003081948147155344,5
LRPPRC,0.0003078635665588081,5
MLH1,0.0003077534420299344,4
SLC2A2,0.0003070498118177056,5
ACTN4,0.000306778447702527,5
P2RY1,0.00030647029052488506,2
APLNR,0.0003062141011469066,5
C3AR1,0.00030613758135586975,5
ATP2B4,0.0003055007779039443,5
SEMA4D,0.00030514198588207366,5
ACVR1B,0.00030485543538816273,5
EPB41,0.00030445099400822073,4
FZD2,0.0003037042450159788,5
MEF2C,0.00030362730467459187,4
OSBP2,0.00030314401956275103,5
SULF2,0.0003029227431397885,5
RRP12,0.00030282606603577734,5
ATP1A3,0.0003021509051905014,5
FOXA2,0.00030141789466142654,1
VAV3,0.0003007478153449483,5
OAS3,0.0003007455205079168,5
HSPA8,0.00029809175757691266,5
PAX3,0.00029685420740861447,5
TATDN2,0.0002954144554678351,5
ALDH8A1,0.0002953751536551863,4
VCL,0.0002937123237643391,5
UPF3B,0.0002935377803320686,3
ARHGEF11,0.00029318032757146283,5
CAMK2B,0.00029260985320433974,2
NKX2-2,0.000291983422357589,2
RABGAP1L,0.00029082883847877385,5
ABCB6,0.0002899186220020056,5
ITGBL1,0.0002895919955335557,5
APAF1,0.0002893722616136074,5
KIF11,0.0002892470802180469,4
HMGCS2,0.0002891018986701965,5
TUBGCP3,0.00028901500045321884,5
BCR,0.00028893849230371416,5
ENPP1,0.0002887923503294587,5
C1S,0.00028849479276686906,5
SORBS2,0.0002877239137887955,5
PRKCD,0.00028520392952486874,5
ODF2,0.0002848299453034997,5
MAP7,0.00028471510158851744,5
EPS8L2,0.0002846262650564313,3
ESPL1,0.0002842355432221666,5
ALAS2,0.0002839546650648117,5
B4GALNT2,0.000283357675652951,5
ZFP36L1,0.00028260081307962537,3
LAMB3,0.00028152040322311224,5
CTNNA1,0.0002814328297972679,5
DDC,0.0002803035662509501,5
INPP5F,0.0002802725415676832,5
CASP5,0.00027985273627564313,5
MCCC1,0.0002795074979076162,4
APLP2,0.0002793381921947002,5
RRP9,0.00027831523523976404,3
KDM4B,0.00027796303620561955,5
PAPSS2,0.0002762577496469021,1
MPPED2,0.00027615512954071164,1
APBB1,0.00027595777064561846,5
CYP1A2,0.00027547836070880295,5
RPS6KA2,0.00027504907920956613,5
SCAF8,0.00027375760837458076,5
TUBGCP2,0.00027349633164703847,5
MON2,0.0002734769906965084,5
STAT1,0.0002732153923716396,5
ABCC5,0.000272092864906881,5
SIDT1,0.0002717314579058439,5
MSH2,0.0002715608323342167,5
NUP107,0.0002710938861127943,5
DHX15,0.00027100923471152784,5
HRC,0.0002705020480789244,5
ZNF365,0.0002704906917642802,5
DCN,0.0002693588845431805,5
TROAP,0.0002690629858989269,5
ITIH4,0.00026720277965068816,5
NFAT5,0.0002671335445484146,5
CSE1L,0.00026641456061042844,5
TLR1,0.0002662635175511241,5
EPHX2,0.0002658479109716912,3
SPOCK1,0.0002655536125530489,5
NXF1,0.00026487980503588917,5
IL7R,0.0002644196560140699,5
MMP3,0.00026403712884833414,3
ODF1,0.0002636351273395121,2
ADAM12,0.0002627204463351518,5
HNF4A,0.00026225744222756474,5
CLSTN3,0.0002598989522084594,5
IFT88,0.000258684711297974,4
ISL1,0.00025810395600274206,5
FUT8,0.00025759456038940696,5
WNK4,0.00025694258511066437,5
LRRC15,0.00025668662274256346,5
SCARF1,0.0002542722737416625,5
SCGN,0.0002534691884648055,1
NOD2,0.0002530522004235536,5
PKP2,0.0002520706446375698,5
CAPN2,0.00025189239143704373,3
DCBLD2,0.0002517418664259215,3
NOP2,0.0002512548235245049,4
YTHDC1,0.00025008603697642686,5
KRT4,0.0002485878940206021,5
RABGAP1,0.0002482736657839268,5
ACSS1,0.0002477448550052941,5
PAXIP1,0.00024653980653965846,4
HCLS1,0.00024643553188070656,5
TLE3,0.0002463447104673833,5
ITGA3,0.0002454601155477576,5
MAST3,0.0002449243445880711,5
MDGA1,0.00024460029089823365,5
RFC1,0.00024446652387268843,5
IL18RAP,0.000243796082213521,5
CPN1,0.00024338188813999295,4
DAAM1,0.00024266744730994105,5
WDR33,0.0002411169174592942,5
MIOS,0.0002405167615506798,4
KPNB1,0.00023999869881663471,2
ABCG2,0.0002393545932136476,5
MPHOSPH10,0.0002388196298852563,4
CCNF,0.00023814984597265721,5
ADAM19,0.00023809602134861052,5
KIF3B,0.00023772407439537346,5
P2RY2,0.00023709384549874812,2
CYP7A1,0.0002370590576902032,5
COPA,0.00023679067962802946,5
ARID4B,0.0002359697115025483,5
TSC22D1,0.0002358577330596745,4
MATN2,0.00023583489237353206,5
ANO1,0.00023554341169074178,5
WFS1,0.0002349196234717965,5
KIF13B,0.00023491185274906456,5
PRLR,0.0002345770539250225,5
ILF3,0.00023257820867002011,5
STAT2,0.0002317922713700682,5
CDC42BPA,0.00023172092624008657,5
ICA1,0.00023074658383848146,4
SYNJ2,0.0002303688495885581,5
NRCAM,0.0002300414547789842,5
CD1D,0.00022959968773648143,5
ECT2,0.0002292704302817583,5
EPHB3,0.0002281632856465876,5
PIAS3,0.00022705244676520428,3
SMC3,0.00022667861194349825,5
CRAT,0.00022559607168659568,4
GAD1,0.00022428258089348673,5
NRAP,0.00022420586319640278,5
SCUBE1,0.0002217456290964037,5
WWC1,0.0002204572141636163,5
ATP8B1,0.00022028365929145367,5
KDM3A,0.00021972751710563898,5
DCX,0.0002193077525589615,5
AOC3,0.00021761888056062161,5
SAMHD1,0.00021614357829093933,5
JAK1,0.00021552438847720622,5
PPARGC1A,0.00021517542190849782,5
EHHADH,0.00021499813883565366,5
GAPVD1,0.00021352479816414416,5
GUSB,0.0002133043250069022,5
TXNRD1,0.0002131504200709363,3
ITGA2,0.00021314934274414555,5
ELN,0.00021306740236468614,5
VAV2,0.00021241819486021994,5
MMS22L,0.00021224675001576542,5
PRKCA,0.0002113718306645751,5
ADD2,0.00021092530805617572,5
TAOK2,0.00021082637831568718,5
PDE6B,0.0002101643127389252,5
SLC24A3,0.00020887221180601045,5
PIK3CB,0.00020847311243414878,5
SMC2,0.00020834545721299947,5
MCM2,0.0002080184160149656,5
ACTL7B,0.0002078905701637268,5
ADAD1,0.00020752279087901115,5
NNT,0.00020711992401629687,5
RICTOR,0.00020607965998351574,5
SLC1A2,0.00020530222294231257,3
GYS2,0.00020468426519073545,5
IL1R1,0.00020445881818886846,4
GPC4,0.00020427226554602383,5
NOLC1,0.00020314333378337323,5
TEAD4,0.00020170308804760376,3
C8A,0.00020132779027335346,5
GART,0.00019887092639692128,5
LOXL2,0.00019872186239808798,5
PMS2,0.00019850080425385386,5
IL3RA,0.00019503073417581618,4
PLA2G4A,0.00019466113299131392,5
PTPRR,0.00019410548266023396,5
sample__aa_T__event_ST__count,0.00019380046287551523,5
MAP2K3,0.00019297757535241544,5
CYP4A11,0.00019280220149084926,5
LHX9,0.00019257719395682216,5
STC1,0.00019220208923798054,1
HSP90AA1,0.00019209673046134413,5
EIF4A2,0.00019186633289791644,4
GAB2,0.00019172343891113997,5
GPC3,0.00019152394961565732,5
CHST1,0.00019069191766902805,5
NAB2,0.00019029175164178013,5
MCM6,0.0001899117196444422,4
BMPR2,0.00018987547082360834,5
DDX18,0.00018971910079320273,3
PARP9,0.00018947102362290024,5
HDAC5,0.0001892274827696383,5
THBS3,0.00018904227763414383,5
SYNCRIP,0.00018891702638939022,5
EDAR,0.0001876452806754969,4
WNT7A,0.00018385828589089214,5
MX2,0.0001833946560509503,5
MSH5,0.00018334489286644384,5
KCNJ2,0.00018192193238064647,5
TPH1,0.00018061489390674978,4
EXT2,0.00018043863819912077,5
MOV10,0.0001802055980078876,5
ACKR3,0.00017999584088101983,5
NPHP1,0.00017986607272177935,5
KCNJ8,0.00017981077544391156,5
MFN2,0.00017946846007059017,3
IDE,0.000179300966556184,5
ACE,0.000179149181349203,5
GPR83,0.0001785158267011866,5
RTN3,0.00017833333695307373,5
ACHE,0.00017705417121760547,5
AEBP1,0.00017663880134932697,5
HOXB1,0.0001737221668008715,5
ETS1,0.0001728770148474723,2
IL4R,0.00017249608645215632,5
ELF1,0.00017244791961275042,5
RAPGEF6,0.00017192772356793283,5
SYCP1,0.00017131248605437577,5
SOCS5,0.00017080763791454956,4
CYP1A1,0.00017062454717233777,5
GMPS,0.00017020662780851126,5
MYBBP1A,0.00016993294411804527,5
COCH,0.00016983452951535583,5
DGKH,0.00016979968640953302,5
ARHGAP29,0.00016977056511677802,5
BUB1B,0.00016890778206288815,5
SERPINA3,0.00016863541095517575,5
TNFRSF8,0.00016850610554683954,5
SCUBE2,0.00016710661875549704,5
APBB2,0.00016664074792061,4
CCNT1,0.00016530428547412157,4
ECM2,0.0001645742275286466,5
NUP153,0.00016424225614173338,5
CYP2E1,0.00016374458209611475,4
SLC12A4,0.00016368814394809305,5
GBP6,0.00016315926040988415,4
PRPF4B,0.00016204309067688883,5
GCKR,0.00016088465054053813,2
OPHN1,0.0001608734019100666,5
DSC3,0.00016015454020816832,5
EIF2AK1,0.00015927545609883964,3
MERTK,0.00015906497137621045,5
IL12RB2,0.0001588902436196804,5
XPO1,0.00015849629999138416,5
ERCC4,0.00015734148910269142,5
CYFIP1,0.00015587866364512591,5
MYB,0.00015547943379109105,3
NDST1,0.00015540493186563253,5
FMO1,0.0001552293892018497,5
SERPING1,0.00015487853670492768,5
TNFRSF21,0.00015458559500984846,5
ZMIZ1,0.0001533573740744032,5
ASNS,0.00015229214477585629,4
LCP2,0.00015213739243336022,4
ACSL5,0.00015165205695666373,3
TLE1,0.00015069553628563881,5
WIPF1,0.000150689366273582,5
GPNMB,0.00015054810792207717,5
CYP46A1,0.00015042644226923585,5
FMOD,0.0001471567084081471,5
PLOD3,0.00014674433041363954,5
SEC24D,0.00014558880357071758,5
NCOA7,0.0001449569594115019,5
AGGF1,0.00014274944260250777,2
ARAP3,0.0001417128551111091,5
F11,0.00013981005176901817,5
SLC38A1,0.00013975868932902813,5
CBL,0.00013973191380500793,5
BTBD3,0.00013962169759906828,3
PODXL,0.00013851525727659464,5
IL1RL1,0.00013825816859025508,5
CDON,0.00013758918503299357,5
ADD1,0.00013694215643530092,3
XPNPEP1,0.0001366373908240348,2
C9,0.00013630315661430358,5
ACTC1,0.0001359405810944736,5
HAS1,0.00013587706489488484,5
KIF2C,0.0001353007392026484,4
PRKAA2,0.00013509433483704925,5
TBCD,0.00013399177696555854,5
PAPOLB,0.0001338498666882515,5
QSOX1,0.00013294421951286494,5
NBN,0.00013232574565336108,2
SLC22A12,0.00013142061652615666,5
PITX2,0.00013124366523697972,4
CSF2RB,0.0001311930624069646,5
GC,0.00013095607282593847,5
KRT15,0.0001304005505517125,5
JUP,0.00013036106247454882,5
RASA2,0.00013029172405367717,5
CSF2RA,0.00013028286630287767,5
MVP,0.00012994418502785266,5
PPARG,0.0001294931280426681,5
JAK2,0.00012935828417539596,5
CD4,0.00012924046022817494,5
STAG3,0.00012866019969806075,5
BMP6,0.00012856193643528968,4
C2,0.00012851583596784621,2
PIK3R5,0.00012813644716516137,5
CERCAM,0.0001278338604606688,5
GLDC,0.0001271864050067961,5
ACSL6,0.0001270822365768254,5
HIRA,0.00012700146762654186,5
P4HA2,0.0001265411701751873,4
MAP6,0.0001261103156139143,5
LAD1,0.00012605477822944522,5
TGM1,0.00012346546864137054,5
ACTN1,0.0001229672590852715,5
KIF15,0.00012281903764232993,5
TNPO2,0.00012224521633470432,5
FES,0.00011878766963491216,4
PREP,0.00011838480713777244,2
ADCY6,0.0001179642102215439,5
CAPN5,0.00011750817793654278,4
FZD1,0.00011562234140001237,5
GPI,0.00011457280197646469,2
HIF1A,0.00011432170867919922,4
SGCA,0.00011327634274493903,2
NPR2,0.00011234612902626395,5
SLC46A3,0.00011195483966730535,3
CDC5L,0.00011156098917126655,5
RNF19A,0.00011110067134723067,5
NOL8,0.00011068215826526284,5
KDM7A,0.00011027552973246202,5
MTIF2,0.00011018296791007743,5
TF,0.0001096474821679294,5
F2,0.00010920416098088026,5
NUMA1,0.00010688140173442662,5
NFX1,0.0001058911206200719,5
PLCG1,0.00010438833851367235,5
CALCRL,0.00010409396491013467,5
GJA5,0.00010385814821347594,5
ALS2,0.00010365070193074644,5
DDB1,0.00010328664211556315,5
TPX2,0.00010320314904674888,5
CCNA1,0.00010315018007531763,5
TDRD7,0.00010287133045494556,5
CUL5,0.00010269520571455359,5
CES1,0.00010245282901450991,5
GJA1,0.00010202324483543634,5
ADAR,0.00010196752118645236,5
HTR1D,0.0001010301736338685,3
SLC25A13,0.00010072296427097172,5
AGO4,0.00010053011355921626,5
WNT2,9.928596409736201e-05,4
CLGN,9.873730596154928e-05,5
PYGL,9.82003635726869e-05,5
PALLD,9.755148057593033e-05,5
NRP1,9.703219693619758e-05,5
MCM7,9.654088062234223e-05,5
CYP26B1,9.53528331592679e-05,5
ARHGEF9,9.528946247883141e-05,4
CFB,9.495270787738264e-05,5
CLU,9.473878308199346e-05,5
PAM,9.447323973290622e-05,5
GPRC5B,9.440260473638772e-05,5
EXO1,9.403667063452303e-05,5
OPA1,9.329486638307572e-05,5
BDKRB2,9.276285418309271e-05,5
MLLT10,9.262867970392109e-05,5
AP1G1,9.174765436910093e-05,5
PLAT,9.170053332733612e-05,3
KRT31,9.083495824597776e-05,5
HTRA1,9.023238089866936e-05,4
CAP2,8.946010493673384e-05,5
GEMIN4,8.93533433554694e-05,4
SLC5A6,8.79607570823282e-05,5
THEG,8.733494905754924e-05,5
ITGA5,8.67416150867939e-05,5
SLC16A7,8.670638198964298e-05,5
NOP14,8.668759837746621e-05,5
FGFR1,8.638068684376776e-05,5
SERPINA10,8.541044662706554e-05,5
HERC6,8.495693327859044e-05,5
BRPF3,8.442084799753502e-05,5
IFI44L,8.404018202175696e-05,3
SSRP1,8.378479833481833e-05,4
SLC39A6,8.25486029498279e-05,5
ALDH18A1,8.239361923187972e-05,5
ARHGEF12,8.217360591515899e-05,5
EXT1,7.906333485152572e-05,5
SLC6A9,7.755829719826579e-05,5
DLGAP5,7.714688254054636e-05,5
ITIH1,7.697173859924077e-05,5
GPHN,7.656461675651372e-05,5
PDGFRB,7.595945644425228e-05,5
ITGB8,7.48308200854808e-05,5
NFE2L1,7.437581080012023e-05,5
EIF2AK3,7.274421950569377e-05,5
TRAK2,7.256147218868137e-05,5
NPFFR2,7.199208484962583e-05,5
TRIM10,7.055511232465506e-05,5
PCM1,7.019047043286264e-05,5
INCENP,6.99868076480925e-05,5
EZH1,6.99852709658444e-05,5
CMKLR1,6.996577722020447e-05,5
BCAM,6.894833059050143e-05,5
IRF6,6.816870882175863e-05,5
WWP1,6.713865441270173e-05,5
ADAM15,6.601557834073901e-05,5
ST14,6.587607786059379e-05,5
PHTF2,6.425334140658379e-05,5
PCSK1,6.40411686617881e-05,5
GCK,6.243777897907421e-05,4
CDH15,6.180122145451605e-05,5
HELLS,6.127721280790865e-05,4
PRKCE,6.115466239862145e-05,5
HIPK2,6.031536031514406e-05,5
BRDT,6.0308026149868965e-05,5
FGD6,5.963186267763376e-05,5
ACLY,5.9450767002999784e-05,5
MAN1A1,5.8907043421640995e-05,5
DLL1,5.751186472480185e-05,4
NPTX2,5.716638406738639e-05,5
DTX2,5.696267544408329e-05,4
BCL6,5.6826119543984535e-05,5
TRIP10,5.6778010912239554e-05,5
PER1,5.6442111963406204e-05,5
TUBGCP6,5.6363863404840234e-05,5
MASP2,5.5644628446316347e-05,4
MARK2,5.5622082436457275e-05,5
ATP1A1,5.5446819169446825e-05,5
IL1RL2,5.536086391657591e-05,5
SLCO1A2,5.4591411026194694e-05,5
SLC7A1,5.441386601887643e-05,5
TRIM28,5.3190509788692e-05,5
HDAC6,5.198091384954751e-05,5
PDE4B,5.189517978578806e-05,5
ABCB11,4.9569550901651384e-05,5
MAST2,4.9495860002934934e-05,5
TLR6,4.778014166125407e-05,3
KIF18B,4.742281453218311e-05,5
TKTL1,4.6373147051781415e-05,5
IL27RA,4.580575914587825e-05,5
TLR3,4.513181920628995e-05,5
SLC6A6,4.4513295870274304e-05,5
MOCOS,4.4292843085713685e-05,5
RNASEL,4.4243215234018864e-05,5
ABCA5,4.4118374353274704e-05,5
SLCO2A1,4.397623706609011e-05,5
KLKB1,3.9685206138528885e-05,5
CYP7B1,3.773630887735635e-05,5
AHR,3.468543291091919e-05,5
EXOC2,3.417052503209561e-05,5
DVL2,3.088179073529318e-05,4
SP110,2.5060422558453865e-05,4
PTGS2,2.3564854927826673e-05,5
CBFA2T3,2.3030479496810585e-05,5
ACSM1,2.0182989828754216e-05,5
LDLR,1.9461323972791433e-05,5
PCSK9,1.9298402185086162e-05,5
ITIH3,1.8080945301335306e-05,5
AKAP1,1.7085616127587856e-05,5
GABRA3,1.5235586033668369e-05,5
ABAT,0.0,3
ABCF2,0.0,2
ACOX2,0.0,5
ACOX3,0.0,5
ACVRL1,0.0,5
ADAM10,0.0,1
ADSL,0.0,2
AFG3L2,0.0,1
AKR1D1,0.0,1
AKT1,0.0,1
ALAS1,0.0,1
ALDH1A2,0.0,5
ALDH1A3,0.0,2
ALOX15B,0.0,5
ANGPT1,0.0,5
ANKH,0.0,5
AP2B1,0.0,5
AP3B1,0.0,5
APOH,0.0,3
ARAF,0.0,1
ARHGEF6,0.0,5
ASL,0.0,1
ATP2A2,0.0,5
ATP6V0A4,0.0,5
B3GAT1,0.0,4
B3GNT3,0.0,3
BAIAP2,0.0,2
BARD1,0.0,5
BCAR1,0.0,5
BIRC3,0.0,1
BMPR1B,0.0,2
BTRC,0.0,5
C1R,0.0,3
CALD1,0.0,5
CAMK1D,0.0,5
CAPN3,0.0,5
CASQ1,0.0,1
CCR1,0.0,3
CCR2,0.0,4
CCR8,0.0,1
CCSER2,0.0,5
CCT5,0.0,1
CD86,0.0,4
CD96,0.0,5
CDCP1,0.0,5
CFI,0.0,5
CHFR,0.0,2
CKAP4,0.0,2
CLPB,0.0,5
CNDP2,0.0,1
COG2,0.0,1
COMP,0.0,4
COPB2,0.0,5
COX10,0.0,1
CPE,0.0,5
CPQ,0.0,4
CRP,0.0,4
CTSE,0.0,2
CYP2S1,0.0,1
CYP8B1,0.0,4
DCAF11,0.0,3
DDX4,0.0,5
DEPDC1,0.0,2
DHCR7,0.0,5
DLG1,0.0,5
DNTT,0.0,2
DPYSL3,0.0,4
DRC1,0.0,5
DTX4,0.0,1
DYRK3,0.0,4
EED,0.0,1
EGR2,0.0,5
EIF2AK2,0.0,4
ELL,0.0,1
ELL2,0.0,4
EOMES,0.0,3
ERAP2,0.0,5
ERCC3,0.0,5
ESR2,0.0,5
ETS2,0.0,1
ETV1,0.0,5
EWSR1,0.0,4
EXOSC10,0.0,4
F10,0.0,5
F7,0.0,3
FASLG,0.0,2
FBXO7,0.0,2
FBXW11,0.0,1
FCN1,0.0,4
FERMT2,0.0,1
FGF13,0.0,4
FGGY,0.0,3
FOXJ2,0.0,2
FRK,0.0,5
FZD7,0.0,5
GFPT2,0.0,5
GNPAT,0.0,1
GPR65,0.0,2
GPR87,0.0,1
GPRC5C,0.0,4
GRB7,0.0,5
GZMK,0.0,1
HLA-G,0.0,1
HMMR,0.0,5
HNRNPU,0.0,2
HS6ST2,0.0,1
HSPA2,0.0,5
HSPA4L,0.0,5
HSPA5,0.0,2
HSPA9,0.0,4
HSPH1,0.0,5
ICAM5,0.0,1
IL10RA,0.0,1
ILVBL,0.0,4
IMMT,0.0,5
INMT,0.0,2
IPO4,0.0,5
IRAK2,0.0,4
ITGA9,0.0,5
ITGB5,0.0,5
ITGB7,0.0,2
KAZN,0.0,5
KCND1,0.0,5
KIF20A,0.0,1
KLF3,0.0,2
LAMP3,0.0,2
LBR,0.0,3
LCK,0.0,3
LPL,0.0,5
LRRC8C,0.0,5
LSR,0.0,1
MARK3,0.0,5
MCM3,0.0,1
ME1,0.0,5
ME2,0.0,2
MEIS2,0.0,5
MEP1B,0.0,5
MLPH,0.0,2
MMP1,0.0,1
MMP9,0.0,5
MPP2,0.0,2
MTNR1A,0.0,4
MX1,0.0,5
MYF6,0.0,5
NAP1L2,0.0,5
NCL,0.0,4
NCOA4,0.0,1
NDST2,0.0,5
NEDD4L,0.0,5
NEUROD1,0.0,5
NEXN,0.0,5
NPY4R,0.0,5
NR3C1,0.0,5
NR4A3,0.0,3
OAS1,0.0,3
OASL,0.0,5
PABPC4,0.0,3
PAX6,0.0,5
PDLIM5,0.0,4
PDP1,0.0,2
PENK,0.0,5
PEX5,0.0,1
PFKFB1,0.0,1
PFKP,0.0,1
PHGDH,0.0,1
PIGR,0.0,5
PKLR,0.0,5
PKP1,0.0,5
PLA2G7,0.0,2
PLAG1,0.0,3
PLK1,0.0,1
PLK2,0.0,3
PNPT1,0.0,1
PPM1D,0.0,3
PPP1R15A,0.0,2
PPP1R15B,0.0,1
PRF1,0.0,5
PRMT3,0.0,1
PRMT5,0.0,1
PRPF3,0.0,1
PSIP1,0.0,2
PSMC4,0.0,2
PSMD3,0.0,1
PTGER4,0.0,3
PTGIS,0.0,4
RAD21,0.0,5
RAD54L,0.0,1
RALGDS,0.0,3
RANBP10,0.0,1
RASGRP1,0.0,5
RPS6KA5,0.0,5
SEC14L1,0.0,5
SELE,0.0,5
SERPINA5,0.0,5
SERPINA6,0.0,1
SERPINB2,0.0,5
SERPINC1,0.0,2
SF3A1,0.0,1
SFMBT1,0.0,5
SGMS1,0.0,1
SHC1,0.0,2
SIRPA,0.0,1
SKIL,0.0,1
SLC16A6,0.0,1
SLC28A2,0.0,1
SLC2A4,0.0,1
SLC6A12,0.0,5
SMAD3,0.0,5
SMARCC1,0.0,5
SMC6,0.0,5
SMURF2,0.0,1
SNX14,0.0,2
SNX9,0.0,2
SOAT2,0.0,1
SRPX,0.0,1
ST8SIA4,0.0,3
STAT4,0.0,5
STAU1,0.0,4
SUPV3L1,0.0,4
SYBU,0.0,5
SYK,0.0,5
SYT12,0.0,3
SYT13,0.0,1
TACR1,0.0,1
TAF6,0.0,1
TAP1,0.0,1
TAT,0.0,5
TCP11,0.0,5
TFCP2L1,0.0,3
TFDP1,0.0,3
TGFB2,0.0,3
TGFBI,0.0,5
TGM2,0.0,5
TJP3,0.0,5
TLK1,0.0,4
TM7SF3,0.0,1
TRAT1,0.0,3
TRIM5,0.0,2
TTC39B,0.0,1
UBA2,0.0,1
UBA7,0.0,2
VLDLR,0.0,2
VNN1,0.0,5
WAS,0.0,1
WLS,0.0,5
XRCC6,0.0,2
sample__aa_A__event_ST__count,0.0,5
sample__aa_D__event_ST__count,0.0,5
sample__aa_F__event_ST__count,0.0,5
sample__aa_H__event_ST__count,0.0,5
sample__aa_I__event_ST__count,0.0,5
sample__aa_M__event_ST__count,0.0,5
sample__aa_M__event_S__count,0.0,5
sample__aa_N__event_ST__count,0.0,5
sample__aa_P__event_ST__count,0.0,5
sample__aa_V__event_ST__count,0.0,5
sample__aa_W__event_S__count,0.0,5
sample__blank_gene_count,0.0,5
sample__event_FS__multi_gene_count,0.0,5
sample__event_M__multi_gene_count,0.0,5
sample__event_ST__multi_gene_count,0.0,5
sample__event_S__multi_gene_count,0.0,5
