ID,SUBCLASS
TEST_0000,STES
TEST_0001,STES
TEST_0002,THCA
TEST_0003,LGG
TEST_0004,LUSC
TEST_0005,UCEC
TEST_0006,BRCA
TEST_0007,UCEC
TEST_0008,LAML
TEST_0009,CESC
TEST_0010,PRAD
TEST_0011,LAML
TEST_0012,COAD
TEST_0013,STES
TEST_0014,PRAD
TEST_0015,STES
TEST_0016,OV
TEST_0017,THYM
TEST_0018,LIHC
TEST_0019,PRAD
TEST_0020,COAD
TEST_0021,COAD
TEST_0022,LGG
TEST_0023,TGCT
TEST_0024,COAD
TEST_0025,COAD
TEST_0026,OV
TEST_0027,STES
TEST_0028,COAD
TEST_0029,PRAD
TEST_0030,COAD
TEST_0031,UCEC
TEST_0032,COAD
TEST_0033,KIPAN
TEST_0034,CESC
TEST_0035,STES
TEST_0036,GBMLGG
TEST_0037,PRAD
TEST_0038,STES
TEST_0039,COAD
TEST_0040,TGCT
TEST_0041,LGG
TEST_0042,SKCM
TEST_0043,UCEC
TEST_0044,BRCA
TEST_0045,STES
TEST_0046,KIPAN
TEST_0047,LUAD
TEST_0048,LUSC
TEST_0049,BRCA
TEST_0050,STES
TEST_0051,KIPAN
TEST_0052,COAD
TEST_0053,OV
TEST_0054,LUAD
TEST_0055,OV
TEST_0056,COAD
TEST_0057,BRCA
TEST_0058,LIHC
TEST_0059,SKCM
TEST_0060,CESC
TEST_0061,OV
TEST_0062,OV
TEST_0063,STES
TEST_0064,PRAD
TEST_0065,STES
TEST_0066,STES
TEST_0067,COAD
TEST_0068,BRCA
TEST_0069,STES
TEST_0070,COAD
TEST_0071,UCEC
TEST_0072,OV
TEST_0073,LUAD
TEST_0074,PRAD
TEST_0075,THYM
TEST_0076,COAD
TEST_0077,COAD
TEST_0078,LUAD
TEST_0079,STES
TEST_0080,LIHC
TEST_0081,STES
TEST_0082,UCEC
TEST_0083,COAD
TEST_0084,COAD
TEST_0085,DLBC
TEST_0086,STES
TEST_0087,LIHC
TEST_0088,STES
TEST_0089,UCEC
TEST_0090,THCA
TEST_0091,KIPAN
TEST_0092,STES
TEST_0093,BRCA
TEST_0094,PRAD
TEST_0095,KIPAN
TEST_0096,LUSC
TEST_0097,UCEC
TEST_0098,STES
TEST_0099,STES
TEST_0100,PCPG
TEST_0101,TGCT
TEST_0102,SARC
TEST_0103,LGG
TEST_0104,LAML
TEST_0105,LIHC
TEST_0106,COAD
TEST_0107,SARC
TEST_0108,COAD
TEST_0109,COAD
TEST_0110,THYM
TEST_0111,THCA
TEST_0112,UCEC
TEST_0113,BRCA
TEST_0114,STES
TEST_0115,PRAD
TEST_0116,KIRC
TEST_0117,LGG
TEST_0118,GBMLGG
TEST_0119,STES
TEST_0120,STES
TEST_0121,TGCT
TEST_0122,OV
TEST_0123,KIPAN
TEST_0124,THCA
TEST_0125,STES
TEST_0126,KIPAN
TEST_0127,LGG
TEST_0128,TGCT
TEST_0129,KIPAN
TEST_0130,CESC
TEST_0131,LAML
TEST_0132,OV
TEST_0133,STES
TEST_0134,STES
TEST_0135,KIPAN
TEST_0136,GBMLGG
TEST_0137,BRCA
TEST_0138,GBMLGG
TEST_0139,PCPG
TEST_0140,COAD
TEST_0141,GBMLGG
TEST_0142,SKCM
TEST_0143,LUAD
TEST_0144,CESC
TEST_0145,THCA
TEST_0146,DLBC
TEST_0147,KIPAN
TEST_0148,CESC
TEST_0149,CESC
TEST_0150,COAD
TEST_0151,THCA
TEST_0152,OV
TEST_0153,LGG
TEST_0154,KIPAN
TEST_0155,SARC
TEST_0156,LAML
TEST_0157,COAD
TEST_0158,LUAD
TEST_0159,KIPAN
TEST_0160,CESC
TEST_0161,LUSC
TEST_0162,LUAD
TEST_0163,OV
TEST_0164,LGG
TEST_0165,BRCA
TEST_0166,COAD
TEST_0167,STES
TEST_0168,KIPAN
TEST_0169,STES
TEST_0170,THYM
TEST_0171,STES
TEST_0172,KIPAN
TEST_0173,THCA
TEST_0174,BRCA
TEST_0175,KIPAN
TEST_0176,CESC
TEST_0177,STES
TEST_0178,CESC
TEST_0179,CESC
TEST_0180,THYM
TEST_0181,OV
TEST_0182,BRCA
TEST_0183,STES
TEST_0184,THCA
TEST_0185,SARC
TEST_0186,STES
TEST_0187,THYM
TEST_0188,LGG
TEST_0189,STES
TEST_0190,STES
TEST_0191,UCEC
TEST_0192,LAML
TEST_0193,PAAD
TEST_0194,LUAD
TEST_0195,LUSC
TEST_0196,STES
TEST_0197,STES
TEST_0198,LIHC
TEST_0199,TGCT
TEST_0200,KIPAN
TEST_0201,KIPAN
TEST_0202,KIPAN
TEST_0203,PAAD
TEST_0204,THCA
TEST_0205,LUAD
TEST_0206,OV
TEST_0207,SKCM
TEST_0208,UCEC
TEST_0209,COAD
TEST_0210,COAD
TEST_0211,BRCA
TEST_0212,LAML
TEST_0213,BRCA
TEST_0214,THYM
TEST_0215,SKCM
TEST_0216,BLCA
TEST_0217,TGCT
TEST_0218,PRAD
TEST_0219,THYM
TEST_0220,UCEC
TEST_0221,UCEC
TEST_0222,PCPG
TEST_0223,LGG
TEST_0224,UCEC
TEST_0225,LUAD
TEST_0226,KIPAN
TEST_0227,STES
TEST_0228,BLCA
TEST_0229,KIPAN
TEST_0230,STES
TEST_0231,KIPAN
TEST_0232,STES
TEST_0233,LUSC
TEST_0234,LUSC
TEST_0235,COAD
TEST_0236,BRCA
TEST_0237,BRCA
TEST_0238,SKCM
TEST_0239,SKCM
TEST_0240,STES
TEST_0241,PCPG
TEST_0242,BLCA
TEST_0243,OV
TEST_0244,KIPAN
TEST_0245,STES
TEST_0246,PRAD
TEST_0247,LGG
TEST_0248,UCEC
TEST_0249,LUSC
TEST_0250,STES
TEST_0251,OV
TEST_0252,LIHC
TEST_0253,PRAD
TEST_0254,SKCM
TEST_0255,CESC
TEST_0256,COAD
TEST_0257,OV
TEST_0258,STES
TEST_0259,COAD
TEST_0260,THCA
TEST_0261,KIPAN
TEST_0262,TGCT
TEST_0263,LUSC
TEST_0264,GBMLGG
TEST_0265,OV
TEST_0266,SKCM
TEST_0267,KIRC
TEST_0268,STES
TEST_0269,KIRC
TEST_0270,TGCT
TEST_0271,KIRC
TEST_0272,GBMLGG
TEST_0273,BRCA
TEST_0274,KIPAN
TEST_0275,GBMLGG
TEST_0276,COAD
TEST_0277,KIPAN
TEST_0278,COAD
TEST_0279,COAD
TEST_0280,COAD
TEST_0281,SKCM
TEST_0282,BRCA
TEST_0283,HNSC
TEST_0284,HNSC
TEST_0285,CESC
TEST_0286,UCEC
TEST_0287,LIHC
TEST_0288,OV
TEST_0289,CESC
TEST_0290,COAD
TEST_0291,LGG
TEST_0292,STES
TEST_0293,ACC
TEST_0294,THYM
TEST_0295,COAD
TEST_0296,TGCT
TEST_0297,LUAD
TEST_0298,COAD
TEST_0299,UCEC
TEST_0300,COAD
TEST_0301,THCA
TEST_0302,STES
TEST_0303,COAD
TEST_0304,COAD
TEST_0305,STES
TEST_0306,COAD
TEST_0307,THYM
TEST_0308,STES
TEST_0309,HNSC
TEST_0310,LGG
TEST_0311,SARC
TEST_0312,UCEC
TEST_0313,STES
TEST_0314,HNSC
TEST_0315,LUSC
TEST_0316,BRCA
TEST_0317,STES
TEST_0318,PRAD
TEST_0319,UCEC
TEST_0320,LAML
TEST_0321,STES
TEST_0322,GBMLGG
TEST_0323,COAD
TEST_0324,SKCM
TEST_0325,STES
TEST_0326,OV
TEST_0327,PAAD
TEST_0328,SKCM
TEST_0329,CESC
TEST_0330,BRCA
TEST_0331,COAD
TEST_0332,LUSC
TEST_0333,THYM
TEST_0334,GBMLGG
TEST_0335,LUAD
TEST_0336,UCEC
TEST_0337,STES
TEST_0338,CESC
TEST_0339,BRCA
TEST_0340,LUSC
TEST_0341,KIPAN
TEST_0342,SKCM
TEST_0343,OV
TEST_0344,COAD
TEST_0345,SKCM
TEST_0346,COAD
TEST_0347,STES
TEST_0348,STES
TEST_0349,STES
TEST_0350,COAD
TEST_0351,BRCA
TEST_0352,LAML
TEST_0353,DLBC
TEST_0354,COAD
TEST_0355,COAD
TEST_0356,HNSC
TEST_0357,CESC
TEST_0358,OV
TEST_0359,COAD
TEST_0360,OV
TEST_0361,LUAD
TEST_0362,STES
TEST_0363,COAD
TEST_0364,LUSC
TEST_0365,COAD
TEST_0366,KIRC
TEST_0367,PCPG
TEST_0368,COAD
TEST_0369,KIRC
TEST_0370,CESC
TEST_0371,PRAD
TEST_0372,BRCA
TEST_0373,CESC
TEST_0374,THYM
TEST_0375,BLCA
TEST_0376,TGCT
TEST_0377,KIPAN
TEST_0378,OV
TEST_0379,THCA
TEST_0380,STES
TEST_0381,LUSC
TEST_0382,KIPAN
TEST_0383,COAD
TEST_0384,THYM
TEST_0385,COAD
TEST_0386,UCEC
TEST_0387,PRAD
TEST_0388,PCPG
TEST_0389,KIRC
TEST_0390,THYM
TEST_0391,BRCA
TEST_0392,KIRC
TEST_0393,KIRC
TEST_0394,CESC
TEST_0395,KIPAN
TEST_0396,STES
TEST_0397,STES
TEST_0398,PRAD
TEST_0399,BRCA
TEST_0400,STES
TEST_0401,PRAD
TEST_0402,COAD
TEST_0403,STES
TEST_0404,CESC
TEST_0405,COAD
TEST_0406,STES
TEST_0407,STES
TEST_0408,DLBC
TEST_0409,THCA
TEST_0410,STES
TEST_0411,CESC
TEST_0412,STES
TEST_0413,COAD
TEST_0414,COAD
TEST_0415,TGCT
TEST_0416,SKCM
TEST_0417,LGG
TEST_0418,CESC
TEST_0419,COAD
TEST_0420,SARC
TEST_0421,CESC
TEST_0422,LUAD
TEST_0423,STES
TEST_0424,STES
TEST_0425,DLBC
TEST_0426,COAD
TEST_0427,BRCA
TEST_0428,THYM
TEST_0429,STES
TEST_0430,STES
TEST_0431,COAD
TEST_0432,PRAD
TEST_0433,OV
TEST_0434,STES
TEST_0435,LAML
TEST_0436,COAD
TEST_0437,PAAD
TEST_0438,SKCM
TEST_0439,PRAD
TEST_0440,COAD
TEST_0441,OV
TEST_0442,STES
TEST_0443,STES
TEST_0444,LUSC
TEST_0445,GBMLGG
TEST_0446,THYM
TEST_0447,COAD
TEST_0448,PRAD
TEST_0449,STES
TEST_0450,THYM
TEST_0451,OV
TEST_0452,COAD
TEST_0453,COAD
TEST_0454,BRCA
TEST_0455,STES
TEST_0456,LAML
TEST_0457,STES
TEST_0458,HNSC
TEST_0459,KIRC
TEST_0460,STES
TEST_0461,SARC
TEST_0462,CESC
TEST_0463,BLCA
TEST_0464,STES
TEST_0465,UCEC
TEST_0466,COAD
TEST_0467,STES
TEST_0468,BLCA
TEST_0469,BRCA
TEST_0470,COAD
TEST_0471,ACC
TEST_0472,COAD
TEST_0473,PAAD
TEST_0474,BRCA
TEST_0475,LIHC
TEST_0476,TGCT
TEST_0477,SKCM
TEST_0478,LGG
TEST_0479,KIPAN
TEST_0480,PRAD
TEST_0481,PCPG
TEST_0482,COAD
TEST_0483,KIPAN
TEST_0484,BRCA
TEST_0485,KIPAN
TEST_0486,LUSC
TEST_0487,UCEC
TEST_0488,COAD
TEST_0489,OV
TEST_0490,THCA
TEST_0491,BRCA
TEST_0492,PCPG
TEST_0493,COAD
TEST_0494,OV
TEST_0495,CESC
TEST_0496,PAAD
TEST_0497,THCA
TEST_0498,SARC
TEST_0499,STES
TEST_0500,GBMLGG
TEST_0501,OV
TEST_0502,SARC
TEST_0503,COAD
TEST_0504,PAAD
TEST_0505,BRCA
TEST_0506,CESC
TEST_0507,STES
TEST_0508,STES
TEST_0509,COAD
TEST_0510,STES
TEST_0511,KIPAN
TEST_0512,KIPAN
TEST_0513,BRCA
TEST_0514,COAD
TEST_0515,LUSC
TEST_0516,STES
TEST_0517,COAD
TEST_0518,STES
TEST_0519,THCA
TEST_0520,STES
TEST_0521,COAD
TEST_0522,KIPAN
TEST_0523,SARC
TEST_0524,BLCA
TEST_0525,LUSC
TEST_0526,COAD
TEST_0527,STES
TEST_0528,STES
TEST_0529,THCA
TEST_0530,BRCA
TEST_0531,LIHC
TEST_0532,STES
TEST_0533,STES
TEST_0534,PCPG
TEST_0535,BRCA
TEST_0536,OV
TEST_0537,CESC
TEST_0538,BRCA
TEST_0539,KIPAN
TEST_0540,SKCM
TEST_0541,STES
TEST_0542,OV
TEST_0543,BLCA
TEST_0544,BRCA
TEST_0545,THYM
TEST_0546,CESC
TEST_0547,LIHC
TEST_0548,KIPAN
TEST_0549,SKCM
TEST_0550,TGCT
TEST_0551,OV
TEST_0552,BRCA
TEST_0553,HNSC
TEST_0554,KIPAN
TEST_0555,COAD
TEST_0556,LIHC
TEST_0557,OV
TEST_0558,LAML
TEST_0559,STES
TEST_0560,THCA
TEST_0561,BRCA
TEST_0562,PRAD
TEST_0563,STES
TEST_0564,STES
TEST_0565,THCA
TEST_0566,SKCM
TEST_0567,COAD
TEST_0568,COAD
TEST_0569,UCEC
TEST_0570,STES
TEST_0571,PRAD
TEST_0572,LIHC
TEST_0573,LGG
TEST_0574,STES
TEST_0575,COAD
TEST_0576,UCEC
TEST_0577,BRCA
TEST_0578,HNSC
TEST_0579,KIPAN
TEST_0580,STES
TEST_0581,COAD
TEST_0582,COAD
TEST_0583,UCEC
TEST_0584,TGCT
TEST_0585,SARC
TEST_0586,THCA
TEST_0587,COAD
TEST_0588,COAD
TEST_0589,LUAD
TEST_0590,LIHC
TEST_0591,STES
TEST_0592,STES
TEST_0593,STES
TEST_0594,BRCA
TEST_0595,PRAD
TEST_0596,STES
TEST_0597,COAD
TEST_0598,BRCA
TEST_0599,COAD
TEST_0600,KIPAN
TEST_0601,COAD
TEST_0602,LAML
TEST_0603,SKCM
TEST_0604,COAD
TEST_0605,LGG
TEST_0606,BRCA
TEST_0607,STES
TEST_0608,COAD
TEST_0609,PCPG
TEST_0610,OV
TEST_0611,KIRC
TEST_0612,STES
TEST_0613,KIPAN
TEST_0614,KIPAN
TEST_0615,HNSC
TEST_0616,UCEC
TEST_0617,OV
TEST_0618,STES
TEST_0619,LAML
TEST_0620,UCEC
TEST_0621,PRAD
TEST_0622,LIHC
TEST_0623,LUAD
TEST_0624,STES
TEST_0625,CESC
TEST_0626,STES
TEST_0627,STES
TEST_0628,COAD
TEST_0629,COAD
TEST_0630,STES
TEST_0631,COAD
TEST_0632,COAD
TEST_0633,STES
TEST_0634,LUSC
TEST_0635,BRCA
TEST_0636,SKCM
TEST_0637,THYM
TEST_0638,COAD
TEST_0639,COAD
TEST_0640,COAD
TEST_0641,PRAD
TEST_0642,PAAD
TEST_0643,THCA
TEST_0644,TGCT
TEST_0645,COAD
TEST_0646,STES
TEST_0647,BRCA
TEST_0648,UCEC
TEST_0649,GBMLGG
TEST_0650,STES
TEST_0651,CESC
TEST_0652,STES
TEST_0653,COAD
TEST_0654,PRAD
TEST_0655,LAML
TEST_0656,THCA
TEST_0657,BRCA
TEST_0658,STES
TEST_0659,COAD
TEST_0660,COAD
TEST_0661,STES
TEST_0662,LGG
TEST_0663,COAD
TEST_0664,PAAD
TEST_0665,STES
TEST_0666,KIPAN
TEST_0667,COAD
TEST_0668,LUSC
TEST_0669,PCPG
TEST_0670,KIRC
TEST_0671,COAD
TEST_0672,THYM
TEST_0673,GBMLGG
TEST_0674,UCEC
TEST_0675,LUSC
TEST_0676,THYM
TEST_0677,OV
TEST_0678,STES
TEST_0679,LUAD
TEST_0680,HNSC
TEST_0681,COAD
TEST_0682,COAD
TEST_0683,BRCA
TEST_0684,GBMLGG
TEST_0685,KIPAN
TEST_0686,LIHC
TEST_0687,COAD
TEST_0688,STES
TEST_0689,STES
TEST_0690,UCEC
TEST_0691,STES
TEST_0692,STES
TEST_0693,THYM
TEST_0694,LUSC
TEST_0695,KIPAN
TEST_0696,THYM
TEST_0697,STES
TEST_0698,LUSC
TEST_0699,LGG
TEST_0700,PAAD
TEST_0701,PCPG
TEST_0702,SKCM
TEST_0703,LIHC
TEST_0704,STES
TEST_0705,UCEC
TEST_0706,LGG
TEST_0707,STES
TEST_0708,KIPAN
TEST_0709,LUAD
TEST_0710,SARC
TEST_0711,BRCA
TEST_0712,STES
TEST_0713,COAD
TEST_0714,PRAD
TEST_0715,PRAD
TEST_0716,LGG
TEST_0717,SKCM
TEST_0718,PAAD
TEST_0719,PRAD
TEST_0720,TGCT
TEST_0721,STES
TEST_0722,ACC
TEST_0723,BRCA
TEST_0724,STES
TEST_0725,KIPAN
TEST_0726,COAD
TEST_0727,DLBC
TEST_0728,OV
TEST_0729,PRAD
TEST_0730,STES
TEST_0731,COAD
TEST_0732,STES
TEST_0733,THCA
TEST_0734,COAD
TEST_0735,LGG
TEST_0736,PCPG
TEST_0737,TGCT
TEST_0738,COAD
TEST_0739,BLCA
TEST_0740,PCPG
TEST_0741,THCA
TEST_0742,LUAD
TEST_0743,LIHC
TEST_0744,COAD
TEST_0745,CESC
TEST_0746,OV
TEST_0747,STES
TEST_0748,BRCA
TEST_0749,STES
TEST_0750,KIPAN
TEST_0751,COAD
TEST_0752,SARC
TEST_0753,STES
TEST_0754,BRCA
TEST_0755,STES
TEST_0756,COAD
TEST_0757,THYM
TEST_0758,THCA
TEST_0759,COAD
TEST_0760,HNSC
TEST_0761,STES
TEST_0762,PAAD
TEST_0763,LIHC
TEST_0764,COAD
TEST_0765,CESC
TEST_0766,UCEC
TEST_0767,PRAD
TEST_0768,STES
TEST_0769,ACC
TEST_0770,UCEC
TEST_0771,CESC
TEST_0772,PCPG
TEST_0773,TGCT
TEST_0774,CESC
TEST_0775,LUSC
TEST_0776,KIRC
TEST_0777,COAD
TEST_0778,BRCA
TEST_0779,STES
TEST_0780,THCA
TEST_0781,COAD
TEST_0782,OV
TEST_0783,KIRC
TEST_0784,KIRC
TEST_0785,PRAD
TEST_0786,LIHC
TEST_0787,THYM
TEST_0788,HNSC
TEST_0789,UCEC
TEST_0790,OV
TEST_0791,GBMLGG
TEST_0792,STES
TEST_0793,KIPAN
TEST_0794,KIRC
TEST_0795,COAD
TEST_0796,LAML
TEST_0797,STES
TEST_0798,LAML
TEST_0799,COAD
TEST_0800,KIRC
TEST_0801,KIPAN
TEST_0802,KIPAN
TEST_0803,LUSC
TEST_0804,UCEC
TEST_0805,HNSC
TEST_0806,UCEC
TEST_0807,STES
TEST_0808,COAD
TEST_0809,DLBC
TEST_0810,STES
TEST_0811,OV
TEST_0812,PCPG
TEST_0813,UCEC
TEST_0814,LUAD
TEST_0815,TGCT
TEST_0816,STES
TEST_0817,LIHC
TEST_0818,COAD
TEST_0819,GBMLGG
TEST_0820,COAD
TEST_0821,LGG
TEST_0822,COAD
TEST_0823,CESC
TEST_0824,KIRC
TEST_0825,KIPAN
TEST_0826,CESC
TEST_0827,KIRC
TEST_0828,BRCA
TEST_0829,STES
TEST_0830,BRCA
TEST_0831,STES
TEST_0832,SARC
TEST_0833,PRAD
TEST_0834,LGG
TEST_0835,COAD
TEST_0836,KIRC
TEST_0837,KIPAN
TEST_0838,COAD
TEST_0839,SKCM
TEST_0840,OV
TEST_0841,STES
TEST_0842,THCA
TEST_0843,PAAD
TEST_0844,SARC
TEST_0845,BRCA
TEST_0846,LGG
TEST_0847,LIHC
TEST_0848,STES
TEST_0849,LUAD
TEST_0850,STES
TEST_0851,COAD
TEST_0852,BRCA
TEST_0853,BLCA
TEST_0854,KIRC
TEST_0855,THYM
TEST_0856,LAML
TEST_0857,PRAD
TEST_0858,LUSC
TEST_0859,COAD
TEST_0860,KIPAN
TEST_0861,STES
TEST_0862,BRCA
TEST_0863,STES
TEST_0864,PCPG
TEST_0865,PRAD
TEST_0866,STES
TEST_0867,STES
TEST_0868,COAD
TEST_0869,THYM
TEST_0870,STES
TEST_0871,COAD
TEST_0872,SARC
TEST_0873,BRCA
TEST_0874,LIHC
TEST_0875,SARC
TEST_0876,LUSC
TEST_0877,GBMLGG
TEST_0878,PCPG
TEST_0879,BRCA
TEST_0880,THYM
TEST_0881,HNSC
TEST_0882,COAD
TEST_0883,SKCM
TEST_0884,GBMLGG
TEST_0885,PRAD
TEST_0886,LGG
TEST_0887,BRCA
TEST_0888,COAD
TEST_0889,COAD
TEST_0890,STES
TEST_0891,OV
TEST_0892,COAD
TEST_0893,TGCT
TEST_0894,PRAD
TEST_0895,SKCM
TEST_0896,STES
TEST_0897,PRAD
TEST_0898,THYM
TEST_0899,LAML
TEST_0900,STES
TEST_0901,OV
TEST_0902,SARC
TEST_0903,STES
TEST_0904,KIPAN
TEST_0905,STES
TEST_0906,LIHC
TEST_0907,UCEC
TEST_0908,STES
TEST_0909,COAD
TEST_0910,STES
TEST_0911,PCPG
TEST_0912,HNSC
TEST_0913,STES
TEST_0914,STES
TEST_0915,COAD
TEST_0916,OV
TEST_0917,DLBC
TEST_0918,ACC
TEST_0919,CESC
TEST_0920,PRAD
TEST_0921,KIPAN
TEST_0922,STES
TEST_0923,KIPAN
TEST_0924,SARC
TEST_0925,SARC
TEST_0926,COAD
TEST_0927,BRCA
TEST_0928,COAD
TEST_0929,KIPAN
TEST_0930,DLBC
TEST_0931,BRCA
TEST_0932,BRCA
TEST_0933,STES
TEST_0934,OV
TEST_0935,THCA
TEST_0936,STES
TEST_0937,STES
TEST_0938,LGG
TEST_0939,COAD
TEST_0940,PRAD
TEST_0941,COAD
TEST_0942,THYM
TEST_0943,UCEC
TEST_0944,OV
TEST_0945,STES
TEST_0946,KIPAN
TEST_0947,LGG
TEST_0948,KIPAN
TEST_0949,COAD
TEST_0950,KIPAN
TEST_0951,LGG
TEST_0952,COAD
TEST_0953,ACC
TEST_0954,LAML
TEST_0955,UCEC
TEST_0956,UCEC
TEST_0957,SKCM
TEST_0958,OV
TEST_0959,COAD
TEST_0960,KIPAN
TEST_0961,HNSC
TEST_0962,STES
TEST_0963,LUAD
TEST_0964,PAAD
TEST_0965,ACC
TEST_0966,STES
TEST_0967,UCEC
TEST_0968,COAD
TEST_0969,COAD
TEST_0970,COAD
TEST_0971,TGCT
TEST_0972,COAD
TEST_0973,TGCT
TEST_0974,SARC
TEST_0975,LGG
TEST_0976,LGG
TEST_0977,COAD
TEST_0978,OV
TEST_0979,THYM
TEST_0980,HNSC
TEST_0981,BRCA
TEST_0982,SARC
TEST_0983,KIPAN
TEST_0984,CESC
TEST_0985,COAD
TEST_0986,UCEC
TEST_0987,LGG
TEST_0988,PCPG
TEST_0989,LUAD
TEST_0990,CESC
TEST_0991,HNSC
TEST_0992,GBMLGG
TEST_0993,UCEC
TEST_0994,CESC
TEST_0995,DLBC
TEST_0996,STES
TEST_0997,BRCA
TEST_0998,BRCA
TEST_0999,UCEC
TEST_1000,SKCM
TEST_1001,COAD
TEST_1002,BRCA
TEST_1003,STES
TEST_1004,KIPAN
TEST_1005,LIHC
TEST_1006,COAD
TEST_1007,STES
TEST_1008,BRCA
TEST_1009,PAAD
TEST_1010,STES
TEST_1011,HNSC
TEST_1012,PRAD
TEST_1013,KIRC
TEST_1014,COAD
TEST_1015,SARC
TEST_1016,PCPG
TEST_1017,SKCM
TEST_1018,BRCA
TEST_1019,COAD
TEST_1020,BRCA
TEST_1021,KIPAN
TEST_1022,PCPG
TEST_1023,THYM
TEST_1024,STES
TEST_1025,HNSC
TEST_1026,LAML
TEST_1027,COAD
TEST_1028,BRCA
TEST_1029,TGCT
TEST_1030,LGG
TEST_1031,STES
TEST_1032,PRAD
TEST_1033,LIHC
TEST_1034,LAML
TEST_1035,KIPAN
TEST_1036,LUAD
TEST_1037,LGG
TEST_1038,BRCA
TEST_1039,LUSC
TEST_1040,STES
TEST_1041,COAD
TEST_1042,PRAD
TEST_1043,CESC
TEST_1044,LUSC
TEST_1045,BLCA
TEST_1046,KIRC
TEST_1047,PAAD
TEST_1048,BRCA
TEST_1049,COAD
TEST_1050,STES
TEST_1051,LUSC
TEST_1052,STES
TEST_1053,ACC
TEST_1054,COAD
TEST_1055,THYM
TEST_1056,BRCA
TEST_1057,ACC
TEST_1058,CESC
TEST_1059,OV
TEST_1060,COAD
TEST_1061,PCPG
TEST_1062,COAD
TEST_1063,STES
TEST_1064,STES
TEST_1065,PCPG
TEST_1066,KIPAN
TEST_1067,OV
TEST_1068,KIPAN
TEST_1069,STES
TEST_1070,ACC
TEST_1071,KIRC
TEST_1072,KIPAN
TEST_1073,COAD
TEST_1074,UCEC
TEST_1075,SKCM
TEST_1076,CESC
TEST_1077,LIHC
TEST_1078,THYM
TEST_1079,COAD
TEST_1080,STES
TEST_1081,SKCM
TEST_1082,SARC
TEST_1083,OV
TEST_1084,GBMLGG
TEST_1085,PRAD
TEST_1086,STES
TEST_1087,CESC
TEST_1088,UCEC
TEST_1089,PCPG
TEST_1090,LGG
TEST_1091,CESC
TEST_1092,TGCT
TEST_1093,THYM
TEST_1094,LIHC
TEST_1095,KIPAN
TEST_1096,HNSC
TEST_1097,COAD
TEST_1098,PAAD
TEST_1099,GBMLGG
TEST_1100,STES
TEST_1101,ACC
TEST_1102,PRAD
TEST_1103,STES
TEST_1104,BRCA
TEST_1105,COAD
TEST_1106,THCA
TEST_1107,GBMLGG
TEST_1108,BRCA
TEST_1109,BRCA
TEST_1110,PCPG
TEST_1111,BRCA
TEST_1112,LGG
TEST_1113,KIRC
TEST_1114,SARC
TEST_1115,OV
TEST_1116,LGG
TEST_1117,OV
TEST_1118,LAML
TEST_1119,STES
TEST_1120,COAD
TEST_1121,TGCT
TEST_1122,KIPAN
TEST_1123,STES
TEST_1124,STES
TEST_1125,ACC
TEST_1126,UCEC
TEST_1127,KIRC
TEST_1128,STES
TEST_1129,COAD
TEST_1130,GBMLGG
TEST_1131,STES
TEST_1132,KIPAN
TEST_1133,LUSC
TEST_1134,OV
TEST_1135,STES
TEST_1136,GBMLGG
TEST_1137,STES
TEST_1138,DLBC
TEST_1139,PCPG
TEST_1140,KIRC
TEST_1141,STES
TEST_1142,COAD
TEST_1143,HNSC
TEST_1144,COAD
TEST_1145,SKCM
TEST_1146,STES
TEST_1147,COAD
TEST_1148,COAD
TEST_1149,STES
TEST_1150,OV
TEST_1151,COAD
TEST_1152,LUSC
TEST_1153,STES
TEST_1154,STES
TEST_1155,GBMLGG
TEST_1156,COAD
TEST_1157,BLCA
TEST_1158,STES
TEST_1159,COAD
TEST_1160,GBMLGG
TEST_1161,COAD
TEST_1162,UCEC
TEST_1163,SKCM
TEST_1164,STES
TEST_1165,STES
TEST_1166,COAD
TEST_1167,BRCA
TEST_1168,TGCT
TEST_1169,KIPAN
TEST_1170,KIPAN
TEST_1171,BRCA
TEST_1172,STES
TEST_1173,STES
TEST_1174,BRCA
TEST_1175,UCEC
TEST_1176,CESC
TEST_1177,LGG
TEST_1178,STES
TEST_1179,SKCM
TEST_1180,LGG
TEST_1181,KIRC
TEST_1182,COAD
TEST_1183,PRAD
TEST_1184,TGCT
TEST_1185,KIPAN
TEST_1186,COAD
TEST_1187,COAD
TEST_1188,HNSC
TEST_1189,KIPAN
TEST_1190,SKCM
TEST_1191,THCA
TEST_1192,TGCT
TEST_1193,COAD
TEST_1194,UCEC
TEST_1195,STES
TEST_1196,GBMLGG
TEST_1197,THCA
TEST_1198,COAD
TEST_1199,TGCT
TEST_1200,OV
TEST_1201,BRCA
TEST_1202,KIRC
TEST_1203,BRCA
TEST_1204,KIRC
TEST_1205,GBMLGG
TEST_1206,COAD
TEST_1207,GBMLGG
TEST_1208,CESC
TEST_1209,STES
TEST_1210,BRCA
TEST_1211,SKCM
TEST_1212,CESC
TEST_1213,BRCA
TEST_1214,COAD
TEST_1215,GBMLGG
TEST_1216,LUAD
TEST_1217,STES
TEST_1218,STES
TEST_1219,TGCT
TEST_1220,LUAD
TEST_1221,KIPAN
TEST_1222,UCEC
TEST_1223,COAD
TEST_1224,STES
TEST_1225,ACC
TEST_1226,UCEC
TEST_1227,TGCT
TEST_1228,BRCA
TEST_1229,TGCT
TEST_1230,LGG
TEST_1231,COAD
TEST_1232,KIRC
TEST_1233,STES
TEST_1234,TGCT
TEST_1235,LGG
TEST_1236,STES
TEST_1237,THYM
TEST_1238,KIPAN
TEST_1239,PCPG
TEST_1240,LUSC
TEST_1241,PCPG
TEST_1242,BRCA
TEST_1243,KIRC
TEST_1244,KIPAN
TEST_1245,STES
TEST_1246,PCPG
TEST_1247,LUAD
TEST_1248,SARC
TEST_1249,THYM
TEST_1250,COAD
TEST_1251,COAD
TEST_1252,KIRC
TEST_1253,STES
TEST_1254,COAD
TEST_1255,STES
TEST_1256,CESC
TEST_1257,PRAD
TEST_1258,BRCA
TEST_1259,LIHC
TEST_1260,LUSC
TEST_1261,LGG
TEST_1262,LUSC
TEST_1263,THCA
TEST_1264,BRCA
TEST_1265,UCEC
TEST_1266,OV
TEST_1267,THYM
TEST_1268,BRCA
TEST_1269,BRCA
TEST_1270,COAD
TEST_1271,COAD
TEST_1272,DLBC
TEST_1273,SARC
TEST_1274,COAD
TEST_1275,HNSC
TEST_1276,STES
TEST_1277,LUSC
TEST_1278,TGCT
TEST_1279,PRAD
TEST_1280,STES
TEST_1281,PCPG
TEST_1282,GBMLGG
TEST_1283,LIHC
TEST_1284,COAD
TEST_1285,SARC
TEST_1286,GBMLGG
TEST_1287,THYM
TEST_1288,STES
TEST_1289,STES
TEST_1290,PRAD
TEST_1291,STES
TEST_1292,STES
TEST_1293,GBMLGG
TEST_1294,PCPG
TEST_1295,PRAD
TEST_1296,CESC
TEST_1297,LUSC
TEST_1298,STES
TEST_1299,STES
TEST_1300,COAD
TEST_1301,KIPAN
TEST_1302,BLCA
TEST_1303,LUSC
TEST_1304,STES
TEST_1305,LGG
TEST_1306,COAD
TEST_1307,STES
TEST_1308,BLCA
TEST_1309,PAAD
TEST_1310,COAD
TEST_1311,SARC
TEST_1312,BRCA
TEST_1313,COAD
TEST_1314,BRCA
TEST_1315,STES
TEST_1316,COAD
TEST_1317,CESC
TEST_1318,CESC
TEST_1319,HNSC
TEST_1320,BRCA
TEST_1321,TGCT
TEST_1322,OV
TEST_1323,BRCA
TEST_1324,STES
TEST_1325,STES
TEST_1326,CESC
TEST_1327,SARC
TEST_1328,SKCM
TEST_1329,SARC
TEST_1330,BRCA
TEST_1331,THYM
TEST_1332,KIRC
TEST_1333,LUSC
TEST_1334,OV
TEST_1335,OV
TEST_1336,COAD
TEST_1337,STES
TEST_1338,THYM
TEST_1339,COAD
TEST_1340,PCPG
TEST_1341,STES
TEST_1342,STES
TEST_1343,HNSC
TEST_1344,KIRC
TEST_1345,BRCA
TEST_1346,KIPAN
TEST_1347,PRAD
TEST_1348,LAML
TEST_1349,TGCT
TEST_1350,COAD
TEST_1351,STES
TEST_1352,STES
TEST_1353,LUSC
TEST_1354,KIPAN
TEST_1355,TGCT
TEST_1356,HNSC
TEST_1357,BRCA
TEST_1358,OV
TEST_1359,ACC
TEST_1360,KIPAN
TEST_1361,UCEC
TEST_1362,BRCA
TEST_1363,STES
TEST_1364,TGCT
TEST_1365,LGG
TEST_1366,SKCM
TEST_1367,HNSC
TEST_1368,KIPAN
TEST_1369,OV
TEST_1370,STES
TEST_1371,GBMLGG
TEST_1372,COAD
TEST_1373,STES
TEST_1374,STES
TEST_1375,HNSC
TEST_1376,CESC
TEST_1377,THYM
TEST_1378,TGCT
TEST_1379,COAD
TEST_1380,KIRC
TEST_1381,COAD
TEST_1382,STES
TEST_1383,LGG
TEST_1384,THCA
TEST_1385,STES
TEST_1386,COAD
TEST_1387,TGCT
TEST_1388,THCA
TEST_1389,LUSC
TEST_1390,LAML
TEST_1391,THCA
TEST_1392,SKCM
TEST_1393,KIPAN
TEST_1394,LGG
TEST_1395,LGG
TEST_1396,LUSC
TEST_1397,LGG
TEST_1398,LUSC
TEST_1399,LGG
TEST_1400,KIPAN
TEST_1401,STES
TEST_1402,STES
TEST_1403,LIHC
TEST_1404,SKCM
TEST_1405,DLBC
TEST_1406,COAD
TEST_1407,BRCA
TEST_1408,KIRC
TEST_1409,STES
TEST_1410,KIRC
TEST_1411,LGG
TEST_1412,KIPAN
TEST_1413,KIPAN
TEST_1414,STES
TEST_1415,STES
TEST_1416,STES
TEST_1417,COAD
TEST_1418,SARC
TEST_1419,LIHC
TEST_1420,COAD
TEST_1421,LGG
TEST_1422,DLBC
TEST_1423,BRCA
TEST_1424,GBMLGG
TEST_1425,CESC
TEST_1426,KIRC
TEST_1427,COAD
TEST_1428,SARC
TEST_1429,COAD
TEST_1430,BLCA
TEST_1431,COAD
TEST_1432,UCEC
TEST_1433,OV
TEST_1434,BLCA
TEST_1435,PRAD
TEST_1436,BRCA
TEST_1437,LAML
TEST_1438,SKCM
TEST_1439,COAD
TEST_1440,LUAD
TEST_1441,UCEC
TEST_1442,BRCA
TEST_1443,UCEC
TEST_1444,TGCT
TEST_1445,COAD
TEST_1446,CESC
TEST_1447,THCA
TEST_1448,DLBC
TEST_1449,COAD
TEST_1450,KIPAN
TEST_1451,COAD
TEST_1452,CESC
TEST_1453,UCEC
TEST_1454,UCEC
TEST_1455,KIPAN
TEST_1456,COAD
TEST_1457,OV
TEST_1458,STES
TEST_1459,STES
TEST_1460,LGG
TEST_1461,STES
TEST_1462,SKCM
TEST_1463,STES
TEST_1464,OV
TEST_1465,PRAD
TEST_1466,BRCA
TEST_1467,LGG
TEST_1468,KIPAN
TEST_1469,UCEC
TEST_1470,STES
TEST_1471,COAD
TEST_1472,LIHC
TEST_1473,COAD
TEST_1474,COAD
TEST_1475,THCA
TEST_1476,OV
TEST_1477,COAD
TEST_1478,LUAD
TEST_1479,THYM
TEST_1480,SKCM
TEST_1481,STES
TEST_1482,COAD
TEST_1483,COAD
TEST_1484,CESC
TEST_1485,BRCA
TEST_1486,OV
TEST_1487,THCA
TEST_1488,COAD
TEST_1489,COAD
TEST_1490,LAML
TEST_1491,PAAD
TEST_1492,PRAD
TEST_1493,STES
TEST_1494,LUAD
TEST_1495,STES
TEST_1496,LAML
TEST_1497,PAAD
TEST_1498,STES
TEST_1499,GBMLGG
TEST_1500,PRAD
TEST_1501,LUSC
TEST_1502,KIPAN
TEST_1503,CESC
TEST_1504,LGG
TEST_1505,COAD
TEST_1506,COAD
TEST_1507,SARC
TEST_1508,STES
TEST_1509,GBMLGG
TEST_1510,COAD
TEST_1511,COAD
TEST_1512,GBMLGG
TEST_1513,COAD
TEST_1514,STES
TEST_1515,LUAD
TEST_1516,KIPAN
TEST_1517,SARC
TEST_1518,KIPAN
TEST_1519,STES
TEST_1520,PCPG
TEST_1521,KIPAN
TEST_1522,COAD
TEST_1523,BRCA
TEST_1524,OV
TEST_1525,STES
TEST_1526,ACC
TEST_1527,THCA
TEST_1528,GBMLGG
TEST_1529,LUSC
TEST_1530,KIPAN
TEST_1531,CESC
TEST_1532,PCPG
TEST_1533,CESC
TEST_1534,BRCA
TEST_1535,STES
TEST_1536,PRAD
TEST_1537,COAD
TEST_1538,CESC
TEST_1539,KIRC
TEST_1540,STES
TEST_1541,STES
TEST_1542,THYM
TEST_1543,COAD
TEST_1544,LUSC
TEST_1545,KIRC
TEST_1546,HNSC
TEST_1547,STES
TEST_1548,STES
TEST_1549,LUAD
TEST_1550,HNSC
TEST_1551,COAD
TEST_1552,GBMLGG
TEST_1553,STES
TEST_1554,KIRC
TEST_1555,THYM
TEST_1556,UCEC
TEST_1557,KIPAN
TEST_1558,THCA
TEST_1559,STES
TEST_1560,THYM
TEST_1561,PRAD
TEST_1562,KIPAN
TEST_1563,COAD
TEST_1564,STES
TEST_1565,KIRC
TEST_1566,THCA
TEST_1567,THYM
TEST_1568,BRCA
TEST_1569,STES
TEST_1570,HNSC
TEST_1571,LAML
TEST_1572,LGG
TEST_1573,STES
TEST_1574,PRAD
TEST_1575,KIRC
TEST_1576,COAD
TEST_1577,CESC
TEST_1578,KIPAN
TEST_1579,SARC
TEST_1580,KIRC
TEST_1581,KIRC
TEST_1582,COAD
TEST_1583,COAD
TEST_1584,BRCA
TEST_1585,PCPG
TEST_1586,STES
TEST_1587,BRCA
TEST_1588,GBMLGG
TEST_1589,STES
TEST_1590,LUAD
TEST_1591,COAD
TEST_1592,LAML
TEST_1593,STES
TEST_1594,ACC
TEST_1595,PAAD
TEST_1596,COAD
TEST_1597,CESC
TEST_1598,SKCM
TEST_1599,UCEC
TEST_1600,OV
TEST_1601,COAD
TEST_1602,CESC
TEST_1603,HNSC
TEST_1604,COAD
TEST_1605,HNSC
TEST_1606,BLCA
TEST_1607,COAD
TEST_1608,COAD
TEST_1609,SARC
TEST_1610,KIPAN
TEST_1611,STES
TEST_1612,STES
TEST_1613,LGG
TEST_1614,BRCA
TEST_1615,STES
TEST_1616,PAAD
TEST_1617,LUAD
TEST_1618,UCEC
TEST_1619,STES
TEST_1620,STES
TEST_1621,COAD
TEST_1622,THYM
TEST_1623,COAD
TEST_1624,UCEC
TEST_1625,SARC
TEST_1626,SARC
TEST_1627,STES
TEST_1628,BRCA
TEST_1629,LUSC
TEST_1630,THYM
TEST_1631,UCEC
TEST_1632,GBMLGG
TEST_1633,STES
TEST_1634,THYM
TEST_1635,OV
TEST_1636,COAD
TEST_1637,KIPAN
TEST_1638,PAAD
TEST_1639,PCPG
TEST_1640,LGG
TEST_1641,OV
TEST_1642,COAD
TEST_1643,UCEC
TEST_1644,COAD
TEST_1645,LUSC
TEST_1646,PRAD
TEST_1647,COAD
TEST_1648,PAAD
TEST_1649,UCEC
TEST_1650,STES
TEST_1651,STES
TEST_1652,STES
TEST_1653,KIPAN
TEST_1654,COAD
TEST_1655,COAD
TEST_1656,PRAD
TEST_1657,GBMLGG
TEST_1658,PRAD
TEST_1659,COAD
TEST_1660,UCEC
TEST_1661,LIHC
TEST_1662,OV
TEST_1663,GBMLGG
TEST_1664,SKCM
TEST_1665,KIPAN
TEST_1666,BRCA
TEST_1667,STES
TEST_1668,CESC
TEST_1669,STES
TEST_1670,COAD
TEST_1671,BRCA
TEST_1672,STES
TEST_1673,STES
TEST_1674,COAD
TEST_1675,LGG
TEST_1676,STES
TEST_1677,TGCT
TEST_1678,LUSC
TEST_1679,LIHC
TEST_1680,BRCA
TEST_1681,KIPAN
TEST_1682,STES
TEST_1683,COAD
TEST_1684,LGG
TEST_1685,CESC
TEST_1686,TGCT
TEST_1687,COAD
TEST_1688,UCEC
TEST_1689,STES
TEST_1690,THYM
TEST_1691,STES
TEST_1692,THCA
TEST_1693,GBMLGG
TEST_1694,COAD
TEST_1695,BRCA
TEST_1696,BRCA
TEST_1697,PRAD
TEST_1698,OV
TEST_1699,CESC
TEST_1700,GBMLGG
TEST_1701,PCPG
TEST_1702,LGG
TEST_1703,STES
TEST_1704,KIRC
TEST_1705,STES
TEST_1706,BRCA
TEST_1707,GBMLGG
TEST_1708,PRAD
TEST_1709,BRCA
TEST_1710,STES
TEST_1711,BRCA
TEST_1712,OV
TEST_1713,BRCA
TEST_1714,COAD
TEST_1715,KIRC
TEST_1716,BLCA
TEST_1717,STES
TEST_1718,COAD
TEST_1719,LIHC
TEST_1720,COAD
TEST_1721,LUAD
TEST_1722,ACC
TEST_1723,BRCA
TEST_1724,COAD
TEST_1725,STES
TEST_1726,STES
TEST_1727,BRCA
TEST_1728,THCA
TEST_1729,LGG
TEST_1730,STES
TEST_1731,KIPAN
TEST_1732,OV
TEST_1733,BRCA
TEST_1734,HNSC
TEST_1735,OV
TEST_1736,PCPG
TEST_1737,STES
TEST_1738,CESC
TEST_1739,STES
TEST_1740,BRCA
TEST_1741,LAML
TEST_1742,LUSC
TEST_1743,STES
TEST_1744,OV
TEST_1745,BRCA
TEST_1746,COAD
TEST_1747,SARC
TEST_1748,THCA
TEST_1749,GBMLGG
TEST_1750,TGCT
TEST_1751,STES
TEST_1752,COAD
TEST_1753,LGG
TEST_1754,LGG
TEST_1755,PCPG
TEST_1756,PCPG
TEST_1757,GBMLGG
TEST_1758,THCA
TEST_1759,TGCT
TEST_1760,SARC
TEST_1761,KIRC
TEST_1762,COAD
TEST_1763,OV
TEST_1764,COAD
TEST_1765,UCEC
TEST_1766,COAD
TEST_1767,UCEC
TEST_1768,BRCA
TEST_1769,BRCA
TEST_1770,THYM
TEST_1771,COAD
TEST_1772,BRCA
TEST_1773,STES
TEST_1774,SKCM
TEST_1775,OV
TEST_1776,LIHC
TEST_1777,OV
TEST_1778,OV
TEST_1779,PRAD
TEST_1780,TGCT
TEST_1781,HNSC
TEST_1782,LUSC
TEST_1783,LIHC
TEST_1784,PRAD
TEST_1785,THYM
TEST_1786,STES
TEST_1787,UCEC
TEST_1788,ACC
TEST_1789,STES
TEST_1790,STES
TEST_1791,THYM
TEST_1792,UCEC
TEST_1793,KIPAN
TEST_1794,SKCM
TEST_1795,SKCM
TEST_1796,PAAD
TEST_1797,STES
TEST_1798,STES
TEST_1799,COAD
TEST_1800,STES
TEST_1801,BRCA
TEST_1802,LAML
TEST_1803,COAD
TEST_1804,LAML
TEST_1805,BRCA
TEST_1806,KIPAN
TEST_1807,PRAD
TEST_1808,LAML
TEST_1809,STES
TEST_1810,THYM
TEST_1811,LUAD
TEST_1812,KIPAN
TEST_1813,OV
TEST_1814,STES
TEST_1815,COAD
TEST_1816,TGCT
TEST_1817,LUAD
TEST_1818,CESC
TEST_1819,ACC
TEST_1820,UCEC
TEST_1821,LGG
TEST_1822,PAAD
TEST_1823,STES
TEST_1824,COAD
TEST_1825,UCEC
TEST_1826,STES
TEST_1827,PRAD
TEST_1828,TGCT
TEST_1829,STES
TEST_1830,PCPG
TEST_1831,HNSC
TEST_1832,THYM
TEST_1833,KIRC
TEST_1834,SARC
TEST_1835,CESC
TEST_1836,LUAD
TEST_1837,COAD
TEST_1838,STES
TEST_1839,COAD
TEST_1840,PCPG
TEST_1841,HNSC
TEST_1842,STES
TEST_1843,TGCT
TEST_1844,STES
TEST_1845,CESC
TEST_1846,TGCT
TEST_1847,LGG
TEST_1848,KIPAN
TEST_1849,GBMLGG
TEST_1850,STES
TEST_1851,LAML
TEST_1852,STES
TEST_1853,THCA
TEST_1854,STES
TEST_1855,KIPAN
TEST_1856,THCA
TEST_1857,LIHC
TEST_1858,PRAD
TEST_1859,HNSC
TEST_1860,STES
TEST_1861,STES
TEST_1862,STES
TEST_1863,SKCM
TEST_1864,LUSC
TEST_1865,PRAD
TEST_1866,THYM
TEST_1867,COAD
TEST_1868,OV
TEST_1869,UCEC
TEST_1870,COAD
TEST_1871,KIPAN
TEST_1872,STES
TEST_1873,LUAD
TEST_1874,CESC
TEST_1875,LGG
TEST_1876,STES
TEST_1877,OV
TEST_1878,COAD
TEST_1879,KIRC
TEST_1880,OV
TEST_1881,PRAD
TEST_1882,KIPAN
TEST_1883,KIRC
TEST_1884,THYM
TEST_1885,LAML
TEST_1886,KIPAN
TEST_1887,STES
TEST_1888,COAD
TEST_1889,STES
TEST_1890,COAD
TEST_1891,GBMLGG
TEST_1892,GBMLGG
TEST_1893,CESC
TEST_1894,SARC
TEST_1895,SARC
TEST_1896,KIRC
TEST_1897,STES
TEST_1898,GBMLGG
TEST_1899,OV
TEST_1900,BLCA
TEST_1901,COAD
TEST_1902,OV
TEST_1903,STES
TEST_1904,KIPAN
TEST_1905,SARC
TEST_1906,UCEC
TEST_1907,CESC
TEST_1908,STES
TEST_1909,LGG
TEST_1910,LGG
TEST_1911,BRCA
TEST_1912,LIHC
TEST_1913,GBMLGG
TEST_1914,COAD
TEST_1915,STES
TEST_1916,COAD
TEST_1917,KIPAN
TEST_1918,KIPAN
TEST_1919,PRAD
TEST_1920,ACC
TEST_1921,COAD
TEST_1922,UCEC
TEST_1923,STES
TEST_1924,LUAD
TEST_1925,UCEC
TEST_1926,PCPG
TEST_1927,COAD
TEST_1928,STES
TEST_1929,LGG
TEST_1930,TGCT
TEST_1931,LGG
TEST_1932,GBMLGG
TEST_1933,PRAD
TEST_1934,COAD
TEST_1935,LUSC
TEST_1936,LGG
TEST_1937,DLBC
TEST_1938,COAD
TEST_1939,LUAD
TEST_1940,TGCT
TEST_1941,BRCA
TEST_1942,COAD
TEST_1943,PCPG
TEST_1944,BRCA
TEST_1945,STES
TEST_1946,BRCA
TEST_1947,SKCM
TEST_1948,PCPG
TEST_1949,CESC
TEST_1950,BRCA
TEST_1951,HNSC
TEST_1952,KIPAN
TEST_1953,SKCM
TEST_1954,COAD
TEST_1955,PRAD
TEST_1956,ACC
TEST_1957,LUSC
TEST_1958,COAD
TEST_1959,HNSC
TEST_1960,KIRC
TEST_1961,TGCT
TEST_1962,OV
TEST_1963,COAD
TEST_1964,STES
TEST_1965,THYM
TEST_1966,UCEC
TEST_1967,COAD
TEST_1968,DLBC
TEST_1969,LIHC
TEST_1970,UCEC
TEST_1971,CESC
TEST_1972,STES
TEST_1973,KIPAN
TEST_1974,KIPAN
TEST_1975,BRCA
TEST_1976,PCPG
TEST_1977,PRAD
TEST_1978,PRAD
TEST_1979,LAML
TEST_1980,CESC
TEST_1981,ACC
TEST_1982,LUAD
TEST_1983,KIRC
TEST_1984,HNSC
TEST_1985,BRCA
TEST_1986,CESC
TEST_1987,STES
TEST_1988,COAD
TEST_1989,KIPAN
TEST_1990,SARC
TEST_1991,COAD
TEST_1992,SARC
TEST_1993,BRCA
TEST_1994,HNSC
TEST_1995,COAD
TEST_1996,COAD
TEST_1997,THCA
TEST_1998,CESC
TEST_1999,STES
TEST_2000,COAD
TEST_2001,LIHC
TEST_2002,BRCA
TEST_2003,OV
TEST_2004,COAD
TEST_2005,BRCA
TEST_2006,BRCA
TEST_2007,SARC
TEST_2008,BRCA
TEST_2009,BRCA
TEST_2010,PRAD
TEST_2011,LUSC
TEST_2012,KIRC
TEST_2013,ACC
TEST_2014,KIPAN
TEST_2015,PRAD
TEST_2016,UCEC
TEST_2017,PCPG
TEST_2018,STES
TEST_2019,COAD
TEST_2020,COAD
TEST_2021,HNSC
TEST_2022,KIRC
TEST_2023,CESC
TEST_2024,KIRC
TEST_2025,COAD
TEST_2026,STES
TEST_2027,LAML
TEST_2028,STES
TEST_2029,KIPAN
TEST_2030,KIRC
TEST_2031,BLCA
TEST_2032,SARC
TEST_2033,COAD
TEST_2034,COAD
TEST_2035,PRAD
TEST_2036,STES
TEST_2037,COAD
TEST_2038,BLCA
TEST_2039,HNSC
TEST_2040,STES
TEST_2041,KIRC
TEST_2042,CESC
TEST_2043,STES
TEST_2044,LUAD
TEST_2045,HNSC
TEST_2046,THYM
TEST_2047,PAAD
TEST_2048,SKCM
TEST_2049,THCA
TEST_2050,OV
TEST_2051,STES
TEST_2052,STES
TEST_2053,KIPAN
TEST_2054,STES
TEST_2055,THCA
TEST_2056,KIRC
TEST_2057,CESC
TEST_2058,STES
TEST_2059,THYM
TEST_2060,COAD
TEST_2061,COAD
TEST_2062,COAD
TEST_2063,STES
TEST_2064,KIPAN
TEST_2065,KIPAN
TEST_2066,SARC
TEST_2067,LUSC
TEST_2068,COAD
TEST_2069,LAML
TEST_2070,COAD
TEST_2071,KIPAN
TEST_2072,TGCT
TEST_2073,SKCM
TEST_2074,THCA
TEST_2075,STES
TEST_2076,BRCA
TEST_2077,STES
TEST_2078,STES
TEST_2079,PAAD
TEST_2080,BRCA
TEST_2081,KIPAN
TEST_2082,PCPG
TEST_2083,THYM
TEST_2084,LIHC
TEST_2085,COAD
TEST_2086,KIRC
TEST_2087,STES
TEST_2088,COAD
TEST_2089,SARC
TEST_2090,COAD
TEST_2091,LAML
TEST_2092,LIHC
TEST_2093,KIPAN
TEST_2094,TGCT
TEST_2095,LAML
TEST_2096,LGG
TEST_2097,STES
TEST_2098,CESC
TEST_2099,CESC
TEST_2100,UCEC
TEST_2101,STES
TEST_2102,STES
TEST_2103,COAD
TEST_2104,STES
TEST_2105,STES
TEST_2106,KIPAN
TEST_2107,KIPAN
TEST_2108,COAD
TEST_2109,BRCA
TEST_2110,STES
TEST_2111,COAD
TEST_2112,BRCA
TEST_2113,KIPAN
TEST_2114,THYM
TEST_2115,PRAD
TEST_2116,BRCA
TEST_2117,PRAD
TEST_2118,THYM
TEST_2119,HNSC
TEST_2120,KIRC
TEST_2121,COAD
TEST_2122,STES
TEST_2123,COAD
TEST_2124,BLCA
TEST_2125,UCEC
TEST_2126,BRCA
TEST_2127,STES
TEST_2128,STES
TEST_2129,SARC
TEST_2130,COAD
TEST_2131,STES
TEST_2132,THYM
TEST_2133,COAD
TEST_2134,KIRC
TEST_2135,COAD
TEST_2136,STES
TEST_2137,SKCM
TEST_2138,COAD
TEST_2139,STES
TEST_2140,COAD
TEST_2141,STES
TEST_2142,STES
TEST_2143,LIHC
TEST_2144,HNSC
TEST_2145,COAD
TEST_2146,KIRC
TEST_2147,SARC
TEST_2148,COAD
TEST_2149,COAD
TEST_2150,LAML
TEST_2151,KIRC
TEST_2152,COAD
TEST_2153,THYM
TEST_2154,BRCA
TEST_2155,ACC
TEST_2156,OV
TEST_2157,BRCA
TEST_2158,ACC
TEST_2159,UCEC
TEST_2160,STES
TEST_2161,LUAD
TEST_2162,STES
TEST_2163,LGG
TEST_2164,SARC
TEST_2165,LGG
TEST_2166,SKCM
TEST_2167,LGG
TEST_2168,COAD
TEST_2169,STES
TEST_2170,STES
TEST_2171,COAD
TEST_2172,COAD
TEST_2173,SKCM
TEST_2174,CESC
TEST_2175,GBMLGG
TEST_2176,GBMLGG
TEST_2177,STES
TEST_2178,GBMLGG
TEST_2179,SARC
TEST_2180,COAD
TEST_2181,SKCM
TEST_2182,KIPAN
TEST_2183,BRCA
TEST_2184,BRCA
TEST_2185,TGCT
TEST_2186,STES
TEST_2187,COAD
TEST_2188,SARC
TEST_2189,STES
TEST_2190,THCA
TEST_2191,HNSC
TEST_2192,PRAD
TEST_2193,BRCA
TEST_2194,COAD
TEST_2195,STES
TEST_2196,STES
TEST_2197,COAD
TEST_2198,STES
TEST_2199,LUAD
TEST_2200,COAD
TEST_2201,SARC
TEST_2202,STES
TEST_2203,COAD
TEST_2204,BRCA
TEST_2205,PCPG
TEST_2206,STES
TEST_2207,LIHC
TEST_2208,COAD
TEST_2209,COAD
TEST_2210,KIPAN
TEST_2211,OV
TEST_2212,SARC
TEST_2213,PRAD
TEST_2214,UCEC
TEST_2215,DLBC
TEST_2216,BRCA
TEST_2217,UCEC
TEST_2218,LAML
TEST_2219,COAD
TEST_2220,CESC
TEST_2221,LGG
TEST_2222,TGCT
TEST_2223,CESC
TEST_2224,TGCT
TEST_2225,OV
TEST_2226,STES
TEST_2227,STES
TEST_2228,COAD
TEST_2229,STES
TEST_2230,BRCA
TEST_2231,COAD
TEST_2232,STES
TEST_2233,THCA
TEST_2234,STES
TEST_2235,LUSC
TEST_2236,CESC
TEST_2237,COAD
TEST_2238,GBMLGG
TEST_2239,PAAD
TEST_2240,OV
TEST_2241,GBMLGG
TEST_2242,COAD
TEST_2243,KIPAN
TEST_2244,COAD
TEST_2245,KIRC
TEST_2246,LIHC
TEST_2247,BRCA
TEST_2248,BRCA
TEST_2249,HNSC
TEST_2250,COAD
TEST_2251,PCPG
TEST_2252,LUAD
TEST_2253,COAD
TEST_2254,TGCT
TEST_2255,STES
TEST_2256,OV
TEST_2257,KIPAN
TEST_2258,PCPG
TEST_2259,COAD
TEST_2260,ACC
TEST_2261,CESC
TEST_2262,PCPG
TEST_2263,THCA
TEST_2264,UCEC
TEST_2265,LUSC
TEST_2266,STES
TEST_2267,CESC
TEST_2268,THCA
TEST_2269,COAD
TEST_2270,STES
TEST_2271,BRCA
TEST_2272,LIHC
TEST_2273,UCEC
TEST_2274,PCPG
TEST_2275,LUAD
TEST_2276,GBMLGG
TEST_2277,COAD
TEST_2278,ACC
TEST_2279,PRAD
TEST_2280,COAD
TEST_2281,PCPG
TEST_2282,STES
TEST_2283,STES
TEST_2284,TGCT
TEST_2285,COAD
TEST_2286,HNSC
TEST_2287,LIHC
TEST_2288,BRCA
TEST_2289,UCEC
TEST_2290,COAD
TEST_2291,DLBC
TEST_2292,PRAD
TEST_2293,SARC
TEST_2294,ACC
TEST_2295,OV
TEST_2296,COAD
TEST_2297,ACC
TEST_2298,COAD
TEST_2299,BLCA
TEST_2300,LUAD
TEST_2301,STES
TEST_2302,COAD
TEST_2303,KIPAN
TEST_2304,COAD
TEST_2305,STES
TEST_2306,UCEC
TEST_2307,LGG
TEST_2308,LGG
TEST_2309,BLCA
TEST_2310,HNSC
TEST_2311,SKCM
TEST_2312,SKCM
TEST_2313,KIPAN
TEST_2314,TGCT
TEST_2315,STES
TEST_2316,STES
TEST_2317,TGCT
TEST_2318,STES
TEST_2319,THCA
TEST_2320,CESC
TEST_2321,STES
TEST_2322,PRAD
TEST_2323,CESC
TEST_2324,KIPAN
TEST_2325,SARC
TEST_2326,PAAD
TEST_2327,STES
TEST_2328,KIPAN
TEST_2329,STES
TEST_2330,STES
TEST_2331,STES
TEST_2332,STES
TEST_2333,KIPAN
TEST_2334,PCPG
TEST_2335,BRCA
TEST_2336,COAD
TEST_2337,KIPAN
TEST_2338,STES
TEST_2339,STES
TEST_2340,THYM
TEST_2341,BRCA
TEST_2342,COAD
TEST_2343,LUSC
TEST_2344,KIRC
TEST_2345,STES
TEST_2346,BRCA
TEST_2347,STES
TEST_2348,SKCM
TEST_2349,KIPAN
TEST_2350,STES
TEST_2351,LGG
TEST_2352,ACC
TEST_2353,OV
TEST_2354,COAD
TEST_2355,CESC
TEST_2356,PCPG
TEST_2357,STES
TEST_2358,CESC
TEST_2359,BRCA
TEST_2360,STES
TEST_2361,STES
TEST_2362,STES
TEST_2363,PRAD
TEST_2364,COAD
TEST_2365,COAD
TEST_2366,LIHC
TEST_2367,CESC
TEST_2368,COAD
TEST_2369,STES
TEST_2370,STES
TEST_2371,STES
TEST_2372,BRCA
TEST_2373,KIPAN
TEST_2374,OV
TEST_2375,OV
TEST_2376,COAD
TEST_2377,COAD
TEST_2378,PRAD
TEST_2379,BRCA
TEST_2380,STES
TEST_2381,BRCA
TEST_2382,OV
TEST_2383,LAML
TEST_2384,ACC
TEST_2385,PRAD
TEST_2386,COAD
TEST_2387,COAD
TEST_2388,STES
TEST_2389,CESC
TEST_2390,TGCT
TEST_2391,HNSC
TEST_2392,OV
TEST_2393,PRAD
TEST_2394,PCPG
TEST_2395,SARC
TEST_2396,SKCM
TEST_2397,STES
TEST_2398,COAD
TEST_2399,KIPAN
TEST_2400,COAD
TEST_2401,COAD
TEST_2402,BRCA
TEST_2403,STES
TEST_2404,PCPG
TEST_2405,KIPAN
TEST_2406,THCA
TEST_2407,COAD
TEST_2408,LUSC
TEST_2409,COAD
TEST_2410,PRAD
TEST_2411,KIRC
TEST_2412,THYM
TEST_2413,STES
TEST_2414,BRCA
TEST_2415,COAD
TEST_2416,STES
TEST_2417,COAD
TEST_2418,CESC
TEST_2419,COAD
TEST_2420,COAD
TEST_2421,COAD
TEST_2422,LGG
TEST_2423,OV
TEST_2424,CESC
TEST_2425,BLCA
TEST_2426,LUSC
TEST_2427,STES
TEST_2428,COAD
TEST_2429,ACC
TEST_2430,COAD
TEST_2431,PRAD
TEST_2432,DLBC
TEST_2433,STES
TEST_2434,PRAD
TEST_2435,COAD
TEST_2436,LIHC
TEST_2437,COAD
TEST_2438,ACC
TEST_2439,STES
TEST_2440,COAD
TEST_2441,STES
TEST_2442,THCA
TEST_2443,LGG
TEST_2444,STES
TEST_2445,STES
TEST_2446,SKCM
TEST_2447,BRCA
TEST_2448,COAD
TEST_2449,COAD
TEST_2450,LIHC
TEST_2451,LIHC
TEST_2452,PRAD
TEST_2453,OV
TEST_2454,COAD
TEST_2455,STES
TEST_2456,HNSC
TEST_2457,BRCA
TEST_2458,PCPG
TEST_2459,KIRC
TEST_2460,STES
TEST_2461,UCEC
TEST_2462,COAD
TEST_2463,ACC
TEST_2464,PRAD
TEST_2465,LIHC
TEST_2466,COAD
TEST_2467,LUSC
TEST_2468,UCEC
TEST_2469,BRCA
TEST_2470,COAD
TEST_2471,UCEC
TEST_2472,OV
TEST_2473,COAD
TEST_2474,LUSC
TEST_2475,COAD
TEST_2476,COAD
TEST_2477,STES
TEST_2478,TGCT
TEST_2479,UCEC
TEST_2480,CESC
TEST_2481,THYM
TEST_2482,LIHC
TEST_2483,THCA
TEST_2484,LUAD
TEST_2485,BLCA
TEST_2486,COAD
TEST_2487,SARC
TEST_2488,HNSC
TEST_2489,LIHC
TEST_2490,LUSC
TEST_2491,COAD
TEST_2492,PRAD
TEST_2493,STES
TEST_2494,BRCA
TEST_2495,PRAD
TEST_2496,LIHC
TEST_2497,OV
TEST_2498,BRCA
TEST_2499,STES
TEST_2500,BLCA
TEST_2501,KIRC
TEST_2502,KIPAN
TEST_2503,HNSC
TEST_2504,THYM
TEST_2505,CESC
TEST_2506,BRCA
TEST_2507,GBMLGG
TEST_2508,KIRC
TEST_2509,OV
TEST_2510,HNSC
TEST_2511,OV
TEST_2512,PCPG
TEST_2513,THCA
TEST_2514,COAD
TEST_2515,LGG
TEST_2516,COAD
TEST_2517,CESC
TEST_2518,OV
TEST_2519,STES
TEST_2520,COAD
TEST_2521,GBMLGG
TEST_2522,UCEC
TEST_2523,COAD
TEST_2524,COAD
TEST_2525,COAD
TEST_2526,STES
TEST_2527,STES
TEST_2528,COAD
TEST_2529,CESC
TEST_2530,KIPAN
TEST_2531,HNSC
TEST_2532,PRAD
TEST_2533,PCPG
TEST_2534,UCEC
TEST_2535,OV
TEST_2536,STES
TEST_2537,LUSC
TEST_2538,BLCA
TEST_2539,KIRC
TEST_2540,KIPAN
TEST_2541,HNSC
TEST_2542,PAAD
TEST_2543,STES
TEST_2544,LAML
TEST_2545,LGG
