class,rank,feature,family,mean_abs_true_class_shap
ACC,1,gene__PLEC__native_v3_no_change_any,native_no_change,1.002698566019535
ACC,2,gene__SOWAHC__native_v3_no_change_any,native_no_change,0.9151135735213757
ACC,3,sample__native_v3_no_change_token_count,native_no_change,0.7121095836162568
ACC,4,gene__PTGIR__native_v3_no_change_any,native_no_change,0.2734642455354333
ACC,5,sample__native_v3_missense_token_count,native_missense,0.2563084471970797
ACC,6,gene__CMPK2__native_v3_no_change_any,native_no_change,0.21283169854432343
ACC,7,SOWAHC__mutated,gene_mutation_presence,0.17650423906743526
ACC,8,gene__SPRR3__native_v3_no_change_any,native_no_change,0.17533828830346465
ACC,9,gene__LRIG1__native_v3_missense_any,native_missense,0.17097563222050666
ACC,10,sample__native_v3_nonsense_token_count,native_nonsense,0.16656442191451787
ACC,11,gene__PGLS__native_v3_no_change_any,native_no_change,0.158191927568987
ACC,12,PLEC__mutated,gene_mutation_presence,0.15544304633513092
ACC,13,gene__KRT8__native_v3_missense_any,native_missense,0.12886429787613451
ACC,14,gene__TM7SF2__native_v3_no_change_any,native_no_change,0.12848371675936504
ACC,15,sample__mutated_gene_count,base_sample_aggregate,0.11227122470736503
ACC,16,sample__multi_variant_gene_count,base_sample_aggregate,0.10775694344192743
ACC,17,PTGIR__mutated,gene_mutation_presence,0.10122961277957074
ACC,18,gene__TP53__native_v3_missense_any,native_missense,0.10071937721222639
ACC,19,gene__PEX6__native_v3_no_change_any,native_no_change,0.0775520394789055
ACC,20,gene__ERCC2__native_v3_missense_any,native_missense,0.06910614805528895
BLCA,1,sample__total_variant_count,base_sample_aggregate,0.406404522061348
BLCA,2,sample__mutated_gene_count,base_sample_aggregate,0.34015641212463377
BLCA,3,sample__multi_variant_gene_count,base_sample_aggregate,0.2733738854527473
BLCA,4,sample__native_v3_missense_token_count,native_missense,0.15894918106496334
BLCA,5,gene__FGFR3__native_v3_missense_any,native_missense,0.14448285493999719
BLCA,6,KMT2D__mutated,gene_mutation_presence,0.12481405362486839
BLCA,7,ERCC2__mutated,gene_mutation_presence,0.09385559689253568
BLCA,8,gene__TP53__native_v3_missense_any,native_missense,0.08414449617266655
BLCA,9,sample__native_v3_no_change_token_count,native_no_change,0.08413822054862977
BLCA,10,gene__RXRA__native_v3_missense_any,native_missense,0.0819062428548932
BLCA,11,CDKN1A__mutated,gene_mutation_presence,0.07622415209189057
BLCA,12,FGFR3__mutated,gene_mutation_presence,0.0642861872445792
BLCA,13,sample__native_v3_frameshift_token_count,native_frameshift,0.05898161977529526
BLCA,14,TP53__mutated,gene_mutation_presence,0.05174786746501923
BLCA,15,PCLO__mutated,gene_mutation_presence,0.0500444145873189
BLCA,16,sample__native_v3_nonsense_token_count,native_nonsense,0.04924960494972765
BLCA,17,gene__ERCC2__native_v3_missense_any,native_missense,0.04618170196190476
BLCA,18,SPTAN1__mutated,gene_mutation_presence,0.04085900904610753
BLCA,19,gene__DMD__native_v3_missense_any,native_missense,0.039535435708239676
BLCA,20,gene__ELF3__native_v3_frameshift_any,native_frameshift,0.029839325696229935
BRCA,1,gene__PIK3CA__native_v3_missense_any,native_missense,0.666133277118206
BRCA,2,sample__mutated_gene_count,base_sample_aggregate,0.44952100990340116
BRCA,3,CDH1__mutated,gene_mutation_presence,0.260501909814775
BRCA,4,MAP3K1__mutated,gene_mutation_presence,0.2596937594003975
BRCA,5,gene__CDH1__native_v3_frameshift_any,native_frameshift,0.1994999256916344
BRCA,6,sample__native_v3_no_change_token_count,native_no_change,0.19840720789507033
BRCA,7,PIK3CA__mutated,gene_mutation_presence,0.18107462376356126
BRCA,8,sample__native_v3_missense_token_count,native_missense,0.16402019932866096
BRCA,9,sample__native_v3_frameshift_token_count,native_frameshift,0.09025231020059436
BRCA,10,sample__multi_variant_gene_count,base_sample_aggregate,0.0803718812065199
BRCA,11,TP53__mutated,gene_mutation_presence,0.06605814471840858
BRCA,12,gene__MAP3K1__native_v3_frameshift_any,native_frameshift,0.053641864703968166
BRCA,13,sample__total_variant_count,base_sample_aggregate,0.05039481402491219
BRCA,14,IDH1__mutated,gene_mutation_presence,0.042044644989073274
BRCA,15,GFPT2__mutated,gene_mutation_presence,0.03776517410442466
BRCA,16,gene__CDH1__native_v3_missense_any,native_missense,0.02726497328840196
BRCA,17,gene__GATA3__native_v3_frameshift_any,native_frameshift,0.02347971387207508
BRCA,18,PTEN__mutated,gene_mutation_presence,0.020453990693204104
BRCA,19,sample__native_v3_nonsense_token_count,native_nonsense,0.019362084119347856
BRCA,20,gene__TP53__native_v3_missense_any,native_missense,0.018751126516144724
CESC,1,TP53__mutated,gene_mutation_presence,0.37725228518247605
CESC,2,sample__native_v3_frameshift_token_count,native_frameshift,0.15962721458636225
CESC,3,sample__multi_variant_gene_count,base_sample_aggregate,0.158345808647573
CESC,4,sample__native_v3_nonsense_token_count,native_nonsense,0.1441705834120512
CESC,5,sample__native_v3_no_change_token_count,native_no_change,0.1265170288272202
CESC,6,gene__MAPK1__native_v3_missense_any,native_missense,0.12574517261236906
CESC,7,sample__mutated_gene_count,base_sample_aggregate,0.10469014337286353
CESC,8,sample__total_variant_count,base_sample_aggregate,0.08114761700853705
CESC,9,gene__WIZ__native_v3_missense_any,native_missense,0.055377687234431504
CESC,10,gene__SH2B1__native_v3_missense_any,native_missense,0.05290252408012748
CESC,11,gene__PIK3CA__native_v3_missense_any,native_missense,0.04772659474983811
CESC,12,sample__native_v3_missense_token_count,native_missense,0.03312800056883134
CESC,13,MAPK1__mutated,gene_mutation_presence,0.031681833881884815
CESC,14,NFE2L2__mutated,gene_mutation_presence,0.028375958406832068
CESC,15,gene__ERBB3__native_v3_missense_any,native_missense,0.027765254105906932
CESC,16,ENO1__mutated,gene_mutation_presence,0.026466454641195014
CESC,17,gene__SPTA1__native_v3_missense_any,native_missense,0.02402568976394832
CESC,18,gene__SLC27A5__native_v3_missense_any,native_missense,0.020294235083565582
CESC,19,gene__TP53__native_v3_missense_any,native_missense,0.0190769299864769
CESC,20,gene__E2F8__native_v3_missense_any,native_missense,0.01783929157536477
COAD,1,APC__mutated,gene_mutation_presence,1.5103108167648316
COAD,2,gene__APC__native_v3_nonsense_any,native_nonsense,1.3241006493568421
COAD,3,sample__native_v3_no_change_token_count,native_no_change,0.12174623981118202
COAD,4,sample__total_variant_count,base_sample_aggregate,0.11962018227204681
COAD,5,gene__PNPT1__native_v3_missense_any,native_missense,0.10862554482882843
COAD,6,FBXW7__mutated,gene_mutation_presence,0.1078438764438033
COAD,7,sample__mutated_gene_count,base_sample_aggregate,0.09747406309470534
COAD,8,TP53__mutated,gene_mutation_presence,0.08865715523716063
COAD,9,gene__APC__native_v3_frameshift_any,native_frameshift,0.08230645954608917
COAD,10,gene__FBXW7__native_v3_missense_any,native_missense,0.07605747479829006
COAD,11,sample__native_v3_frameshift_token_count,native_frameshift,0.05837881800252944
COAD,12,sample__native_v3_missense_token_count,native_missense,0.0537750990013592
COAD,13,gene__APC__native_v3_missense_any,native_missense,0.046307435864582656
COAD,14,sample__multi_variant_gene_count,base_sample_aggregate,0.045564206567360085
COAD,15,gene__BRAF__native_v3_missense_any,native_missense,0.04005228425376117
COAD,16,CDC27__mutated,gene_mutation_presence,0.03842145836679265
COAD,17,sample__native_v3_nonsense_token_count,native_nonsense,0.03785012592561543
COAD,18,gene__ENPP2__native_v3_missense_any,native_missense,0.03403019326797221
COAD,19,gene__DLC1__native_v3_missense_any,native_missense,0.029439822456333788
COAD,20,TCF7L2__mutated,gene_mutation_presence,0.0278978839123738
DLBC,1,BTG2__mutated,gene_mutation_presence,0.5315901435911655
DLBC,2,BTG1__mutated,gene_mutation_presence,0.3927087292075157
DLBC,3,KMT2D__mutated,gene_mutation_presence,0.259977981634438
DLBC,4,sample__multi_variant_gene_count,base_sample_aggregate,0.14720754306763412
DLBC,5,sample__native_v3_no_change_token_count,native_no_change,0.14341321103274823
DLBC,6,sample__native_v3_missense_token_count,native_missense,0.1433831075206399
DLBC,7,sample__mutated_gene_count,base_sample_aggregate,0.12911555664613844
DLBC,8,sample__native_v3_nonsense_token_count,native_nonsense,0.11796095445752144
DLBC,9,TNFAIP3__mutated,gene_mutation_presence,0.11073432303965092
DLBC,10,gene__HLA-C__native_v3_missense_any,native_missense,0.09820889728143811
DLBC,11,SOCS1__mutated,gene_mutation_presence,0.0953072366770357
DLBC,12,ABCA3__mutated,gene_mutation_presence,0.09284830871038138
DLBC,13,TP53__mutated,gene_mutation_presence,0.09052037261426449
DLBC,14,sample__native_v3_frameshift_token_count,native_frameshift,0.0864759225398302
DLBC,15,B2M__mutated,gene_mutation_presence,0.07652308847755193
DLBC,16,PIM1__mutated,gene_mutation_presence,0.07374446289613842
DLBC,17,gene__MYH10__native_v3_no_change_any,native_no_change,0.07168429389130324
DLBC,18,MYC__mutated,gene_mutation_presence,0.06203274977160618
DLBC,19,gene__PIM1__native_v3_no_change_any,native_no_change,0.058006124093662945
DLBC,20,HLA-C__mutated,gene_mutation_presence,0.04206446218304336
GBMLGG,1,gene__IDH1__native_v3_missense_any,native_missense,0.7949533507227897
GBMLGG,2,PTEN__mutated,gene_mutation_presence,0.24387710615992547
GBMLGG,3,gene__EGFR__native_v3_missense_any,native_missense,0.2106358092278242
GBMLGG,4,sample__total_variant_count,base_sample_aggregate,0.17915173172950744
GBMLGG,5,IDH1__mutated,gene_mutation_presence,0.15036778766661882
GBMLGG,6,NF1__mutated,gene_mutation_presence,0.10691691730171442
GBMLGG,7,sample__mutated_gene_count,base_sample_aggregate,0.0962668851017952
GBMLGG,8,sample__native_v3_missense_token_count,native_missense,0.08795303720980882
GBMLGG,9,sample__native_v3_no_change_token_count,native_no_change,0.0531169239198789
GBMLGG,10,EGFR__mutated,gene_mutation_presence,0.05086175687611103
GBMLGG,11,IDH2__mutated,gene_mutation_presence,0.046047709928825495
GBMLGG,12,sample__native_v3_nonsense_token_count,native_nonsense,0.03095428356900811
GBMLGG,13,gene__IDH2__native_v3_missense_any,native_missense,0.029567247699014844
GBMLGG,14,SPTA1__mutated,gene_mutation_presence,0.022357074928004296
GBMLGG,15,gene__NF1__native_v3_nonsense_any,native_nonsense,0.021347625588532537
GBMLGG,16,sample__native_v3_frameshift_token_count,native_frameshift,0.021144958725199104
GBMLGG,17,gene__TP53__native_v3_missense_any,native_missense,0.021069856872782112
GBMLGG,18,IL4R__mutated,gene_mutation_presence,0.01941097548697144
GBMLGG,19,sample__multi_variant_gene_count,base_sample_aggregate,0.01726831451524049
GBMLGG,20,PIK3CG__mutated,gene_mutation_presence,0.017214432929176838
HNSC,1,TP53__mutated,gene_mutation_presence,0.4709768772125244
HNSC,2,NOTCH1__mutated,gene_mutation_presence,0.148920888453722
HNSC,3,gene__PIK3CA__native_v3_missense_any,native_missense,0.1287500117905438
HNSC,4,CDKN2A__mutated,gene_mutation_presence,0.12576379925012587
HNSC,5,sample__mutated_gene_count,base_sample_aggregate,0.12542543485760688
HNSC,6,sample__native_v3_no_change_token_count,native_no_change,0.12467042803764343
HNSC,7,sample__native_v3_missense_token_count,native_missense,0.12005655393004418
HNSC,8,gene__KMT2D__native_v3_nonsense_any,native_nonsense,0.10291041992604733
HNSC,9,gene__TP53__native_v3_frameshift_any,native_frameshift,0.10230528516694903
HNSC,10,sample__total_variant_count,base_sample_aggregate,0.07826286368072033
HNSC,11,sample__native_v3_frameshift_token_count,native_frameshift,0.06587588200345636
HNSC,12,CHST6__mutated,gene_mutation_presence,0.061301591235678646
HNSC,13,sample__multi_variant_gene_count,base_sample_aggregate,0.05517908548936248
HNSC,14,sample__native_v3_nonsense_token_count,native_nonsense,0.047387039032764734
HNSC,15,KMT2D__mutated,gene_mutation_presence,0.041361414222774326
HNSC,16,gene__CDKN2A__native_v3_nonsense_any,native_nonsense,0.041176816634833815
HNSC,17,gene__LAMA2__native_v3_missense_any,native_missense,0.03305852534249425
HNSC,18,gene__NOTCH1__native_v3_missense_any,native_missense,0.03201474361121655
HNSC,19,gene__CHST8__native_v3_missense_any,native_missense,0.029379092709859833
HNSC,20,CYLD__mutated,gene_mutation_presence,0.028930167923681437
KIPAN,1,VHL__mutated,gene_mutation_presence,1.0258023738861084
KIPAN,2,sample__native_v3_no_change_token_count,native_no_change,0.1641952648758888
KIPAN,3,TP53__mutated,gene_mutation_presence,0.16102372258901596
KIPAN,4,sample__native_v3_frameshift_token_count,native_frameshift,0.15577051918953658
KIPAN,5,sample__mutated_gene_count,base_sample_aggregate,0.10012273490428925
KIPAN,6,gene__MET__native_v3_missense_any,native_missense,0.06937432488193736
KIPAN,7,gene__VHL__native_v3_missense_any,native_missense,0.06807151637040079
KIPAN,8,sample__native_v3_missense_token_count,native_missense,0.06659175381064415
KIPAN,9,gene__MAML2__native_v3_no_change_any,native_no_change,0.0593275875900872
KIPAN,10,sample__total_variant_count,base_sample_aggregate,0.05435226485133171
KIPAN,11,MAML2__mutated,gene_mutation_presence,0.03981619766564108
KIPAN,12,gene__VHL__native_v3_nonsense_any,native_nonsense,0.03808331575710326
KIPAN,13,sample__native_v3_nonsense_token_count,native_nonsense,0.03627772331237793
KIPAN,14,gene__VHL__native_v3_frameshift_any,native_frameshift,0.03203576938249171
KIPAN,15,RYR1__mutated,gene_mutation_presence,0.02299102079923614
KIPAN,16,PABPC1__mutated,gene_mutation_presence,0.015280099399387837
KIPAN,17,KMT2D__mutated,gene_mutation_presence,0.013709786776962574
KIPAN,18,sample__multi_variant_gene_count,base_sample_aggregate,0.012675200775265693
KIPAN,19,gene__TP53__native_v3_missense_any,native_missense,0.011859188927337528
KIPAN,20,CUL3__mutated,gene_mutation_presence,0.008165360845305258
KIRC,1,VHL__mutated,gene_mutation_presence,1.3587896674871445
KIRC,2,gene__VHL__native_v3_missense_any,native_missense,0.19893853859975935
KIRC,3,sample__mutated_gene_count,base_sample_aggregate,0.16450314931571483
KIRC,4,TP53__mutated,gene_mutation_presence,0.15991442799568176
KIRC,5,sample__total_variant_count,base_sample_aggregate,0.11451723054051399
KIRC,6,sample__native_v3_frameshift_token_count,native_frameshift,0.0782146432902664
KIRC,7,sample__native_v3_no_change_token_count,native_no_change,0.05660059778019786
KIRC,8,sample__native_v3_missense_token_count,native_missense,0.0542606505099684
KIRC,9,PEG3__mutated,gene_mutation_presence,0.03239842782786582
KIRC,10,PRKCE__mutated,gene_mutation_presence,0.03160095976636512
KIRC,11,sample__native_v3_nonsense_token_count,native_nonsense,0.030982850142754613
KIRC,12,CERCAM__mutated,gene_mutation_presence,0.0309022555287811
KIRC,13,sample__multi_variant_gene_count,base_sample_aggregate,0.030147852539084852
KIRC,14,gene__VHL__native_v3_frameshift_any,native_frameshift,0.029425251577049494
KIRC,15,KRT4__mutated,gene_mutation_presence,0.020308250340167432
KIRC,16,PABPC1__mutated,gene_mutation_presence,0.019725196715444326
KIRC,17,SYNE1__mutated,gene_mutation_presence,0.018303415745322127
KIRC,18,gene__TP53__native_v3_missense_any,native_missense,0.011733595607802271
KIRC,19,PCNT__mutated,gene_mutation_presence,0.011702255060663446
KIRC,20,USP18__mutated,gene_mutation_presence,0.008536614928743802
LAML,1,sample__total_variant_count,base_sample_aggregate,0.85840377882123
LAML,2,NPM1__mutated,gene_mutation_presence,0.8402303129434585
LAML,3,sample__mutated_gene_count,base_sample_aggregate,0.6684579998254776
LAML,4,RUNX1__mutated,gene_mutation_presence,0.41564685869961976
LAML,5,IDH2__mutated,gene_mutation_presence,0.3305369421839714
LAML,6,sample__native_v3_missense_token_count,native_missense,0.22895280518569053
LAML,7,gene__IDH2__native_v3_missense_any,native_missense,0.13782346206717194
LAML,8,sample__native_v3_nonsense_token_count,native_nonsense,0.09824146279133857
LAML,9,sample__native_v3_no_change_token_count,native_no_change,0.07071720529347658
LAML,10,CEBPA__mutated,gene_mutation_presence,0.027286264183931052
LAML,11,sample__native_v3_frameshift_token_count,native_frameshift,0.020319141854997724
LAML,12,IDH1__mutated,gene_mutation_presence,0.01890165873337537
LAML,13,BRAF__mutated,gene_mutation_presence,0.015601848810911178
LAML,14,KIT__mutated,gene_mutation_presence,0.015114173898473382
LAML,15,SMC1A__mutated,gene_mutation_presence,0.011528872698545457
LAML,16,gene__NPM1__native_v3_frameshift_any,native_frameshift,0.009904798213392496
LAML,17,PTPN11__mutated,gene_mutation_presence,0.009623712906613947
LAML,18,gene__IDH1__native_v3_missense_any,native_missense,0.009569832730630879
LAML,19,VHL__mutated,gene_mutation_presence,0.008365522581152618
LAML,20,gene__CEBPA__native_v3_frameshift_any,native_frameshift,0.007889418257400393
LGG,1,gene__IDH1__native_v3_missense_any,native_missense,2.468350410461426
LGG,2,IDH1__mutated,gene_mutation_presence,0.5713935524225235
LGG,3,sample__mutated_gene_count,base_sample_aggregate,0.1139622949063778
LGG,4,sample__total_variant_count,base_sample_aggregate,0.08177899215370417
LGG,5,ATRX__mutated,gene_mutation_presence,0.07491944190114737
LGG,6,gene__NF1__native_v3_frameshift_any,native_frameshift,0.0664310228312388
LGG,7,sample__native_v3_no_change_token_count,native_no_change,0.05889309179037809
LGG,8,gene__ATRX__native_v3_frameshift_any,native_frameshift,0.04923976378049701
LGG,9,NF1__mutated,gene_mutation_presence,0.04888074410846457
LGG,10,gene__TP53__native_v3_missense_any,native_missense,0.04479193774750456
LGG,11,sample__native_v3_nonsense_token_count,native_nonsense,0.03814725548145361
LGG,12,sample__native_v3_missense_token_count,native_missense,0.03133952897042036
LGG,13,TP53__mutated,gene_mutation_presence,0.0267631062772125
LGG,14,sample__native_v3_frameshift_token_count,native_frameshift,0.02458064982201904
LGG,15,sample__multi_variant_gene_count,base_sample_aggregate,0.02182195319328457
LGG,16,NPM1__mutated,gene_mutation_presence,0.02149455640465021
LGG,17,IDH2__mutated,gene_mutation_presence,0.016242600372061135
LGG,18,gene__IDH2__native_v3_missense_any,native_missense,0.015997862350195645
LGG,19,gene__EGFR__native_v3_missense_any,native_missense,0.015468353079631925
LGG,20,RYR2__mutated,gene_mutation_presence,0.015234020858770236
LIHC,1,gene__CTNNB1__native_v3_missense_any,native_missense,0.7262005031108856
LIHC,2,sample__mutated_gene_count,base_sample_aggregate,0.33351346477866173
LIHC,3,sample__native_v3_missense_token_count,native_missense,0.16751419361680747
LIHC,4,gene__AXIN1__native_v3_frameshift_any,native_frameshift,0.15367176407016814
LIHC,5,CTNNB1__mutated,gene_mutation_presence,0.14705569287762046
LIHC,6,sample__native_v3_nonsense_token_count,native_nonsense,0.1310085080564022
LIHC,7,sample__multi_variant_gene_count,base_sample_aggregate,0.10720638893544673
LIHC,8,sample__native_v3_no_change_token_count,native_no_change,0.0767003046348691
LIHC,9,sample__total_variant_count,base_sample_aggregate,0.06515857633203267
LIHC,10,gene__SLIT3__native_v3_no_change_any,native_no_change,0.05305500493850559
LIHC,11,FASN__mutated,gene_mutation_presence,0.046755530405789614
LIHC,12,PTPRM__mutated,gene_mutation_presence,0.03832478867843747
LIHC,13,TP53__mutated,gene_mutation_presence,0.031413731072098015
LIHC,14,sample__native_v3_frameshift_token_count,native_frameshift,0.02865994577296078
LIHC,15,PTEN__mutated,gene_mutation_presence,0.027902476873714478
LIHC,16,PIK3CA__mutated,gene_mutation_presence,0.016068564285524188
LIHC,17,MKI67__mutated,gene_mutation_presence,0.01571303280652501
LIHC,18,gene__PIK3CA__native_v3_missense_any,native_missense,0.015281595569103957
LIHC,19,gene__ALMS1__native_v3_missense_any,native_missense,0.013894268381409346
LIHC,20,RYR2__mutated,gene_mutation_presence,0.011607847467530519
LUAD,1,sample__mutated_gene_count,base_sample_aggregate,0.3687712162733078
LUAD,2,sample__native_v3_frameshift_token_count,native_frameshift,0.1992324735969305
LUAD,3,gene__EGFR__native_v3_missense_any,native_missense,0.19342832094989718
LUAD,4,sample__native_v3_missense_token_count,native_missense,0.15103429183363914
LUAD,5,RYR2__mutated,gene_mutation_presence,0.1292567990720272
LUAD,6,sample__total_variant_count,base_sample_aggregate,0.10608514011837542
LUAD,7,gene__PLPPR4__native_v3_missense_any,native_missense,0.0787573765963316
LUAD,8,sample__native_v3_no_change_token_count,native_no_change,0.06374466456472874
LUAD,9,SPTA1__mutated,gene_mutation_presence,0.06371700689196587
LUAD,10,ATXN1__mutated,gene_mutation_presence,0.04752031217212789
LUAD,11,MXRA5__mutated,gene_mutation_presence,0.04159947652951814
LUAD,12,COL5A2__mutated,gene_mutation_presence,0.03869409372564405
LUAD,13,CLVS1__mutated,gene_mutation_presence,0.03520166437956505
LUAD,14,sample__multi_variant_gene_count,base_sample_aggregate,0.03471004866296425
LUAD,15,TP53__mutated,gene_mutation_presence,0.03294353513047099
LUAD,16,gene__RYR2__native_v3_missense_any,native_missense,0.027071470883674918
LUAD,17,gene__BRAF__native_v3_missense_any,native_missense,0.025466226472053675
LUAD,18,gene__PIK3CA__native_v3_missense_any,native_missense,0.021343128103762866
LUAD,19,NLRP3__mutated,gene_mutation_presence,0.0194777877535671
LUAD,20,gene__ITGAL__native_v3_missense_any,native_missense,0.018994482629932464
LUSC,1,sample__native_v3_missense_token_count,native_missense,0.5968668550252915
LUSC,2,sample__mutated_gene_count,base_sample_aggregate,0.46689031794667246
LUSC,3,sample__native_v3_frameshift_token_count,native_frameshift,0.3320324540138245
LUSC,4,TP53__mutated,gene_mutation_presence,0.23424710854887962
LUSC,5,sample__total_variant_count,base_sample_aggregate,0.16358389966189862
LUSC,6,sample__native_v3_no_change_token_count,native_no_change,0.12302261395379901
LUSC,7,gene__RYR2__native_v3_missense_any,native_missense,0.11573602799326181
LUSC,8,sample__multi_variant_gene_count,base_sample_aggregate,0.04776934868714307
LUSC,9,PKHD1__mutated,gene_mutation_presence,0.04639835129491985
LUSC,10,gene__TUBA3C__native_v3_missense_any,native_missense,0.043982301164942325
LUSC,11,RYR2__mutated,gene_mutation_presence,0.0394638117402792
LUSC,12,gene__PIK3CG__native_v3_missense_any,native_missense,0.03794154783245176
LUSC,13,gene__TP53__native_v3_missense_any,native_missense,0.03523480133735575
LUSC,14,sample__native_v3_nonsense_token_count,native_nonsense,0.034077802777756
LUSC,15,gene__NFE2L2__native_v3_missense_any,native_missense,0.03281364217400551
LUSC,16,gene__PKHD1__native_v3_missense_any,native_missense,0.031151917309034615
LUSC,17,SYNE1__mutated,gene_mutation_presence,0.031094705424038693
LUSC,18,CDKN2A__mutated,gene_mutation_presence,0.027868653740733863
LUSC,19,KMT2D__mutated,gene_mutation_presence,0.026200777146732433
LUSC,20,PCLO__mutated,gene_mutation_presence,0.025132383918389678
OV,1,TP53__mutated,gene_mutation_presence,0.8468217849731445
OV,2,sample__native_v3_no_change_token_count,native_no_change,0.1724208164960146
OV,3,sample__total_variant_count,base_sample_aggregate,0.16188416481018067
OV,4,gene__TP53__native_v3_missense_any,native_missense,0.1245516948401928
OV,5,sample__multi_variant_gene_count,base_sample_aggregate,0.11112997643649578
OV,6,EFEMP1__mutated,gene_mutation_presence,0.08962733513799322
OV,7,IDH1__mutated,gene_mutation_presence,0.05311133889481425
OV,8,PIK3CA__mutated,gene_mutation_presence,0.046812490255979354
OV,9,sample__native_v3_frameshift_token_count,native_frameshift,0.043934776028618214
OV,10,PTPRG__mutated,gene_mutation_presence,0.04284242233261466
OV,11,sample__mutated_gene_count,base_sample_aggregate,0.041652414062991736
OV,12,sample__native_v3_missense_token_count,native_missense,0.033291416428983214
OV,13,gene__AHNAK__native_v3_missense_any,native_missense,0.02324619289720431
OV,14,EGFR__mutated,gene_mutation_presence,0.018826876452658327
OV,15,CDKN2A__mutated,gene_mutation_presence,0.015933780558407308
OV,16,gene__ADCY9__native_v3_missense_any,native_missense,0.015298018220346422
OV,17,gene__IDH1__native_v3_missense_any,native_missense,0.015016614529304206
OV,18,gene__TP53__native_v3_frameshift_any,native_frameshift,0.013945950064226054
OV,19,sample__native_v3_nonsense_token_count,native_nonsense,0.013817393349017947
OV,20,KNTC1__mutated,gene_mutation_presence,0.012561989884125069
PAAD,1,TP53__mutated,gene_mutation_presence,0.6873619139194489
PAAD,2,sample__native_v3_frameshift_token_count,native_frameshift,0.2733523559756577
PAAD,3,CDKN2A__mutated,gene_mutation_presence,0.2672095995396376
PAAD,4,sample__native_v3_no_change_token_count,native_no_change,0.266466548666358
PAAD,5,sample__multi_variant_gene_count,base_sample_aggregate,0.17089860886335373
PAAD,6,sample__native_v3_missense_token_count,native_missense,0.07936114131007344
PAAD,7,sample__mutated_gene_count,base_sample_aggregate,0.07507491540163755
PAAD,8,sample__total_variant_count,base_sample_aggregate,0.054668045276775955
PAAD,9,gene__RYR1__native_v3_missense_any,native_missense,0.04580906550399959
PAAD,10,IDH1__mutated,gene_mutation_presence,0.03913905024528504
PAAD,11,AMOT__mutated,gene_mutation_presence,0.028648989112116396
PAAD,12,gene__TP53__native_v3_missense_any,native_missense,0.0268395802937448
PAAD,13,gene__TP53__native_v3_nonsense_any,native_nonsense,0.026264112384524196
PAAD,14,sample__native_v3_nonsense_token_count,native_nonsense,0.024201695900410415
PAAD,15,gene__GNAS__native_v3_missense_any,native_missense,0.016444674506783486
PAAD,16,PIK3CA__mutated,gene_mutation_presence,0.01488722525537014
PAAD,17,gene__CDKN2A__native_v3_missense_any,native_missense,0.014564244315261021
PAAD,18,gene__AMOT__native_v3_no_change_any,native_no_change,0.014247486446402035
PAAD,19,RREB1__mutated,gene_mutation_presence,0.012050423957407474
PAAD,20,STEAP3__mutated,gene_mutation_presence,0.010655334425973707
PCPG,1,sample__mutated_gene_count,base_sample_aggregate,0.596698859333992
PCPG,2,sample__total_variant_count,base_sample_aggregate,0.5373924136161804
PCPG,3,sample__native_v3_frameshift_token_count,native_frameshift,0.3195259585976601
PCPG,4,HRAS__mutated,gene_mutation_presence,0.2171473354101181
PCPG,5,sample__native_v3_missense_token_count,native_missense,0.147772394772619
PCPG,6,TP53__mutated,gene_mutation_presence,0.08348482325673104
PCPG,7,sample__native_v3_nonsense_token_count,native_nonsense,0.08051375765353441
PCPG,8,gene__HRAS__native_v3_missense_any,native_missense,0.07647908984217792
PCPG,9,gene__NCOA6__native_v3_no_change_any,native_no_change,0.06761173321865499
PCPG,10,BRAF__mutated,gene_mutation_presence,0.06353226364590228
PCPG,11,sample__native_v3_no_change_token_count,native_no_change,0.057641927525401114
PCPG,12,gene__NF1__native_v3_frameshift_any,native_frameshift,0.04835312522482127
PCPG,13,gene__CHEK2__native_v3_no_change_any,native_no_change,0.043706615432165564
PCPG,14,IDH1__mutated,gene_mutation_presence,0.03209123183041811
PCPG,15,NF1__mutated,gene_mutation_presence,0.026981322071515025
PCPG,16,gene__CHEK2__native_v3_missense_any,native_missense,0.023872433049837126
PCPG,17,NPM1__mutated,gene_mutation_presence,0.013266324042342603
PCPG,18,gene__BRAF__native_v3_missense_any,native_missense,0.013131244719261304
PCPG,19,sample__multi_variant_gene_count,base_sample_aggregate,0.010636381839867681
PCPG,20,gene__RET__native_v3_missense_any,native_missense,0.010511168371886015
PRAD,1,sample__total_variant_count,base_sample_aggregate,0.6646733343601227
PRAD,2,sample__mutated_gene_count,base_sample_aggregate,0.4091360609978437
PRAD,3,sample__native_v3_missense_token_count,native_missense,0.15504624098539352
PRAD,4,gene__SPOP__native_v3_missense_any,native_missense,0.13966723019257188
PRAD,5,SPOP__mutated,gene_mutation_presence,0.1305666606873274
PRAD,6,BRAF__mutated,gene_mutation_presence,0.0832224207231775
PRAD,7,TP53__mutated,gene_mutation_presence,0.05643480755388737
PRAD,8,sample__native_v3_no_change_token_count,native_no_change,0.053713167831301686
PRAD,9,IDH1__mutated,gene_mutation_presence,0.03842367040924728
PRAD,10,sample__native_v3_nonsense_token_count,native_nonsense,0.0344181009568274
PRAD,11,sample__multi_variant_gene_count,base_sample_aggregate,0.02686650101095438
PRAD,12,sample__native_v3_frameshift_token_count,native_frameshift,0.019706690311431886
PRAD,13,gene__IDH1__native_v3_missense_any,native_missense,0.008250616490840912
PRAD,14,gene__BRAF__native_v3_missense_any,native_missense,0.007766807213192806
PRAD,15,PCLO__mutated,gene_mutation_presence,0.007038049627954024
PRAD,16,gene__TP53__native_v3_missense_any,native_missense,0.006440324167488143
PRAD,17,SPTA1__mutated,gene_mutation_presence,0.00630659204616677
PRAD,18,PHLDB1__mutated,gene_mutation_presence,0.005153799382969737
PRAD,19,POLG2__mutated,gene_mutation_presence,0.004680560203269124
PRAD,20,gene__PLCB4__native_v3_missense_any,native_missense,0.004403574718162417
SARC,1,sample__mutated_gene_count,base_sample_aggregate,0.2551142193377018
SARC,2,sample__total_variant_count,base_sample_aggregate,0.19244446381926536
SARC,3,ATRX__mutated,gene_mutation_presence,0.16714821588248013
SARC,4,IDH1__mutated,gene_mutation_presence,0.11723294593393803
SARC,5,RB1__mutated,gene_mutation_presence,0.0897518158890307
SARC,6,sample__native_v3_missense_token_count,native_missense,0.056480707763694224
SARC,7,sample__native_v3_frameshift_token_count,native_frameshift,0.0515489109151531
SARC,8,sample__native_v3_no_change_token_count,native_no_change,0.04357713432982564
SARC,9,sample__multi_variant_gene_count,base_sample_aggregate,0.03492821889230981
SARC,10,gene__IDH1__native_v3_missense_any,native_missense,0.03163571697659791
SARC,11,gene__COL5A3__native_v3_missense_any,native_missense,0.030071681848494337
SARC,12,gene__ATRX__native_v3_frameshift_any,native_frameshift,0.028798923367867248
SARC,13,CENPE__mutated,gene_mutation_presence,0.0249084762763232
SARC,14,gene__RB1__native_v3_frameshift_any,native_frameshift,0.02362807182362303
SARC,15,gene__ATRX__native_v3_nonsense_any,native_nonsense,0.015564139233902097
SARC,16,CACNA1A__mutated,gene_mutation_presence,0.01552215693081962
SARC,17,sample__native_v3_nonsense_token_count,native_nonsense,0.015296013781335206
SARC,18,gene__CHAF1A__native_v3_missense_any,native_missense,0.015290438785450533
SARC,19,TP53__mutated,gene_mutation_presence,0.013723355432739481
SARC,20,gene__TP53__native_v3_missense_any,native_missense,0.008519519793480868
SKCM,1,gene__BRAF__native_v3_missense_any,native_missense,1.3537007719278336
SKCM,2,sample__native_v3_no_change_token_count,native_no_change,0.7962754398584366
SKCM,3,sample__mutated_gene_count,base_sample_aggregate,0.21235176250338555
SKCM,4,TP53__mutated,gene_mutation_presence,0.1881367266178131
SKCM,5,BRAF__mutated,gene_mutation_presence,0.17388467602431773
SKCM,6,sample__native_v3_frameshift_token_count,native_frameshift,0.17171580693684518
SKCM,7,DPYD__mutated,gene_mutation_presence,0.08925832309760154
SKCM,8,SCN10A__mutated,gene_mutation_presence,0.08615671284496784
SKCM,9,sample__total_variant_count,base_sample_aggregate,0.06935711419209838
SKCM,10,PCLO__mutated,gene_mutation_presence,0.06833457322791218
SKCM,11,sample__native_v3_nonsense_token_count,native_nonsense,0.0595835707616061
SKCM,12,sample__native_v3_missense_token_count,native_missense,0.05741860576672479
SKCM,13,gene__SYNGR1__native_v3_no_change_any,native_no_change,0.054033550713211295
SKCM,14,MYH4__mutated,gene_mutation_presence,0.05365179674699903
SKCM,15,MXRA5__mutated,gene_mutation_presence,0.05040507051162422
SKCM,16,gene__PIK3CA__native_v3_missense_any,native_missense,0.04846781031228602
SKCM,17,gene__KRT5__native_v3_missense_any,native_missense,0.0335460258735111
SKCM,18,PIK3CA__mutated,gene_mutation_presence,0.03264812626875937
SKCM,19,EIF2AK3__mutated,gene_mutation_presence,0.031138096531503835
SKCM,20,KRT5__mutated,gene_mutation_presence,0.03088574879511725
STES,1,sample__native_v3_frameshift_token_count,native_frameshift,0.5740463085472584
STES,2,sample__mutated_gene_count,base_sample_aggregate,0.31268335119821133
STES,3,sample__native_v3_missense_token_count,native_missense,0.1997898044064641
STES,4,TP53__mutated,gene_mutation_presence,0.18976192325353622
STES,5,sample__native_v3_no_change_token_count,native_no_change,0.13208473306149243
STES,6,sample__total_variant_count,base_sample_aggregate,0.10274987174198032
STES,7,sample__native_v3_nonsense_token_count,native_nonsense,0.07757471101358533
STES,8,COL12A1__mutated,gene_mutation_presence,0.0697719001211226
STES,9,gene__CDH1__native_v3_missense_any,native_missense,0.05354843868408352
STES,10,RTN1__mutated,gene_mutation_presence,0.041070252959616485
STES,11,TCHH__mutated,gene_mutation_presence,0.03938325067283586
STES,12,DCC__mutated,gene_mutation_presence,0.03652237919159233
STES,13,CDH1__mutated,gene_mutation_presence,0.03472608446609229
STES,14,TG__mutated,gene_mutation_presence,0.03206382444768678
STES,15,LAMA1__mutated,gene_mutation_presence,0.024790591828059406
STES,16,gene__TP53__native_v3_missense_any,native_missense,0.023586402414366603
STES,17,sample__multi_variant_gene_count,base_sample_aggregate,0.023403234197758138
STES,18,gene__RTN1__native_v3_no_change_any,native_no_change,0.021781948395073414
STES,19,SYNE1__mutated,gene_mutation_presence,0.02114904865156859
STES,20,PTPRD__mutated,gene_mutation_presence,0.019481645571067928
TGCT,1,gene__KIT__native_v3_missense_any,native_missense,0.5906257282942533
TGCT,2,sample__mutated_gene_count,base_sample_aggregate,0.3920848354697227
TGCT,3,sample__native_v3_missense_token_count,native_missense,0.21672825329005718
TGCT,4,TP53__mutated,gene_mutation_presence,0.21258688271045684
TGCT,5,sample__total_variant_count,base_sample_aggregate,0.20361205395311116
TGCT,6,sample__native_v3_no_change_token_count,native_no_change,0.18164684809744358
TGCT,7,sample__native_v3_frameshift_token_count,native_frameshift,0.15172913782298564
TGCT,8,BMP2K__mutated,gene_mutation_presence,0.12980518378317357
TGCT,9,KIT__mutated,gene_mutation_presence,0.08676726657431573
TGCT,10,sample__multi_variant_gene_count,base_sample_aggregate,0.08284203354269266
TGCT,11,gene__SLC27A1__native_v3_no_change_any,native_no_change,0.06378502110019327
TGCT,12,CELSR1__mutated,gene_mutation_presence,0.044864563143346456
TGCT,13,sample__native_v3_nonsense_token_count,native_nonsense,0.026236480983789078
TGCT,14,NCOR2__mutated,gene_mutation_presence,0.020905366353690624
TGCT,15,PKD1__mutated,gene_mutation_presence,0.02051673873793334
TGCT,16,gene__NCOR2__native_v3_no_change_any,native_no_change,0.018213914707303047
TGCT,17,gene__CELSR1__native_v3_missense_any,native_missense,0.015513595315860584
TGCT,18,gene__AGRN__native_v3_missense_any,native_missense,0.015126350068021566
TGCT,19,CDC27__mutated,gene_mutation_presence,0.012696168292313815
TGCT,20,PLEC__mutated,gene_mutation_presence,0.01201640756917186
THCA,1,gene__BRAF__native_v3_missense_any,native_missense,0.985490819811821
THCA,2,BRAF__mutated,gene_mutation_presence,0.824354949593544
THCA,3,sample__mutated_gene_count,base_sample_aggregate,0.585932121425867
THCA,4,sample__total_variant_count,base_sample_aggregate,0.47269000560045243
THCA,5,TG__mutated,gene_mutation_presence,0.16550863664597273
THCA,6,sample__native_v3_missense_token_count,native_missense,0.1621659066528082
THCA,7,sample__native_v3_nonsense_token_count,native_nonsense,0.14398459773510694
THCA,8,sample__native_v3_no_change_token_count,native_no_change,0.10026682773604989
THCA,9,sample__native_v3_frameshift_token_count,native_frameshift,0.06266426481306553
THCA,10,HRAS__mutated,gene_mutation_presence,0.05744792865589261
THCA,11,TP53__mutated,gene_mutation_presence,0.049834955111145975
THCA,12,sample__multi_variant_gene_count,base_sample_aggregate,0.038380060828058046
THCA,13,gene__ENPP2__native_v3_missense_any,native_missense,0.01480195186450146
THCA,14,IDH1__mutated,gene_mutation_presence,0.01439749551936984
THCA,15,gene__TG__native_v3_missense_any,native_missense,0.00962070428795414
THCA,16,gene__HRAS__native_v3_missense_any,native_missense,0.009377055917866528
THCA,17,gene__TP53__native_v3_missense_any,native_missense,0.004778297402663156
THCA,18,NPM1__mutated,gene_mutation_presence,0.003521284379530698
THCA,19,gene__COL5A3__native_v3_missense_any,native_missense,0.0031112167052924633
THCA,20,gene__IDH1__native_v3_missense_any,native_missense,0.0027462120866402983
THYM,1,sample__total_variant_count,base_sample_aggregate,0.7816211007535457
THYM,2,sample__mutated_gene_count,base_sample_aggregate,0.38656785935163496
THYM,3,sample__native_v3_missense_token_count,native_missense,0.17327642142772676
THYM,4,sample__native_v3_frameshift_token_count,native_frameshift,0.1615927228704095
THYM,5,sample__native_v3_no_change_token_count,native_no_change,0.1551605775952339
THYM,6,HRAS__mutated,gene_mutation_presence,0.05086770039051771
THYM,7,sample__native_v3_nonsense_token_count,native_nonsense,0.03499068892560899
THYM,8,gene__HRAS__native_v3_missense_any,native_missense,0.0346053252927959
THYM,9,BRAF__mutated,gene_mutation_presence,0.024832728132605553
THYM,10,TP53__mutated,gene_mutation_presence,0.02435513725504279
THYM,11,gene__PCLO__native_v3_missense_any,native_missense,0.02386901540448889
THYM,12,IDH1__mutated,gene_mutation_presence,0.020669551379978657
THYM,13,sample__multi_variant_gene_count,base_sample_aggregate,0.01868320074863732
THYM,14,PLXNB2__mutated,gene_mutation_presence,0.012732234317809343
THYM,15,PCLO__mutated,gene_mutation_presence,0.009175683720968664
THYM,16,VHL__mutated,gene_mutation_presence,0.007833789545111358
THYM,17,gene__IDH1__native_v3_missense_any,native_missense,0.007221866003237665
THYM,18,LGALS3BP__mutated,gene_mutation_presence,0.006921751314075663
THYM,19,NR1I2__mutated,gene_mutation_presence,0.006824367633089423
THYM,20,CYLD__mutated,gene_mutation_presence,0.006072154990397394
UCEC,1,PTEN__mutated,gene_mutation_presence,0.9470658838748932
UCEC,2,gene__CTNNB1__native_v3_missense_any,native_missense,0.6460048221051693
UCEC,3,gene__PIK3CA__native_v3_missense_any,native_missense,0.4934371031820774
UCEC,4,PIK3CA__mutated,gene_mutation_presence,0.3200884062796831
UCEC,5,CTNNB1__mutated,gene_mutation_presence,0.28109515085816383
UCEC,6,CTCF__mutated,gene_mutation_presence,0.1640688474290073
UCEC,7,sample__total_variant_count,base_sample_aggregate,0.16003287732601165
UCEC,8,sample__mutated_gene_count,base_sample_aggregate,0.15046163694933057
UCEC,9,gene__PTEN__native_v3_missense_any,native_missense,0.14333503786474466
UCEC,10,gene__TP53__native_v3_missense_any,native_missense,0.09870170601643621
UCEC,11,TP53__mutated,gene_mutation_presence,0.06954489424824714
UCEC,12,gene__FBXW7__native_v3_missense_any,native_missense,0.06572597902268171
UCEC,13,sample__native_v3_frameshift_token_count,native_frameshift,0.06501219808124006
UCEC,14,gene__NFASC__native_v3_missense_any,native_missense,0.06283080908324337
UCEC,15,gene__NSDHL__native_v3_missense_any,native_missense,0.05742876846343279
UCEC,16,sample__native_v3_missense_token_count,native_missense,0.05398685336112976
UCEC,17,sample__multi_variant_gene_count,base_sample_aggregate,0.05322371122310869
UCEC,18,ARID5B__mutated,gene_mutation_presence,0.04991235656198114
UCEC,19,MKI67__mutated,gene_mutation_presence,0.04756940279621631
UCEC,20,sample__native_v3_no_change_token_count,native_no_change,0.045272619416937235
